#
# A fatal error has been detected by the Java Runtime Environment:
#
#  EXCEPTION_ACCESS_VIOLATION (0xc0000005) at pc=0x00007ffb8303cec2, pid=7692, tid=14192
#
# JRE version: OpenJDK Runtime Environment (17.0.10) (build 17.0.10+0--11609105)
# Java VM: OpenJDK 64-Bit Server VM (17.0.10+0--11609105, mixed mode, tiered, compressed oops, compressed class ptrs, g1 gc, windows-amd64)
# Problematic frame:
# V  [jvm.dll+0x2dcec2]
#
# No core dump will be written. Minidumps are not enabled by default on client versions of Windows
#
# If you would like to submit a bug report, please visit:
#   https://bugreport.java.com/bugreport/crash.jsp
#

---------------  S U M M A R Y ------------

Command Line: --add-opens=java.base/java.util=ALL-UNNAMED --add-opens=java.base/java.lang=ALL-UNNAMED --add-opens=java.base/java.lang.invoke=ALL-UNNAMED --add-opens=java.prefs/java.util.prefs=ALL-UNNAMED --add-opens=java.base/java.nio.charset=ALL-UNNAMED --add-opens=java.base/java.net=ALL-UNNAMED --add-opens=java.base/java.util.concurrent.atomic=ALL-UNNAMED -Xmx2048m -Dfile.encoding=UTF-8 -Duser.country=US -Duser.language=en -Duser.variant -javaagent:C:\Users\Hp\.gradle\wrapper\dists\gradle-8.7-bin\bhs2wmbdwecv87pi65oeuq5iu\gradle-8.7\lib\agents\gradle-instrumentation-agent-8.7.jar org.gradle.launcher.daemon.bootstrap.GradleDaemon 8.7

Host: Intel(R) Core(TM) i5-6500 CPU @ 3.20GHz, 4 cores, 15G,  Windows 10 , 64 bit Build 19041 (10.0.19041.5438)
Time: Mon Mar 17 10:34:28 2025 Pakistan Standard Time elapsed time: 291.695135 seconds (0d 0h 4m 51s)

---------------  T H R E A D  ---------------

Current thread (0x000002085119c8b0):  ConcurrentGCThread "G1 Conc#0" [stack: 0x00000045e9500000,0x00000045e9600000] [id=14192]

Stack: [0x00000045e9500000,0x00000045e9600000],  sp=0x00000045e95ff560,  free space=1021k
Native frames: (J=compiled Java code, j=interpreted, Vv=VM code, C=native code)
V  [jvm.dll+0x2dcec2]
V  [jvm.dll+0x2dcc0f]
V  [jvm.dll+0x2dae3d]
V  [jvm.dll+0x2daa81]
V  [jvm.dll+0x2f07be]
V  [jvm.dll+0x2ecf31]
V  [jvm.dll+0x2ee88c]
V  [jvm.dll+0x2ed864]
V  [jvm.dll+0x2f13c6]
V  [jvm.dll+0x86fecb]
V  [jvm.dll+0x86ff16]
V  [jvm.dll+0x7f0c7a]
V  [jvm.dll+0x687c65]
C  [ucrtbase.dll+0x21bb2]
C  [KERNEL32.DLL+0x17374]
C  [ntdll.dll+0x4cc91]


siginfo: EXCEPTION_ACCESS_VIOLATION (0xc0000005), reading address 0x00000000000000c8


Registers:
RAX=0x0000020851158780, RBX=0x00000208511a1460, RCX=0x0000000000000014, RDX=0x0000000000000000
RSP=0x00000045e95ff560, RBP=0x0000000000000000, RSI=0x000002085118aea0, RDI=0x0000000000080000
R8 =0x0000000000080000, R9 =0x0000000000000000, R10=0x0000000000000063, R11=0x0000000000000002
R12=0x0000000000000000, R13=0xaaaaaaaaaaaaaaab, R14=0x000000010004a798, R15=0x00000000863fe4e8
RIP=0x00007ffb8303cec2, EFLAGS=0x0000000000010247


Register to memory mapping:

RIP=0x00007ffb8303cec2 jvm.dll
RAX=0x0000020851158780 points into unknown readable memory: 0x0000000000000000 | 00 00 00 00 00 00 00 00
RBX=0x00000208511a1460 points into unknown readable memory: 0x00007ffb836c2f38 | 38 2f 6c 83 fb 7f 00 00
RCX=0x0000000000000014 is an unknown value
RDX=0x0 is NULL
RSP=0x00000045e95ff560 points into unknown readable memory: 0x000002086a5bfc30 | 30 fc 5b 6a 08 02 00 00
RBP=0x0 is NULL
RSI=0x000002085118aea0 points into unknown readable memory: 0x000002085119b7e0 | e0 b7 19 51 08 02 00 00
RDI=0x0000000000080000 is an unknown value
R8 =0x0000000000080000 is an unknown value
R9 =0x0 is NULL
R10=0x0000000000000063 is an unknown value
R11=0x0000000000000002 is an unknown value
R12=0x0 is NULL
R13=0xaaaaaaaaaaaaaaab is an unknown value
R14=0x000000010004a798 is a pointer to class: 
java.lang.reflect.Constructor {0x000000010004a7a0}
 - instance size:     9
 - klass size:        143
 - access:            public final synchronized 
 - state:             fully_initialized
 - name:              'java/lang/reflect/Constructor'
 - super:             'java/lang/reflect/Executable'
 - sub:               
 - arrays:            'java/lang/reflect/Constructor'[]
 - methods:           Array<T>(0x000002086b075440)
 - method ordering:   Array<T>(0x000002086b000018)
 - default_methods:   Array<T>(0x0000000000000000)
 - local interfaces:  Array<T>(0x000002086b000058)
 - trans. interfaces: Array<T>(0x000002086b074330)
 - constants:         constant pool [429] {0x000002086b074510} for 'java/lang/reflect/Constructor' cache=0x000002086b3f5658
 - class loader data:  loader data: 0x000002086a5d1e70 of 'bootstrap'
 - source file:       'Constructor.java'
 - class annotations:       Array<T>(0x0000000000000000)
 - class type annotations:  Array<T>(0x0000000000000000)
 - field annotations:       Array<T>(0x0000000000000000)
 - field type annotations:  Array<T>(0x0000000000000000)
 - generic signature: '<T:Ljava/lang/Object;>Ljava/lang/reflect/Executable;'
 - inner classes:     Array<T>(0x000002086b077a28)
 - nest members:     Array<T>(0x000002086b000028)
 - permitted subclasses:     Array<T>(0x000002086b000028)
 - java mirror:       a 'java/lang/Class'{0x0000000080701f60} = 'java/lang/reflect/Constructor'
 - vtable length      56  (start addr: 0x000000010004a988)
 - itable length      23 (start addr: 0x000000010004ab48)
 - ---- static fields (0 words):
 - ---- non-static fields (15 words):
 - 'override' 'Z' @12 
 - volatile 'accessCheckCache' 'Ljava/lang/Object;' @16 
 - private volatile transient 'hasRealParameterData' 'Z' @13 
 - private volatile transient 'parameters' '[Ljava/lang/reflect/Parameter;' @20 
 - private volatile transient 'declaredAnnotations' 'Ljava/util/Map;' @24 
 - private 'slot' 'I' @28 
 - private 'modifiers' 'I' @32 
 - private 'clazz' 'Ljava/lang/Class;' @36 
 - private 'parameterTypes' '[Ljava/lang/Class;' @40 
 - private 'exceptionTypes' '[Ljava/lang/Class;' @44 
 - private transient 'signature' 'Ljava/lang/String;' @48 
 - private transient 'genericInfo' 'Lsun/reflect/generics/repository/ConstructorRepository;' @52 
 - private 'annotations' '[B' @56 
 - private 'parameterAnnotations' '[B' @60 
 - private volatile 'constructorAccessor' 'Ljdk/internal/reflect/ConstructorAccessor;' @64 
 - private 'root' 'Ljava/lang/reflect/Constructor;' @68 
 - non-static oop maps: 16-24 36-68 
R15=0x00000000863fe4e8 is an oop: java.lang.reflect.Method 
{0x00000000863fe4e8} - klass: 'java/lang/reflect/Method'
 - ---- fields (total size 11 words):
 - 'override' 'Z' @12  false
 - volatile 'accessCheckCache' 'Ljava/lang/Object;' @16  NULL (0)
 - private volatile transient 'hasRealParameterData' 'Z' @13  false
 - private volatile transient 'parameters' '[Ljava/lang/reflect/Parameter;' @20  NULL (0)
 - private volatile transient 'declaredAnnotations' 'Ljava/util/Map;' @24  a 'java/util/Collections$EmptyMap'{0x00000000801fc7e0} (801fc7e0)
 - private 'slot' 'I' @28  4
 - private synchronized 'modifiers' 'I' @32  1
 - private synchronized 'clazz' 'Ljava/lang/Class;' @36  a 'java/lang/Class'{0x0000000081047d98} = 'com/google/common/collect/RegularImmutableMap' (81047d98)
 - private 'name' 'Ljava/lang/String;' @40  "size"{0x000000008073c6d0} (8073c6d0)
 - private 'returnType' 'Ljava/lang/Class;' @44  a 'java/lang/Class'{0x00000000801113b8} = int (801113b8)
 - private 'parameterTypes' '[Ljava/lang/Class;' @48  a 'java/lang/Class'[0] {0x00000000863fe540} (863fe540)
 - private 'exceptionTypes' '[Ljava/lang/Class;' @52  a 'java/lang/Class'[0] {0x0000000080111550} (80111550)
 - private transient 'signature' 'Ljava/lang/String;' @56  NULL (0)
 - private transient 'genericInfo' 'Lsun/reflect/generics/repository/MethodRepository;' @60  NULL (0)
 - private 'annotations' '[B' @64  NULL (0)
 - private 'parameterAnnotations' '[B' @68  
[error occurred during error reporting (printing register info), id 0xc0000005, EXCEPTION_ACCESS_VIOLATION (0xc0000005) at pc=0x00007ffb830f990e]

Top of Stack: (sp=0x00000045e95ff560)
0x00000045e95ff560:   000002086a5bfc30 00007ffb8303cef4
0x00000045e95ff570:   00000208511a1460 00000045e95ff730
0x00000045e95ff580:   0000000000080000 00007ffb8303cc0f
0x00000045e95ff590:   00000208511a1460 00000045e95ff730
0x00000045e95ff5a0:   000000010004a790 00000045e95ff730
0x00000045e95ff5b0:   00000000863fe53c 00007ffb8303ae3d
0x00000045e95ff5c0:   00000000863fe52c 00007ffb8303b45d
0x00000045e95ff5d0:   00000000863fe488 0000000100046ed0
0x00000045e95ff5e0:   00000045e95ff6f0 0000000000000001
0x00000045e95ff5f0:   00000000863fe4e8 00007ffb8303aa81
0x00000045e95ff600:   000000010004a320 000000000000000b
0x00000045e95ff610:   00000045e95ff730 00000000863fcfc8
0x00000045e95ff620:   00000208511a1460 00007ffb830507be
0x00000045e95ff630:   00000000863fe4e8 000002085118aef0
0x00000045e95ff640:   00000045e95ff6f0 000002085118aef0
0x00000045e95ff650:   00000000863fe4e8 00007ffb8304cf31
0x00000045e95ff660:   0000000000c7fc9d 0000000000000000
0x00000045e95ff670:   000000008638a320 00007ffb8304e494
0x00000045e95ff680:   0000000000c80000 00007ffb8304e88c
0x00000045e95ff690:   00000000863fe4a8 0000000000c7fc9d
0x00000045e95ff6a0:   00000000013d18c2 000000000004c4b4
0x00000045e95ff6b0:   0000000000000000 0000000000000001
0x00000045e95ff6c0:   00000208511a1460 00007ffb8304d864
0x00000045e95ff6d0:   0000000000000555 0000000000000000
0x00000045e95ff6e0:   00000045e94ff401 0000000000000000
0x00000045e95ff6f0:   000002085118aea0 00000208511a1460
0x00000045e95ff700:   0000000086300000 0000000000020000
0x00000045e95ff710:   0000000086300000 0000000000020000
0x00000045e95ff720:   000000000004c4b4 0000000001312d00
0x00000045e95ff730:   00007ffb836c2f58 000002086a5bfc30
0x00000045e95ff740:   0000000000000003 000002085113f860
0x00000045e95ff750:   00000208511a1460 00007ffb833b91f3 

Instructions: (pc=0x00007ffb8303cec2)
0x00007ffb8303cdc2:   48 3b c8 75 ee 32 db 48 8b 6c 24 38 0f b6 c3 48
0x00007ffb8303cdd2:   8b 5c 24 30 48 8b 74 24 40 48 83 c4 20 5f c3 80
0x00007ffb8303cde2:   3d 31 6a 8b 00 00 b3 01 74 15 8b 57 08 8b 0d 13
0x00007ffb8303cdf2:   a5 84 00 48 d3 e2 48 03 15 01 a5 84 00 eb 04 48
0x00007ffb8303ce02:   8b 57 08 48 8b cf e8 63 fd d2 ff 4c 63 d8 48 8b
0x00007ffb8303ce12:   86 08 03 00 00 4c 8b 04 e8 49 8b 40 18 8b 88 c0
0x00007ffb8303ce22:   01 00 00 48 8b 90 b8 01 00 00 48 d3 e2 8b 0d eb
0x00007ffb8303ce32:   72 8b 00 48 2b fa 41 8b 50 60 48 d3 ef 44 8b d7
0x00007ffb8303ce42:   49 23 d2 48 c1 e2 04 49 03 50 40 8b 02 3b c7 74
0x00007ffb8303ce52:   2d 4c 8b 4a 08 4d 85 c9 74 0c 8b c8 49 8b 40 38
0x00007ffb8303ce62:   f0 4c 0f c1 0c c8 48 c7 42 08 00 00 00 00 44 89
0x00007ffb8303ce72:   12 49 ff 40 58 4c 01 5a 08 e9 49 ff ff ff 49 ff
0x00007ffb8303ce82:   40 50 4c 01 5a 08 e9 3c ff ff ff cc cc cc 48 89
0x00007ffb8303ce92:   6c 24 10 48 89 74 24 18 57 48 83 ec 20 48 8b 41
0x00007ffb8303cea2:   08 48 8b f1 4d 8b c8 8b ea 49 8b f8 8b 88 c0 01
0x00007ffb8303ceb2:   00 00 48 8b 80 b0 01 00 00 49 d3 e9 4e 8b 0c c8
0x00007ffb8303cec2:   4d 3b 81 c8 00 00 00 72 12 32 c0 48 8b 6c 24 38
0x00007ffb8303ced2:   48 8b 74 24 40 48 83 c4 20 5f c3 48 89 5c 24 30
0x00007ffb8303cee2:   48 8b d7 48 8b 9e 98 00 00 00 48 8b cb 48 8b 03
0x00007ffb8303cef2:   ff 10 8b 4b 18 48 8b d7 48 2b 53 08 48 8b 43 20
0x00007ffb8303cf02:   48 c1 ea 03 48 d3 ea 48 8b ca 48 c1 e9 06 4c 8d
0x00007ffb8303cf12:   04 c8 0f b6 ca 49 8b 00 80 e1 3f ba 01 00 00 00
0x00007ffb8303cf22:   48 d3 e2 48 8b c8 48 0b ca 48 3b c8 74 12 f0 49
0x00007ffb8303cf32:   0f b1 08 74 25 48 8b c8 48 0b ca 48 3b c8 75 ee
0x00007ffb8303cf42:   32 db 48 8b 6c 24 38 0f b6 c3 48 8b 5c 24 30 48
0x00007ffb8303cf52:   8b 74 24 40 48 83 c4 20 5f c3 80 3d b6 68 8b 00
0x00007ffb8303cf62:   00 b3 01 74 15 8b 57 08 8b 0d 98 a3 84 00 48 d3
0x00007ffb8303cf72:   e2 48 03 15 86 a3 84 00 eb 04 48 8b 57 08 48 8b
0x00007ffb8303cf82:   cf e8 e8 fb d2 ff 4c 63 d8 48 8b 86 08 03 00 00
0x00007ffb8303cf92:   4c 8b 04 e8 49 8b 40 18 8b 88 c0 01 00 00 48 8b
0x00007ffb8303cfa2:   90 b8 01 00 00 48 d3 e2 8b 0d 70 71 8b 00 48 2b
0x00007ffb8303cfb2:   fa 41 8b 50 60 48 d3 ef 44 8b d7 49 23 d2 48 c1 


Stack slot to memory mapping:
stack at sp + 0 slots: 0x000002086a5bfc30 points into unknown readable memory: 0x00007ffb83721630 | 30 16 72 83 fb 7f 00 00
stack at sp + 1 slots: 0x00007ffb8303cef4 jvm.dll
stack at sp + 2 slots: 0x00000208511a1460 points into unknown readable memory: 0x00007ffb836c2f38 | 38 2f 6c 83 fb 7f 00 00
stack at sp + 3 slots: 0x00000045e95ff730 points into unknown readable memory: 0x00007ffb836c2f58 | 58 2f 6c 83 fb 7f 00 00
stack at sp + 4 slots: 0x0000000000080000 is an unknown value
stack at sp + 5 slots: 0x00007ffb8303cc0f jvm.dll
stack at sp + 6 slots: 0x00000208511a1460 points into unknown readable memory: 0x00007ffb836c2f38 | 38 2f 6c 83 fb 7f 00 00
stack at sp + 7 slots: 0x00000045e95ff730 points into unknown readable memory: 0x00007ffb836c2f58 | 58 2f 6c 83 fb 7f 00 00


---------------  P R O C E S S  ---------------

Threads class SMR info:
_java_thread_list=0x000002087a5563b0, length=73, elements={
0x000002085112d430, 0x000002086a73eab0, 0x000002086a89b900, 0x000002086a8e18e0,
0x000002086a8e42c0, 0x000002086a8e4b90, 0x000002086a8e5460, 0x000002086a8ee120,
0x000002086a8f3ff0, 0x000002086a8f50e0, 0x000002086a9d5e50, 0x000002086ab4a650,
0x0000020870124490, 0x0000020870e75ad0, 0x0000020870219160, 0x000002086f9fcd50,
0x000002086f9fc330, 0x000002086f9fd260, 0x00000208714c9ff0, 0x00000208714c90c0,
0x00000208714c86a0, 0x0000020872074400, 0x00000208726354a0, 0x0000020870780880,
0x000002087077f440, 0x0000020870782bf0, 0x0000020870783610, 0x000002087077e510,
0x00000208707817b0, 0x000002087077fe60, 0x0000020870781cc0, 0x0000020870784540,
0x0000020870780370, 0x00000208707826e0, 0x0000020870783b20, 0x0000020870784a50,
0x000002087077daf0, 0x0000020874cd0930, 0x0000020874cd1860, 0x0000020874cd1350,
0x0000020874ccf4f0, 0x0000020874cd0420, 0x0000020874cd45f0, 0x0000020874cce0b0,
0x0000020874cd2280, 0x0000020874cd36c0, 0x0000020874cd2790, 0x0000020874cd3bd0,
0x0000020874cd0e40, 0x0000020874ccfa00, 0x0000020874cd2ca0, 0x0000020874cd40e0,
0x0000020874ccefe0, 0x0000020874cd5520, 0x0000020874cd5a30, 0x0000020874cce5c0,
0x0000020874ccff10, 0x00000208726359b0, 0x0000020872635ec0, 0x00000208726363d0,
0x0000020872634570, 0x00000208726368e0, 0x000002087263afc0, 0x0000020872637300,
0x0000020872638740, 0x0000020872637d20, 0x0000020872637810, 0x000002087263b4d0,
0x0000020872638c50, 0x0000020872639160, 0x0000020872639670, 0x000002087263a5a0,
0x0000020879b3bb90
}

Java Threads: ( => current thread )
  0x000002085112d430 JavaThread "main" [_thread_blocked, id=9452, stack(0x00000045e9200000,0x00000045e9300000)]
  0x000002086a73eab0 JavaThread "Reference Handler" daemon [_thread_blocked, id=10896, stack(0x00000045e9900000,0x00000045e9a00000)]
  0x000002086a89b900 JavaThread "Finalizer" daemon [_thread_blocked, id=14644, stack(0x00000045e9a00000,0x00000045e9b00000)]
  0x000002086a8e18e0 JavaThread "Signal Dispatcher" daemon [_thread_blocked, id=7108, stack(0x00000045e9b00000,0x00000045e9c00000)]
  0x000002086a8e42c0 JavaThread "Attach Listener" daemon [_thread_blocked, id=13780, stack(0x00000045e9c00000,0x00000045e9d00000)]
  0x000002086a8e4b90 JavaThread "Service Thread" daemon [_thread_blocked, id=6576, stack(0x00000045e9d00000,0x00000045e9e00000)]
  0x000002086a8e5460 JavaThread "Monitor Deflation Thread" daemon [_thread_blocked, id=17200, stack(0x00000045e9e00000,0x00000045e9f00000)]
  0x000002086a8ee120 JavaThread "C2 CompilerThread0" daemon [_thread_blocked, id=8684, stack(0x00000045e9f00000,0x00000045ea000000)]
  0x000002086a8f3ff0 JavaThread "C1 CompilerThread0" daemon [_thread_blocked, id=7752, stack(0x00000045ea000000,0x00000045ea100000)]
  0x000002086a8f50e0 JavaThread "Sweeper thread" daemon [_thread_blocked, id=2008, stack(0x00000045ea100000,0x00000045ea200000)]
  0x000002086a9d5e50 JavaThread "Common-Cleaner" daemon [_thread_blocked, id=17088, stack(0x00000045ea200000,0x00000045ea300000)]
  0x000002086ab4a650 JavaThread "Notification Thread" daemon [_thread_blocked, id=15760, stack(0x00000045ea300000,0x00000045ea400000)]
  0x0000020870124490 JavaThread "Daemon health stats" [_thread_blocked, id=17300, stack(0x00000045ea900000,0x00000045eaa00000)]
  0x0000020870e75ad0 JavaThread "Incoming local TCP Connector on port 58009" [_thread_in_native, id=18336, stack(0x00000045eaa00000,0x00000045eab00000)]
  0x0000020870219160 JavaThread "Daemon periodic checks" [_thread_blocked, id=1180, stack(0x00000045eab00000,0x00000045eac00000)]
  0x000002086f9fcd50 JavaThread "Cache worker for journal cache (C:\Users\Hp\.gradle\caches\journal-1)" [_thread_blocked, id=15480, stack(0x00000045ea500000,0x00000045ea600000)]
  0x000002086f9fc330 JavaThread "File lock request listener" [_thread_in_native, id=6888, stack(0x00000045eb300000,0x00000045eb400000)]
  0x000002086f9fd260 JavaThread "Cache worker for file hash cache (C:\Users\Hp\.gradle\caches\8.7\fileHashes)" [_thread_blocked, id=14348, stack(0x00000045eb500000,0x00000045eb600000)]
  0x00000208714c9ff0 JavaThread "File watcher server" daemon [_thread_in_native, id=5188, stack(0x00000045eb700000,0x00000045eb800000)]
  0x00000208714c90c0 JavaThread "File watcher consumer" daemon [_thread_blocked, id=10288, stack(0x00000045eb800000,0x00000045eb900000)]
  0x00000208714c86a0 JavaThread "Cache worker for file content cache (C:\Users\Hp\.gradle\caches\8.7\fileContent)" [_thread_blocked, id=17880, stack(0x00000045ebc00000,0x00000045ebd00000)]
  0x0000020872074400 JavaThread "Memory manager" [_thread_blocked, id=9288, stack(0x00000045ec500000,0x00000045ec600000)]
  0x00000208726354a0 JavaThread "RMI Scheduler(0)" daemon [_thread_blocked, id=12060, stack(0x00000045ef500000,0x00000045ef600000)]
  0x0000020870780880 JavaThread "RMI GC Daemon" daemon [_thread_blocked, id=2680, stack(0x00000045ef700000,0x00000045ef800000)]
  0x000002087077f440 JavaThread "RMI TCP Accept-0" daemon [_thread_in_native, id=13464, stack(0x00000045ef800000,0x00000045ef900000)]
  0x0000020870782bf0 JavaThread "RMI Reaper" [_thread_blocked, id=9808, stack(0x00000045ef900000,0x00000045efa00000)]
  0x0000020870783610 JavaThread "Cache worker for Java compile cache (C:\Users\Hp\.gradle\caches\8.7\javaCompile)" [_thread_blocked, id=15516, stack(0x00000045e9000000,0x00000045e9100000)]
  0x000002087077e510 JavaThread "Daemon Thread 2" [_thread_blocked, id=7604, stack(0x00000045e8f00000,0x00000045e9000000)]
  0x00000208707817b0 JavaThread "Handler for socket connection from /127.0.0.1:58009 to /127.0.0.1:58095" [_thread_in_native, id=8776, stack(0x00000045e9100000,0x00000045e9200000)]
  0x000002087077fe60 JavaThread "Cancel handler" [_thread_blocked, id=15172, stack(0x00000045eac00000,0x00000045ead00000)]
  0x0000020870781cc0 JavaThread "Daemon worker Thread 2" [_thread_blocked, id=3872, stack(0x00000045ead00000,0x00000045eae00000)]
  0x0000020870784540 JavaThread "Asynchronous log dispatcher for DefaultDaemonConnection: socket connection from /127.0.0.1:58009 to /127.0.0.1:58095" [_thread_blocked, id=18280, stack(0x00000045eae00000,0x00000045eaf00000)]
  0x0000020870780370 JavaThread "Stdin handler" [_thread_blocked, id=5844, stack(0x00000045eaf00000,0x00000045eb000000)]
  0x00000208707826e0 JavaThread "Daemon client event forwarder" [_thread_blocked, id=14564, stack(0x00000045eb000000,0x00000045eb100000)]
  0x0000020870783b20 JavaThread "Cache worker for file hash cache (F:\Working\ShiftSmart-Plus\.gradle\8.7\fileHashes)" [_thread_blocked, id=8240, stack(0x00000045eb200000,0x00000045eb300000)]
  0x0000020870784a50 JavaThread "Cache worker for checksums cache (F:\Working\ShiftSmart-Plus\.gradle\8.7\checksums)" [_thread_blocked, id=3472, stack(0x00000045eb400000,0x00000045eb500000)]
  0x000002087077daf0 JavaThread "Cache worker for cache directory md-supplier (C:\Users\Hp\.gradle\caches\8.7\md-supplier)" [_thread_blocked, id=11116, stack(0x00000045eb600000,0x00000045eb700000)]
  0x0000020874cd0930 JavaThread "Cache worker for cache directory md-rule (C:\Users\Hp\.gradle\caches\8.7\md-rule)" [_thread_blocked, id=14108, stack(0x00000045eb900000,0x00000045eba00000)]
  0x0000020874cd1860 JavaThread "Cache worker for Build Output Cleanup Cache (F:\Working\ShiftSmart-Plus\.gradle\buildOutputCleanup)" [_thread_blocked, id=14580, stack(0x00000045eba00000,0x00000045ebb00000)]
  0x0000020874cd1350 JavaThread "Unconstrained build operations" [_thread_blocked, id=13972, stack(0x00000045ebb00000,0x00000045ebc00000)]
  0x0000020874ccf4f0 JavaThread "Unconstrained build operations Thread 2" [_thread_blocked, id=19280, stack(0x00000045ebd00000,0x00000045ebe00000)]
  0x0000020874cd0420 JavaThread "Unconstrained build operations Thread 3" [_thread_blocked, id=10796, stack(0x00000045ebf00000,0x00000045ec000000)]
  0x0000020874cd45f0 JavaThread "build event listener" [_thread_blocked, id=2896, stack(0x00000045ec000000,0x00000045ec100000)]
  0x0000020874cce0b0 JavaThread "build event listener" [_thread_blocked, id=2384, stack(0x00000045ec100000,0x00000045ec200000)]
  0x0000020874cd2280 JavaThread "included builds" [_thread_blocked, id=17672, stack(0x00000045ec200000,0x00000045ec300000)]
  0x0000020874cd36c0 JavaThread "Execution worker" [_thread_blocked, id=9360, stack(0x00000045ec300000,0x00000045ec400000)]
  0x0000020874cd2790 JavaThread "Execution worker Thread 2" [_thread_blocked, id=11136, stack(0x00000045ec400000,0x00000045ec500000)]
  0x0000020874cd3bd0 JavaThread "Execution worker Thread 3" [_thread_blocked, id=8508, stack(0x00000045ec600000,0x00000045ec700000)]
  0x0000020874cd0e40 JavaThread "Cache worker for execution history cache (F:\Working\ShiftSmart-Plus\.gradle\8.7\executionHistory)" [_thread_blocked, id=10764, stack(0x00000045ec700000,0x00000045ec800000)]
  0x0000020874ccfa00 JavaThread "Unconstrained build operations Thread 4" [_thread_blocked, id=8360, stack(0x00000045ec800000,0x00000045ec900000)]
  0x0000020874cd2ca0 JavaThread "Unconstrained build operations Thread 5" [_thread_blocked, id=16524, stack(0x00000045ec900000,0x00000045eca00000)]
  0x0000020874cd40e0 JavaThread "Unconstrained build operations Thread 6" [_thread_blocked, id=8448, stack(0x00000045eca00000,0x00000045ecb00000)]
  0x0000020874ccefe0 JavaThread "Unconstrained build operations Thread 7" [_thread_blocked, id=19392, stack(0x00000045ecb00000,0x00000045ecc00000)]
  0x0000020874cd5520 JavaThread "Unconstrained build operations Thread 8" [_thread_blocked, id=12756, stack(0x00000045ecc00000,0x00000045ecd00000)]
  0x0000020874cd5a30 JavaThread "Unconstrained build operations Thread 9" [_thread_blocked, id=6676, stack(0x00000045ecd00000,0x00000045ece00000)]
  0x0000020874cce5c0 JavaThread "Unconstrained build operations Thread 10" [_thread_blocked, id=10424, stack(0x00000045ece00000,0x00000045ecf00000)]
  0x0000020874ccff10 JavaThread "Unconstrained build operations Thread 11" [_thread_blocked, id=8480, stack(0x00000045ecf00000,0x00000045ed000000)]
  0x00000208726359b0 JavaThread "Unconstrained build operations Thread 12" [_thread_blocked, id=12604, stack(0x00000045ed000000,0x00000045ed100000)]
  0x0000020872635ec0 JavaThread "Unconstrained build operations Thread 13" [_thread_blocked, id=2316, stack(0x00000045ed100000,0x00000045ed200000)]
  0x00000208726363d0 JavaThread "Unconstrained build operations Thread 14" [_thread_blocked, id=8844, stack(0x00000045ed200000,0x00000045ed300000)]
  0x0000020872634570 JavaThread "Unconstrained build operations Thread 15" [_thread_blocked, id=12124, stack(0x00000045ed300000,0x00000045ed400000)]
  0x00000208726368e0 JavaThread "Unconstrained build operations Thread 16" [_thread_blocked, id=3688, stack(0x00000045ed400000,0x00000045ed500000)]
  0x000002087263afc0 JavaThread "Unconstrained build operations Thread 17" [_thread_blocked, id=4004, stack(0x00000045ed500000,0x00000045ed600000)]
  0x0000020872637300 JavaThread "Unconstrained build operations Thread 18" [_thread_blocked, id=4604, stack(0x00000045ed600000,0x00000045ed700000)]
  0x0000020872638740 JavaThread "Unconstrained build operations Thread 19" [_thread_blocked, id=9424, stack(0x00000045ed700000,0x00000045ed800000)]
  0x0000020872637d20 JavaThread "Unconstrained build operations Thread 20" [_thread_blocked, id=10668, stack(0x00000045ed800000,0x00000045ed900000)]
  0x0000020872637810 JavaThread "WorkerExecutor Queue" [_thread_in_vm, id=15080, stack(0x00000045ed900000,0x00000045eda00000)]
  0x000002087263b4d0 JavaThread "Unconstrained build operations Thread 21" [_thread_blocked, id=12100, stack(0x00000045edb00000,0x00000045edc00000)]
  0x0000020872638c50 JavaThread "Unconstrained build operations Thread 22" [_thread_blocked, id=19020, stack(0x00000045edc00000,0x00000045edd00000)]
  0x0000020872639160 JavaThread "Unconstrained build operations Thread 23" [_thread_blocked, id=1976, stack(0x00000045edd00000,0x00000045ede00000)]
  0x0000020872639670 JavaThread "RMI TCP Connection(4)-127.0.0.1" daemon [_thread_in_native, id=15400, stack(0x00000045ede00000,0x00000045edf00000)]
  0x000002087263a5a0 JavaThread "WorkerExecutor Queue Thread 2" [_thread_blocked, id=9712, stack(0x00000045edf00000,0x00000045ee000000)]
  0x0000020879b3bb90 JavaThread "C2 CompilerThread1" daemon [_thread_blocked, id=15680, stack(0x00000045eb100000,0x00000045eb200000)]

Other Threads:
  0x000002086a70d7c0 VMThread "VM Thread" [stack: 0x00000045e9800000,0x00000045e9900000] [id=12448]
  0x000002085112e300 WatcherThread [stack: 0x00000045ea400000,0x00000045ea500000] [id=14288]
  0x000002085118a980 GCTaskThread "GC Thread#0" [stack: 0x00000045e9300000,0x00000045e9400000] [id=4892]
  0x000002086f19e140 GCTaskThread "GC Thread#1" [stack: 0x00000045ea600000,0x00000045ea700000] [id=13700]
  0x000002086f00a080 GCTaskThread "GC Thread#2" [stack: 0x00000045ea700000,0x00000045ea800000] [id=18088]
  0x000002086f200c80 GCTaskThread "GC Thread#3" [stack: 0x00000045ea800000,0x00000045ea900000] [id=1992]
  0x000002085119b7e0 ConcurrentGCThread "G1 Main Marker" [stack: 0x00000045e9400000,0x00000045e9500000] [id=844]
=>0x000002085119c8b0 ConcurrentGCThread "G1 Conc#0" [stack: 0x00000045e9500000,0x00000045e9600000] [id=14192]
  0x000002086a5bc9b0 ConcurrentGCThread "G1 Refine#0" [stack: 0x00000045e9600000,0x00000045e9700000] [id=17624]
  0x0000020874800f40 ConcurrentGCThread "G1 Refine#1" [stack: 0x00000045efb00000,0x00000045efc00000] [id=1128]
  0x0000020874851340 ConcurrentGCThread "G1 Refine#2" [stack: 0x00000045efd00000,0x00000045efe00000] [id=12608]
  0x0000020879a68720 ConcurrentGCThread "G1 Refine#3" [stack: 0x00000045efe00000,0x00000045eff00000] [id=7064]
  0x000002086a5bd1f0 ConcurrentGCThread "G1 Service" [stack: 0x00000045e9700000,0x00000045e9800000] [id=2576]

Threads with active compile tasks:

VM state: not at safepoint (normal execution)

VM Mutex/Monitor currently owned by a thread: None

Heap address: 0x0000000080000000, size: 2048 MB, Compressed Oops mode: 32-bit

CDS archive(s) not mapped
Compressed class space mapped at: 0x0000000100000000-0x0000000140000000, reserved size: 1073741824
Narrow klass base: 0x0000000000000000, Narrow klass shift: 3, Narrow klass range: 0x140000000

GC Precious Log:
 CPUs: 4 total, 4 available
 Memory: 16264M
 Large Page Support: Disabled
 NUMA Support: Disabled
 Compressed Oops: Enabled (32-bit)
 Heap Region Size: 1M
 Heap Min Capacity: 8M
 Heap Initial Capacity: 256M
 Heap Max Capacity: 2G
 Pre-touch: Disabled
 Parallel Workers: 4
 Concurrent Workers: 1
 Concurrent Refinement Workers: 4
 Periodic GC: Disabled

Heap:
 garbage-first heap   total 727040K, used 318464K [0x0000000080000000, 0x0000000100000000)
  region size 1024K, 57 young (58368K), 34 survivors (34816K)
 Metaspace       used 205819K, committed 206976K, reserved 1245184K
  class space    used 27291K, committed 27840K, reserved 1048576K

Heap Regions: E=young(eden), S=young(survivor), O=old, HS=humongous(starts), HC=humongous(continues), CS=collection set, F=free, OA=open archive, CA=closed archive, TAMS=top-at-mark-start (previous, next)
|   0|0x0000000080000000, 0x0000000080100000, 0x0000000080100000|100%| O|  |TAMS 0x0000000080100000, 0x0000000080100000| Untracked 
|   1|0x0000000080100000, 0x0000000080200000, 0x0000000080200000|100%| O|  |TAMS 0x0000000080200000, 0x0000000080200000| Untracked 
|   2|0x0000000080200000, 0x0000000080300000, 0x0000000080300000|100%|HS|  |TAMS 0x0000000080300000, 0x0000000080300000| Complete 
|   3|0x0000000080300000, 0x0000000080400000, 0x0000000080400000|100%|HC|  |TAMS 0x0000000080400000, 0x0000000080400000| Complete 
|   4|0x0000000080400000, 0x0000000080500000, 0x0000000080500000|100%|HC|  |TAMS 0x0000000080500000, 0x0000000080500000| Complete 
|   5|0x0000000080500000, 0x0000000080600000, 0x0000000080600000|100%|HC|  |TAMS 0x0000000080600000, 0x0000000080600000| Complete 
|   6|0x0000000080600000, 0x0000000080700000, 0x0000000080700000|100%| O|  |TAMS 0x0000000080700000, 0x0000000080700000| Untracked 
|   7|0x0000000080700000, 0x0000000080800000, 0x0000000080800000|100%| O|  |TAMS 0x0000000080800000, 0x0000000080800000| Untracked 
|   8|0x0000000080800000, 0x0000000080900000, 0x0000000080900000|100%| O|  |TAMS 0x0000000080900000, 0x0000000080900000| Untracked 
|   9|0x0000000080900000, 0x0000000080a00000, 0x0000000080a00000|100%| O|  |TAMS 0x0000000080a00000, 0x0000000080a00000| Untracked 
|  10|0x0000000080a00000, 0x0000000080b00000, 0x0000000080b00000|100%| O|  |TAMS 0x0000000080b00000, 0x0000000080b00000| Untracked 
|  11|0x0000000080b00000, 0x0000000080c00000, 0x0000000080c00000|100%| O|  |TAMS 0x0000000080c00000, 0x0000000080c00000| Untracked 
|  12|0x0000000080c00000, 0x0000000080d00000, 0x0000000080d00000|100%| O|  |TAMS 0x0000000080d00000, 0x0000000080d00000| Untracked 
|  13|0x0000000080d00000, 0x0000000080e00000, 0x0000000080e00000|100%| O|  |TAMS 0x0000000080e00000, 0x0000000080e00000| Untracked 
|  14|0x0000000080e00000, 0x0000000080f00000, 0x0000000080f00000|100%| O|  |TAMS 0x0000000080f00000, 0x0000000080f00000| Untracked 
|  15|0x0000000080f00000, 0x0000000081000000, 0x0000000081000000|100%| O|  |TAMS 0x0000000081000000, 0x0000000081000000| Untracked 
|  16|0x0000000081000000, 0x0000000081100000, 0x0000000081100000|100%| O|  |TAMS 0x0000000081100000, 0x0000000081100000| Untracked 
|  17|0x0000000081100000, 0x0000000081200000, 0x0000000081200000|100%| O|  |TAMS 0x0000000081200000, 0x0000000081200000| Untracked 
|  18|0x0000000081200000, 0x0000000081300000, 0x0000000081300000|100%| O|  |TAMS 0x0000000081300000, 0x0000000081300000| Untracked 
|  19|0x0000000081300000, 0x0000000081400000, 0x0000000081400000|100%| O|  |TAMS 0x0000000081400000, 0x0000000081400000| Untracked 
|  20|0x0000000081400000, 0x0000000081500000, 0x0000000081500000|100%| O|  |TAMS 0x0000000081500000, 0x0000000081500000| Untracked 
|  21|0x0000000081500000, 0x0000000081600000, 0x0000000081600000|100%| O|  |TAMS 0x0000000081600000, 0x0000000081600000| Untracked 
|  22|0x0000000081600000, 0x0000000081700000, 0x0000000081700000|100%| O|  |TAMS 0x0000000081700000, 0x0000000081700000| Untracked 
|  23|0x0000000081700000, 0x0000000081800000, 0x0000000081800000|100%| O|  |TAMS 0x0000000081800000, 0x0000000081800000| Untracked 
|  24|0x0000000081800000, 0x0000000081900000, 0x0000000081900000|100%| O|  |TAMS 0x0000000081900000, 0x0000000081900000| Untracked 
|  25|0x0000000081900000, 0x0000000081a00000, 0x0000000081a00000|100%| O|  |TAMS 0x0000000081a00000, 0x0000000081a00000| Untracked 
|  26|0x0000000081a00000, 0x0000000081b00000, 0x0000000081b00000|100%| O|  |TAMS 0x0000000081b00000, 0x0000000081b00000| Untracked 
|  27|0x0000000081b00000, 0x0000000081c00000, 0x0000000081c00000|100%| O|  |TAMS 0x0000000081c00000, 0x0000000081c00000| Untracked 
|  28|0x0000000081c00000, 0x0000000081d00000, 0x0000000081d00000|100%| O|  |TAMS 0x0000000081d00000, 0x0000000081d00000| Untracked 
|  29|0x0000000081d00000, 0x0000000081e00000, 0x0000000081e00000|100%| O|  |TAMS 0x0000000081e00000, 0x0000000081e00000| Untracked 
|  30|0x0000000081e00000, 0x0000000081f00000, 0x0000000081f00000|100%| O|  |TAMS 0x0000000081f00000, 0x0000000081f00000| Untracked 
|  31|0x0000000081f00000, 0x0000000082000000, 0x0000000082000000|100%| O|  |TAMS 0x0000000082000000, 0x0000000082000000| Untracked 
|  32|0x0000000082000000, 0x0000000082100000, 0x0000000082100000|100%| O|  |TAMS 0x0000000082100000, 0x0000000082100000| Untracked 
|  33|0x0000000082100000, 0x0000000082200000, 0x0000000082200000|100%| O|  |TAMS 0x0000000082200000, 0x0000000082200000| Untracked 
|  34|0x0000000082200000, 0x0000000082300000, 0x0000000082300000|100%| O|  |TAMS 0x0000000082300000, 0x0000000082300000| Untracked 
|  35|0x0000000082300000, 0x0000000082400000, 0x0000000082400000|100%| O|  |TAMS 0x0000000082400000, 0x0000000082400000| Untracked 
|  36|0x0000000082400000, 0x0000000082500000, 0x0000000082500000|100%| O|  |TAMS 0x0000000082500000, 0x0000000082500000| Untracked 
|  37|0x0000000082500000, 0x0000000082600000, 0x0000000082600000|100%| O|  |TAMS 0x0000000082600000, 0x0000000082600000| Untracked 
|  38|0x0000000082600000, 0x0000000082700000, 0x0000000082700000|100%| O|  |TAMS 0x0000000082700000, 0x0000000082700000| Untracked 
|  39|0x0000000082700000, 0x0000000082800000, 0x0000000082800000|100%| O|  |TAMS 0x0000000082800000, 0x0000000082800000| Untracked 
|  40|0x0000000082800000, 0x0000000082900000, 0x0000000082900000|100%| O|  |TAMS 0x0000000082900000, 0x0000000082900000| Untracked 
|  41|0x0000000082900000, 0x0000000082a00000, 0x0000000082a00000|100%| O|  |TAMS 0x0000000082a00000, 0x0000000082a00000| Untracked 
|  42|0x0000000082a00000, 0x0000000082b00000, 0x0000000082b00000|100%| O|  |TAMS 0x0000000082b00000, 0x0000000082b00000| Untracked 
|  43|0x0000000082b00000, 0x0000000082c00000, 0x0000000082c00000|100%|HS|  |TAMS 0x0000000082c00000, 0x0000000082c00000| Complete 
|  44|0x0000000082c00000, 0x0000000082d00000, 0x0000000082d00000|100%| O|  |TAMS 0x0000000082d00000, 0x0000000082d00000| Untracked 
|  45|0x0000000082d00000, 0x0000000082e00000, 0x0000000082e00000|100%| O|  |TAMS 0x0000000082e00000, 0x0000000082e00000| Untracked 
|  46|0x0000000082e00000, 0x0000000082f00000, 0x0000000082f00000|100%|HS|  |TAMS 0x0000000082f00000, 0x0000000082f00000| Complete 
|  47|0x0000000082f00000, 0x0000000083000000, 0x0000000083000000|100%|HS|  |TAMS 0x0000000083000000, 0x0000000083000000| Complete 
|  48|0x0000000083000000, 0x0000000083100000, 0x0000000083100000|100%|HS|  |TAMS 0x0000000083100000, 0x0000000083100000| Complete 
|  49|0x0000000083100000, 0x0000000083200000, 0x0000000083200000|100%|HC|  |TAMS 0x0000000083200000, 0x0000000083200000| Complete 
|  50|0x0000000083200000, 0x0000000083300000, 0x0000000083300000|100%|HS|  |TAMS 0x0000000083300000, 0x0000000083300000| Complete 
|  51|0x0000000083300000, 0x0000000083400000, 0x0000000083400000|100%|HC|  |TAMS 0x0000000083400000, 0x0000000083400000| Complete 
|  52|0x0000000083400000, 0x0000000083500000, 0x0000000083500000|100%|HS|  |TAMS 0x0000000083500000, 0x0000000083500000| Complete 
|  53|0x0000000083500000, 0x0000000083600000, 0x0000000083600000|100%|HS|  |TAMS 0x0000000083600000, 0x0000000083600000| Complete 
|  54|0x0000000083600000, 0x0000000083700000, 0x0000000083700000|100%|HC|  |TAMS 0x0000000083700000, 0x0000000083700000| Complete 
|  55|0x0000000083700000, 0x0000000083800000, 0x0000000083800000|100%|HC|  |TAMS 0x0000000083800000, 0x0000000083800000| Complete 
|  56|0x0000000083800000, 0x0000000083900000, 0x0000000083900000|100%|HC|  |TAMS 0x0000000083900000, 0x0000000083900000| Complete 
|  57|0x0000000083900000, 0x0000000083a00000, 0x0000000083a00000|100%|HS|  |TAMS 0x0000000083a00000, 0x0000000083a00000| Complete 
|  58|0x0000000083a00000, 0x0000000083b00000, 0x0000000083b00000|100%| O|  |TAMS 0x0000000083b00000, 0x0000000083b00000| Untracked 
|  59|0x0000000083b00000, 0x0000000083c00000, 0x0000000083c00000|100%|HS|  |TAMS 0x0000000083c00000, 0x0000000083c00000| Complete 
|  60|0x0000000083c00000, 0x0000000083d00000, 0x0000000083d00000|100%| O|  |TAMS 0x0000000083d00000, 0x0000000083d00000| Untracked 
|  61|0x0000000083d00000, 0x0000000083e00000, 0x0000000083e00000|100%| O|  |TAMS 0x0000000083e00000, 0x0000000083e00000| Untracked 
|  62|0x0000000083e00000, 0x0000000083f00000, 0x0000000083f00000|100%| O|  |TAMS 0x0000000083f00000, 0x0000000083f00000| Untracked 
|  63|0x0000000083f00000, 0x0000000084000000, 0x0000000084000000|100%| O|  |TAMS 0x0000000084000000, 0x0000000084000000| Untracked 
|  64|0x0000000084000000, 0x0000000084100000, 0x0000000084100000|100%| O|  |TAMS 0x0000000084100000, 0x0000000084100000| Untracked 
|  65|0x0000000084100000, 0x0000000084200000, 0x0000000084200000|100%| O|  |TAMS 0x0000000084200000, 0x0000000084200000| Untracked 
|  66|0x0000000084200000, 0x0000000084300000, 0x0000000084300000|100%| O|  |TAMS 0x0000000084300000, 0x0000000084300000| Untracked 
|  67|0x0000000084300000, 0x0000000084400000, 0x0000000084400000|100%| O|  |TAMS 0x0000000084400000, 0x0000000084400000| Untracked 
|  68|0x0000000084400000, 0x0000000084500000, 0x0000000084500000|100%| O|  |TAMS 0x0000000084500000, 0x0000000084500000| Untracked 
|  69|0x0000000084500000, 0x0000000084600000, 0x0000000084600000|100%| O|  |TAMS 0x0000000084600000, 0x0000000084600000| Untracked 
|  70|0x0000000084600000, 0x0000000084700000, 0x0000000084700000|100%| O|  |TAMS 0x0000000084700000, 0x0000000084700000| Untracked 
|  71|0x0000000084700000, 0x0000000084800000, 0x0000000084800000|100%| O|  |TAMS 0x0000000084800000, 0x0000000084800000| Untracked 
|  72|0x0000000084800000, 0x0000000084900000, 0x0000000084900000|100%|HS|  |TAMS 0x0000000084900000, 0x0000000084900000| Complete 
|  73|0x0000000084900000, 0x0000000084a00000, 0x0000000084a00000|100%| O|  |TAMS 0x0000000084a00000, 0x0000000084a00000| Untracked 
|  74|0x0000000084a00000, 0x0000000084b00000, 0x0000000084b00000|100%| O|  |TAMS 0x0000000084b00000, 0x0000000084b00000| Untracked 
|  75|0x0000000084b00000, 0x0000000084c00000, 0x0000000084c00000|100%|HS|  |TAMS 0x0000000084c00000, 0x0000000084c00000| Complete 
|  76|0x0000000084c00000, 0x0000000084d00000, 0x0000000084d00000|100%|HC|  |TAMS 0x0000000084d00000, 0x0000000084d00000| Complete 
|  77|0x0000000084d00000, 0x0000000084e00000, 0x0000000084e00000|100%|HC|  |TAMS 0x0000000084e00000, 0x0000000084e00000| Complete 
|  78|0x0000000084e00000, 0x0000000084f00000, 0x0000000084f00000|100%|HC|  |TAMS 0x0000000084f00000, 0x0000000084f00000| Complete 
|  79|0x0000000084f00000, 0x0000000085000000, 0x0000000085000000|100%| O|  |TAMS 0x0000000085000000, 0x0000000085000000| Untracked 
|  80|0x0000000085000000, 0x0000000085100000, 0x0000000085100000|100%| O|  |TAMS 0x0000000085100000, 0x0000000085100000| Untracked 
|  81|0x0000000085100000, 0x0000000085200000, 0x0000000085200000|100%| O|  |TAMS 0x0000000085200000, 0x0000000085200000| Untracked 
|  82|0x0000000085200000, 0x0000000085300000, 0x0000000085300000|100%| O|  |TAMS 0x0000000085300000, 0x0000000085300000| Untracked 
|  83|0x0000000085300000, 0x0000000085400000, 0x0000000085400000|100%| O|  |TAMS 0x0000000085400000, 0x0000000085400000| Untracked 
|  84|0x0000000085400000, 0x0000000085500000, 0x0000000085500000|100%| O|  |TAMS 0x0000000085500000, 0x0000000085500000| Untracked 
|  85|0x0000000085500000, 0x0000000085600000, 0x0000000085600000|100%| O|  |TAMS 0x0000000085600000, 0x0000000085600000| Untracked 
|  86|0x0000000085600000, 0x0000000085700000, 0x0000000085700000|100%| O|  |TAMS 0x0000000085700000, 0x0000000085700000| Untracked 
|  87|0x0000000085700000, 0x0000000085800000, 0x0000000085800000|100%| O|  |TAMS 0x0000000085800000, 0x0000000085800000| Untracked 
|  88|0x0000000085800000, 0x0000000085900000, 0x0000000085900000|100%| O|  |TAMS 0x0000000085900000, 0x0000000085900000| Untracked 
|  89|0x0000000085900000, 0x0000000085a00000, 0x0000000085a00000|100%| O|  |TAMS 0x0000000085a00000, 0x0000000085a00000| Untracked 
|  90|0x0000000085a00000, 0x0000000085b00000, 0x0000000085b00000|100%| O|  |TAMS 0x0000000085b00000, 0x0000000085b00000| Untracked 
|  91|0x0000000085b00000, 0x0000000085c00000, 0x0000000085c00000|100%| O|  |TAMS 0x0000000085c00000, 0x0000000085c00000| Untracked 
|  92|0x0000000085c00000, 0x0000000085d00000, 0x0000000085d00000|100%| O|  |TAMS 0x0000000085d00000, 0x0000000085d00000| Untracked 
|  93|0x0000000085d00000, 0x0000000085e00000, 0x0000000085e00000|100%| O|  |TAMS 0x0000000085e00000, 0x0000000085e00000| Untracked 
|  94|0x0000000085e00000, 0x0000000085f00000, 0x0000000085f00000|100%| O|  |TAMS 0x0000000085f00000, 0x0000000085f00000| Untracked 
|  95|0x0000000085f00000, 0x0000000086000000, 0x0000000086000000|100%| O|  |TAMS 0x0000000086000000, 0x0000000086000000| Untracked 
|  96|0x0000000086000000, 0x0000000086100000, 0x0000000086100000|100%| O|  |TAMS 0x0000000086100000, 0x0000000086100000| Untracked 
|  97|0x0000000086100000, 0x0000000086200000, 0x0000000086200000|100%| O|  |TAMS 0x0000000086200000, 0x0000000086200000| Untracked 
|  98|0x0000000086200000, 0x0000000086300000, 0x0000000086300000|100%| O|  |TAMS 0x0000000086300000, 0x0000000086300000| Untracked 
|  99|0x0000000086300000, 0x0000000086400000, 0x0000000086400000|100%| O|  |TAMS 0x0000000086400000, 0x0000000086400000| Untracked 
| 100|0x0000000086400000, 0x0000000086500000, 0x0000000086500000|100%| O|  |TAMS 0x0000000086500000, 0x0000000086500000| Untracked 
| 101|0x0000000086500000, 0x0000000086600000, 0x0000000086600000|100%| O|  |TAMS 0x0000000086600000, 0x0000000086600000| Untracked 
| 102|0x0000000086600000, 0x0000000086700000, 0x0000000086700000|100%| O|  |TAMS 0x0000000086700000, 0x0000000086700000| Untracked 
| 103|0x0000000086700000, 0x0000000086800000, 0x0000000086800000|100%| O|  |TAMS 0x0000000086800000, 0x0000000086800000| Untracked 
| 104|0x0000000086800000, 0x0000000086900000, 0x0000000086900000|100%| O|  |TAMS 0x0000000086900000, 0x0000000086900000| Untracked 
| 105|0x0000000086900000, 0x0000000086a00000, 0x0000000086a00000|100%| O|  |TAMS 0x0000000086a00000, 0x0000000086a00000| Untracked 
| 106|0x0000000086a00000, 0x0000000086b00000, 0x0000000086b00000|100%| O|  |TAMS 0x0000000086b00000, 0x0000000086b00000| Untracked 
| 107|0x0000000086b00000, 0x0000000086c00000, 0x0000000086c00000|100%| O|  |TAMS 0x0000000086c00000, 0x0000000086c00000| Untracked 
| 108|0x0000000086c00000, 0x0000000086d00000, 0x0000000086d00000|100%| O|  |TAMS 0x0000000086d00000, 0x0000000086d00000| Untracked 
| 109|0x0000000086d00000, 0x0000000086e00000, 0x0000000086e00000|100%| O|  |TAMS 0x0000000086e00000, 0x0000000086e00000| Untracked 
| 110|0x0000000086e00000, 0x0000000086f00000, 0x0000000086f00000|100%| O|  |TAMS 0x0000000086f00000, 0x0000000086f00000| Untracked 
| 111|0x0000000086f00000, 0x0000000087000000, 0x0000000087000000|100%| O|  |TAMS 0x0000000087000000, 0x0000000087000000| Untracked 
| 112|0x0000000087000000, 0x0000000087100000, 0x0000000087100000|100%| O|  |TAMS 0x0000000087100000, 0x0000000087100000| Untracked 
| 113|0x0000000087100000, 0x0000000087200000, 0x0000000087200000|100%| O|  |TAMS 0x0000000087200000, 0x0000000087200000| Untracked 
| 114|0x0000000087200000, 0x0000000087300000, 0x0000000087300000|100%| O|  |TAMS 0x0000000087300000, 0x0000000087300000| Untracked 
| 115|0x0000000087300000, 0x0000000087400000, 0x0000000087400000|100%| O|  |TAMS 0x0000000087400000, 0x0000000087400000| Untracked 
| 116|0x0000000087400000, 0x0000000087500000, 0x0000000087500000|100%| O|  |TAMS 0x0000000087500000, 0x0000000087500000| Untracked 
| 117|0x0000000087500000, 0x0000000087600000, 0x0000000087600000|100%| O|  |TAMS 0x0000000087600000, 0x0000000087600000| Untracked 
| 118|0x0000000087600000, 0x0000000087700000, 0x0000000087700000|100%| O|  |TAMS 0x0000000087700000, 0x0000000087700000| Untracked 
| 119|0x0000000087700000, 0x0000000087800000, 0x0000000087800000|100%| O|  |TAMS 0x0000000087800000, 0x0000000087800000| Untracked 
| 120|0x0000000087800000, 0x0000000087900000, 0x0000000087900000|100%| O|  |TAMS 0x0000000087900000, 0x0000000087900000| Untracked 
| 121|0x0000000087900000, 0x0000000087a00000, 0x0000000087a00000|100%| O|  |TAMS 0x0000000087a00000, 0x0000000087a00000| Untracked 
| 122|0x0000000087a00000, 0x0000000087b00000, 0x0000000087b00000|100%| O|  |TAMS 0x0000000087b00000, 0x0000000087b00000| Untracked 
| 123|0x0000000087b00000, 0x0000000087c00000, 0x0000000087c00000|100%| O|  |TAMS 0x0000000087c00000, 0x0000000087c00000| Untracked 
| 124|0x0000000087c00000, 0x0000000087d00000, 0x0000000087d00000|100%| O|  |TAMS 0x0000000087d00000, 0x0000000087d00000| Untracked 
| 125|0x0000000087d00000, 0x0000000087e00000, 0x0000000087e00000|100%| O|  |TAMS 0x0000000087e00000, 0x0000000087e00000| Untracked 
| 126|0x0000000087e00000, 0x0000000087f00000, 0x0000000087f00000|100%| O|  |TAMS 0x0000000087f00000, 0x0000000087f00000| Untracked 
| 127|0x0000000087f00000, 0x0000000088000000, 0x0000000088000000|100%| O|  |TAMS 0x0000000088000000, 0x0000000088000000| Untracked 
| 128|0x0000000088000000, 0x0000000088100000, 0x0000000088100000|100%| O|  |TAMS 0x0000000088100000, 0x0000000088100000| Untracked 
| 129|0x0000000088100000, 0x0000000088200000, 0x0000000088200000|100%| O|  |TAMS 0x0000000088200000, 0x0000000088200000| Untracked 
| 130|0x0000000088200000, 0x0000000088300000, 0x0000000088300000|100%| O|  |TAMS 0x0000000088300000, 0x0000000088300000| Untracked 
| 131|0x0000000088300000, 0x0000000088400000, 0x0000000088400000|100%| O|  |TAMS 0x0000000088300000, 0x0000000088300000| Untracked 
| 132|0x0000000088400000, 0x0000000088500000, 0x0000000088500000|100%| O|  |TAMS 0x0000000088400000, 0x0000000088500000| Untracked 
| 133|0x0000000088500000, 0x0000000088600000, 0x0000000088600000|100%| O|  |TAMS 0x0000000088500000, 0x0000000088600000| Untracked 
| 134|0x0000000088600000, 0x0000000088700000, 0x0000000088700000|100%| O|  |TAMS 0x0000000088600000, 0x0000000088700000| Untracked 
| 135|0x0000000088700000, 0x0000000088800000, 0x0000000088800000|100%|HS|  |TAMS 0x0000000088700000, 0x0000000088700000| Complete 
| 136|0x0000000088800000, 0x0000000088900000, 0x0000000088900000|100%| O|  |TAMS 0x0000000088800000, 0x0000000088900000| Untracked 
| 137|0x0000000088900000, 0x0000000088a00000, 0x0000000088a00000|100%| O|  |TAMS 0x0000000088900000, 0x0000000088a00000| Untracked 
| 138|0x0000000088a00000, 0x0000000088b00000, 0x0000000088b00000|100%| O|  |TAMS 0x0000000088a00000, 0x0000000088b00000| Untracked 
| 139|0x0000000088b00000, 0x0000000088c00000, 0x0000000088c00000|100%| O|  |TAMS 0x0000000088b00000, 0x0000000088c00000| Untracked 
| 140|0x0000000088c00000, 0x0000000088d00000, 0x0000000088d00000|100%| O|  |TAMS 0x0000000088d00000, 0x0000000088d00000| Untracked 
| 141|0x0000000088d00000, 0x0000000088e00000, 0x0000000088e00000|100%| O|  |TAMS 0x0000000088e00000, 0x0000000088e00000| Untracked 
| 142|0x0000000088e00000, 0x0000000088f00000, 0x0000000088f00000|100%| O|  |TAMS 0x0000000088f00000, 0x0000000088f00000| Untracked 
| 143|0x0000000088f00000, 0x0000000089000000, 0x0000000089000000|100%| O|  |TAMS 0x0000000089000000, 0x0000000089000000| Untracked 
| 144|0x0000000089000000, 0x0000000089100000, 0x0000000089100000|100%| O|  |TAMS 0x0000000089100000, 0x0000000089100000| Untracked 
| 145|0x0000000089100000, 0x0000000089200000, 0x0000000089200000|100%| O|  |TAMS 0x0000000089200000, 0x0000000089200000| Untracked 
| 146|0x0000000089200000, 0x0000000089200000, 0x0000000089300000|  0%| F|  |TAMS 0x0000000089200000, 0x0000000089200000| Untracked 
| 147|0x0000000089300000, 0x0000000089400000, 0x0000000089400000|100%| O|  |TAMS 0x0000000089400000, 0x0000000089400000| Untracked 
| 148|0x0000000089400000, 0x0000000089500000, 0x0000000089500000|100%| O|  |TAMS 0x0000000089500000, 0x0000000089500000| Untracked 
| 149|0x0000000089500000, 0x0000000089600000, 0x0000000089600000|100%| O|  |TAMS 0x0000000089600000, 0x0000000089600000| Untracked 
| 150|0x0000000089600000, 0x0000000089700000, 0x0000000089700000|100%| O|  |TAMS 0x0000000089700000, 0x0000000089700000| Untracked 
| 151|0x0000000089700000, 0x0000000089700000, 0x0000000089800000|  0%| F|  |TAMS 0x0000000089700000, 0x0000000089700000| Untracked 
| 152|0x0000000089800000, 0x0000000089900000, 0x0000000089900000|100%| O|  |TAMS 0x0000000089900000, 0x0000000089900000| Untracked 
| 153|0x0000000089900000, 0x0000000089a00000, 0x0000000089a00000|100%| O|  |TAMS 0x0000000089a00000, 0x0000000089a00000| Untracked 
| 154|0x0000000089a00000, 0x0000000089b00000, 0x0000000089b00000|100%| O|  |TAMS 0x0000000089b00000, 0x0000000089b00000| Untracked 
| 155|0x0000000089b00000, 0x0000000089c00000, 0x0000000089c00000|100%| O|  |TAMS 0x0000000089c00000, 0x0000000089c00000| Untracked 
| 156|0x0000000089c00000, 0x0000000089c00000, 0x0000000089d00000|  0%| F|  |TAMS 0x0000000089c00000, 0x0000000089c00000| Untracked 
| 157|0x0000000089d00000, 0x0000000089e00000, 0x0000000089e00000|100%| O|  |TAMS 0x0000000089d00000, 0x0000000089e00000| Untracked 
| 158|0x0000000089e00000, 0x0000000089f00000, 0x0000000089f00000|100%| O|  |TAMS 0x0000000089e00000, 0x0000000089f00000| Untracked 
| 159|0x0000000089f00000, 0x000000008a000000, 0x000000008a000000|100%| O|  |TAMS 0x0000000089f00000, 0x000000008a000000| Untracked 
| 160|0x000000008a000000, 0x000000008a100000, 0x000000008a100000|100%| O|  |TAMS 0x000000008a000000, 0x000000008a100000| Untracked 
| 161|0x000000008a100000, 0x000000008a200000, 0x000000008a200000|100%| O|  |TAMS 0x000000008a200000, 0x000000008a200000| Untracked 
| 162|0x000000008a200000, 0x000000008a200000, 0x000000008a300000|  0%| F|  |TAMS 0x000000008a200000, 0x000000008a200000| Untracked 
| 163|0x000000008a300000, 0x000000008a400000, 0x000000008a400000|100%|HS|  |TAMS 0x000000008a400000, 0x000000008a400000| Complete 
| 164|0x000000008a400000, 0x000000008a500000, 0x000000008a500000|100%|HC|  |TAMS 0x000000008a500000, 0x000000008a500000| Complete 
| 165|0x000000008a500000, 0x000000008a600000, 0x000000008a600000|100%| O|  |TAMS 0x000000008a600000, 0x000000008a600000| Untracked 
| 166|0x000000008a600000, 0x000000008a700000, 0x000000008a700000|100%| O|  |TAMS 0x000000008a700000, 0x000000008a700000| Untracked 
| 167|0x000000008a700000, 0x000000008a800000, 0x000000008a800000|100%| O|  |TAMS 0x000000008a800000, 0x000000008a800000| Untracked 
| 168|0x000000008a800000, 0x000000008a800000, 0x000000008a900000|  0%| F|  |TAMS 0x000000008a800000, 0x000000008a800000| Untracked 
| 169|0x000000008a900000, 0x000000008aa00000, 0x000000008aa00000|100%| O|  |TAMS 0x000000008aa00000, 0x000000008aa00000| Untracked 
| 170|0x000000008aa00000, 0x000000008ab00000, 0x000000008ab00000|100%| O|  |TAMS 0x000000008ab00000, 0x000000008ab00000| Untracked 
| 171|0x000000008ab00000, 0x000000008ac00000, 0x000000008ac00000|100%| O|  |TAMS 0x000000008ac00000, 0x000000008ac00000| Untracked 
| 172|0x000000008ac00000, 0x000000008ad00000, 0x000000008ad00000|100%| O|  |TAMS 0x000000008ad00000, 0x000000008ad00000| Untracked 
| 173|0x000000008ad00000, 0x000000008ae00000, 0x000000008ae00000|100%| O|  |TAMS 0x000000008ae00000, 0x000000008ae00000| Untracked 
| 174|0x000000008ae00000, 0x000000008af00000, 0x000000008af00000|100%| O|  |TAMS 0x000000008af00000, 0x000000008af00000| Untracked 
| 175|0x000000008af00000, 0x000000008b000000, 0x000000008b000000|100%| O|  |TAMS 0x000000008b000000, 0x000000008b000000| Untracked 
| 176|0x000000008b000000, 0x000000008b100000, 0x000000008b100000|100%| O|  |TAMS 0x000000008b100000, 0x000000008b100000| Untracked 
| 177|0x000000008b100000, 0x000000008b200000, 0x000000008b200000|100%| O|  |TAMS 0x000000008b200000, 0x000000008b200000| Untracked 
| 178|0x000000008b200000, 0x000000008b300000, 0x000000008b300000|100%| O|  |TAMS 0x000000008b300000, 0x000000008b300000| Untracked 
| 179|0x000000008b300000, 0x000000008b400000, 0x000000008b400000|100%| O|  |TAMS 0x000000008b400000, 0x000000008b400000| Untracked 
| 180|0x000000008b400000, 0x000000008b400000, 0x000000008b500000|  0%| F|  |TAMS 0x000000008b400000, 0x000000008b400000| Untracked 
| 181|0x000000008b500000, 0x000000008b600000, 0x000000008b600000|100%| O|  |TAMS 0x000000008b600000, 0x000000008b600000| Untracked 
| 182|0x000000008b600000, 0x000000008b700000, 0x000000008b700000|100%| O|  |TAMS 0x000000008b700000, 0x000000008b700000| Untracked 
| 183|0x000000008b700000, 0x000000008b800000, 0x000000008b800000|100%| O|  |TAMS 0x000000008b800000, 0x000000008b800000| Untracked 
| 184|0x000000008b800000, 0x000000008b900000, 0x000000008b900000|100%| O|  |TAMS 0x000000008b900000, 0x000000008b900000| Untracked 
| 185|0x000000008b900000, 0x000000008ba00000, 0x000000008ba00000|100%| O|  |TAMS 0x000000008ba00000, 0x000000008ba00000| Untracked 
| 186|0x000000008ba00000, 0x000000008bb00000, 0x000000008bb00000|100%| O|  |TAMS 0x000000008bb00000, 0x000000008bb00000| Untracked 
| 187|0x000000008bb00000, 0x000000008bc00000, 0x000000008bc00000|100%| O|  |TAMS 0x000000008bc00000, 0x000000008bc00000| Untracked 
| 188|0x000000008bc00000, 0x000000008bd00000, 0x000000008bd00000|100%| O|  |TAMS 0x000000008bd00000, 0x000000008bd00000| Untracked 
| 189|0x000000008bd00000, 0x000000008be00000, 0x000000008be00000|100%| O|  |TAMS 0x000000008be00000, 0x000000008be00000| Untracked 
| 190|0x000000008be00000, 0x000000008bf00000, 0x000000008bf00000|100%| O|  |TAMS 0x000000008bf00000, 0x000000008bf00000| Untracked 
| 191|0x000000008bf00000, 0x000000008c000000, 0x000000008c000000|100%| O|  |TAMS 0x000000008c000000, 0x000000008c000000| Untracked 
| 192|0x000000008c000000, 0x000000008c100000, 0x000000008c100000|100%| O|  |TAMS 0x000000008c100000, 0x000000008c100000| Untracked 
| 193|0x000000008c100000, 0x000000008c200000, 0x000000008c200000|100%| O|  |TAMS 0x000000008c200000, 0x000000008c200000| Untracked 
| 194|0x000000008c200000, 0x000000008c300000, 0x000000008c300000|100%| O|  |TAMS 0x000000008c300000, 0x000000008c300000| Untracked 
| 195|0x000000008c300000, 0x000000008c300000, 0x000000008c400000|  0%| F|  |TAMS 0x000000008c300000, 0x000000008c300000| Untracked 
| 196|0x000000008c400000, 0x000000008c500000, 0x000000008c500000|100%| O|  |TAMS 0x000000008c500000, 0x000000008c500000| Untracked 
| 197|0x000000008c500000, 0x000000008c600000, 0x000000008c600000|100%| O|  |TAMS 0x000000008c600000, 0x000000008c600000| Untracked 
| 198|0x000000008c600000, 0x000000008c700000, 0x000000008c700000|100%| O|  |TAMS 0x000000008c63e000, 0x000000008c700000| Untracked 
| 199|0x000000008c700000, 0x000000008c800000, 0x000000008c800000|100%| O|  |TAMS 0x000000008c700000, 0x000000008c800000| Untracked 
| 200|0x000000008c800000, 0x000000008c900000, 0x000000008c900000|100%| O|  |TAMS 0x000000008c800000, 0x000000008c900000| Untracked 
| 201|0x000000008c900000, 0x000000008ca00000, 0x000000008ca00000|100%| O|  |TAMS 0x000000008c900000, 0x000000008ca00000| Untracked 
| 202|0x000000008ca00000, 0x000000008cb00000, 0x000000008cb00000|100%| O|  |TAMS 0x000000008ca00000, 0x000000008cb00000| Untracked 
| 203|0x000000008cb00000, 0x000000008cc00000, 0x000000008cc00000|100%| O|  |TAMS 0x000000008cb00000, 0x000000008cc00000| Untracked 
| 204|0x000000008cc00000, 0x000000008cd00000, 0x000000008cd00000|100%| O|  |TAMS 0x000000008cc00000, 0x000000008cd00000| Untracked 
| 205|0x000000008cd00000, 0x000000008ce00000, 0x000000008ce00000|100%| O|  |TAMS 0x000000008ce00000, 0x000000008ce00000| Untracked 
| 206|0x000000008ce00000, 0x000000008cf00000, 0x000000008cf00000|100%|HS|  |TAMS 0x000000008cf00000, 0x000000008cf00000| Complete 
| 207|0x000000008cf00000, 0x000000008d000000, 0x000000008d000000|100%|HC|  |TAMS 0x000000008d000000, 0x000000008d000000| Complete 
| 208|0x000000008d000000, 0x000000008d000000, 0x000000008d100000|  0%| F|  |TAMS 0x000000008d000000, 0x000000008d000000| Untracked 
| 209|0x000000008d100000, 0x000000008d200000, 0x000000008d200000|100%| O|  |TAMS 0x000000008d200000, 0x000000008d200000| Untracked 
| 210|0x000000008d200000, 0x000000008d300000, 0x000000008d300000|100%| O|  |TAMS 0x000000008d300000, 0x000000008d300000| Untracked 
| 211|0x000000008d300000, 0x000000008d300000, 0x000000008d400000|  0%| F|  |TAMS 0x000000008d300000, 0x000000008d300000| Untracked 
| 212|0x000000008d400000, 0x000000008d500000, 0x000000008d500000|100%| O|  |TAMS 0x000000008d400000, 0x000000008d500000| Untracked 
| 213|0x000000008d500000, 0x000000008d600000, 0x000000008d600000|100%| O|  |TAMS 0x000000008d500000, 0x000000008d600000| Untracked 
| 214|0x000000008d600000, 0x000000008d700000, 0x000000008d700000|100%| O|  |TAMS 0x000000008d600000, 0x000000008d700000| Untracked 
| 215|0x000000008d700000, 0x000000008d800000, 0x000000008d800000|100%| O|  |TAMS 0x000000008d700000, 0x000000008d800000| Untracked 
| 216|0x000000008d800000, 0x000000008d900000, 0x000000008d900000|100%| O|  |TAMS 0x000000008d800000, 0x000000008d900000| Untracked 
| 217|0x000000008d900000, 0x000000008da00000, 0x000000008da00000|100%| O|  |TAMS 0x000000008d900000, 0x000000008da00000| Untracked 
| 218|0x000000008da00000, 0x000000008db00000, 0x000000008db00000|100%| O|  |TAMS 0x000000008da00000, 0x000000008db00000| Untracked 
| 219|0x000000008db00000, 0x000000008dc00000, 0x000000008dc00000|100%| O|  |TAMS 0x000000008db00000, 0x000000008dc00000| Untracked 
| 220|0x000000008dc00000, 0x000000008dd00000, 0x000000008dd00000|100%| O|  |TAMS 0x000000008dc00000, 0x000000008dd00000| Untracked 
| 221|0x000000008dd00000, 0x000000008de00000, 0x000000008de00000|100%| O|  |TAMS 0x000000008dd00000, 0x000000008de00000| Untracked 
| 222|0x000000008de00000, 0x000000008df00000, 0x000000008df00000|100%| O|  |TAMS 0x000000008de00000, 0x000000008df00000| Untracked 
| 223|0x000000008df00000, 0x000000008e000000, 0x000000008e000000|100%| O|  |TAMS 0x000000008df00000, 0x000000008e000000| Untracked 
| 224|0x000000008e000000, 0x000000008e100000, 0x000000008e100000|100%| O|  |TAMS 0x000000008e000000, 0x000000008e100000| Untracked 
| 225|0x000000008e100000, 0x000000008e200000, 0x000000008e200000|100%| O|  |TAMS 0x000000008e100000, 0x000000008e200000| Untracked 
| 226|0x000000008e200000, 0x000000008e300000, 0x000000008e300000|100%| O|  |TAMS 0x000000008e200000, 0x000000008e300000| Untracked 
| 227|0x000000008e300000, 0x000000008e400000, 0x000000008e400000|100%| O|  |TAMS 0x000000008e300000, 0x000000008e400000| Untracked 
| 228|0x000000008e400000, 0x000000008e500000, 0x000000008e500000|100%| O|  |TAMS 0x000000008e400000, 0x000000008e500000| Untracked 
| 229|0x000000008e500000, 0x000000008e600000, 0x000000008e600000|100%| O|  |TAMS 0x000000008e500000, 0x000000008e600000| Untracked 
| 230|0x000000008e600000, 0x000000008e700000, 0x000000008e700000|100%| O|  |TAMS 0x000000008e600000, 0x000000008e700000| Untracked 
| 231|0x000000008e700000, 0x000000008e800000, 0x000000008e800000|100%| O|  |TAMS 0x000000008e700000, 0x000000008e800000| Untracked 
| 232|0x000000008e800000, 0x000000008e900000, 0x000000008e900000|100%| O|  |TAMS 0x000000008e800000, 0x000000008e900000| Untracked 
| 233|0x000000008e900000, 0x000000008ea00000, 0x000000008ea00000|100%| O|  |TAMS 0x000000008e900000, 0x000000008ea00000| Untracked 
| 234|0x000000008ea00000, 0x000000008eb00000, 0x000000008eb00000|100%| O|  |TAMS 0x000000008ea00000, 0x000000008eb00000| Untracked 
| 235|0x000000008eb00000, 0x000000008ec00000, 0x000000008ec00000|100%| O|  |TAMS 0x000000008eb00000, 0x000000008ec00000| Untracked 
| 236|0x000000008ec00000, 0x000000008ed00000, 0x000000008ed00000|100%| O|  |TAMS 0x000000008ec00000, 0x000000008ed00000| Untracked 
| 237|0x000000008ed00000, 0x000000008ee00000, 0x000000008ee00000|100%| O|  |TAMS 0x000000008ed00000, 0x000000008ee00000| Untracked 
| 238|0x000000008ee00000, 0x000000008ef00000, 0x000000008ef00000|100%| O|  |TAMS 0x000000008ee00000, 0x000000008ef00000| Untracked 
| 239|0x000000008ef00000, 0x000000008f000000, 0x000000008f000000|100%| O|  |TAMS 0x000000008f000000, 0x000000008f000000| Untracked 
| 240|0x000000008f000000, 0x000000008f000000, 0x000000008f100000|  0%| F|  |TAMS 0x000000008f000000, 0x000000008f000000| Untracked 
| 241|0x000000008f100000, 0x000000008f100000, 0x000000008f200000|  0%| F|  |TAMS 0x000000008f100000, 0x000000008f100000| Untracked 
| 242|0x000000008f200000, 0x000000008f300000, 0x000000008f300000|100%| O|  |TAMS 0x000000008f200000, 0x000000008f300000| Untracked 
| 243|0x000000008f300000, 0x000000008f300000, 0x000000008f400000|  0%| F|  |TAMS 0x000000008f300000, 0x000000008f300000| Untracked 
| 244|0x000000008f400000, 0x000000008f500000, 0x000000008f500000|100%| O|  |TAMS 0x000000008f500000, 0x000000008f500000| Untracked 
| 245|0x000000008f500000, 0x000000008f500000, 0x000000008f600000|  0%| F|  |TAMS 0x000000008f500000, 0x000000008f500000| Untracked 
| 246|0x000000008f600000, 0x000000008f600000, 0x000000008f700000|  0%| F|  |TAMS 0x000000008f600000, 0x000000008f600000| Untracked 
| 247|0x000000008f700000, 0x000000008f700000, 0x000000008f800000|  0%| F|  |TAMS 0x000000008f700000, 0x000000008f700000| Untracked 
| 248|0x000000008f800000, 0x000000008f800000, 0x000000008f900000|  0%| F|  |TAMS 0x000000008f800000, 0x000000008f800000| Untracked 
| 249|0x000000008f900000, 0x000000008f900000, 0x000000008fa00000|  0%| F|  |TAMS 0x000000008f900000, 0x000000008f900000| Untracked 
| 250|0x000000008fa00000, 0x000000008fa00000, 0x000000008fb00000|  0%| F|  |TAMS 0x000000008fa00000, 0x000000008fa00000| Untracked 
| 251|0x000000008fb00000, 0x000000008fb00000, 0x000000008fc00000|  0%| F|  |TAMS 0x000000008fb00000, 0x000000008fb00000| Untracked 
| 252|0x000000008fc00000, 0x000000008fc00000, 0x000000008fd00000|  0%| F|  |TAMS 0x000000008fc00000, 0x000000008fc00000| Untracked 
| 253|0x000000008fd00000, 0x000000008fd00000, 0x000000008fe00000|  0%| F|  |TAMS 0x000000008fd00000, 0x000000008fd00000| Untracked 
| 254|0x000000008fe00000, 0x000000008fe00000, 0x000000008ff00000|  0%| F|  |TAMS 0x000000008fe00000, 0x000000008fe00000| Untracked 
| 255|0x000000008ff00000, 0x000000008ff00000, 0x0000000090000000|  0%| F|  |TAMS 0x000000008ff00000, 0x000000008ff00000| Untracked 
| 256|0x0000000090000000, 0x0000000090000000, 0x0000000090100000|  0%| F|  |TAMS 0x0000000090000000, 0x0000000090000000| Untracked 
| 257|0x0000000090100000, 0x0000000090100000, 0x0000000090200000|  0%| F|  |TAMS 0x0000000090100000, 0x0000000090100000| Untracked 
| 258|0x0000000090200000, 0x0000000090200000, 0x0000000090300000|  0%| F|  |TAMS 0x0000000090200000, 0x0000000090200000| Untracked 
| 259|0x0000000090300000, 0x0000000090300000, 0x0000000090400000|  0%| F|  |TAMS 0x0000000090300000, 0x0000000090300000| Untracked 
| 260|0x0000000090400000, 0x0000000090400000, 0x0000000090500000|  0%| F|  |TAMS 0x0000000090400000, 0x0000000090400000| Untracked 
| 261|0x0000000090500000, 0x0000000090500000, 0x0000000090600000|  0%| F|  |TAMS 0x0000000090500000, 0x0000000090500000| Untracked 
| 262|0x0000000090600000, 0x0000000090600000, 0x0000000090700000|  0%| F|  |TAMS 0x0000000090600000, 0x0000000090600000| Untracked 
| 263|0x0000000090700000, 0x0000000090700000, 0x0000000090800000|  0%| F|  |TAMS 0x0000000090700000, 0x0000000090700000| Untracked 
| 264|0x0000000090800000, 0x0000000090800000, 0x0000000090900000|  0%| F|  |TAMS 0x0000000090800000, 0x0000000090800000| Untracked 
| 265|0x0000000090900000, 0x0000000090900000, 0x0000000090a00000|  0%| F|  |TAMS 0x0000000090900000, 0x0000000090900000| Untracked 
| 266|0x0000000090a00000, 0x0000000090b00000, 0x0000000090b00000|100%|HS|  |TAMS 0x0000000090a00000, 0x0000000090b00000| Complete 
| 267|0x0000000090b00000, 0x0000000090c00000, 0x0000000090c00000|100%|HC|  |TAMS 0x0000000090b00000, 0x0000000090c00000| Complete 
| 268|0x0000000090c00000, 0x0000000090d00000, 0x0000000090d00000|100%|HS|  |TAMS 0x0000000090c00000, 0x0000000090d00000| Complete 
| 269|0x0000000090d00000, 0x0000000090e00000, 0x0000000090e00000|100%|HC|  |TAMS 0x0000000090d00000, 0x0000000090e00000| Complete 
| 270|0x0000000090e00000, 0x0000000090f00000, 0x0000000090f00000|100%| O|  |TAMS 0x0000000090e00000, 0x0000000090f00000| Untracked 
| 271|0x0000000090f00000, 0x0000000091000000, 0x0000000091000000|100%| O|  |TAMS 0x0000000090f00000, 0x0000000091000000| Untracked 
| 272|0x0000000091000000, 0x0000000091100000, 0x0000000091100000|100%| O|  |TAMS 0x0000000091000000, 0x0000000091100000| Untracked 
| 273|0x0000000091100000, 0x0000000091200000, 0x0000000091200000|100%| O|  |TAMS 0x0000000091100000, 0x0000000091200000| Untracked 
| 274|0x0000000091200000, 0x0000000091300000, 0x0000000091300000|100%| O|  |TAMS 0x0000000091200000, 0x0000000091300000| Untracked 
| 275|0x0000000091300000, 0x0000000091400000, 0x0000000091400000|100%| O|  |TAMS 0x0000000091300000, 0x0000000091400000| Untracked 
| 276|0x0000000091400000, 0x0000000091500000, 0x0000000091500000|100%| O|  |TAMS 0x0000000091400000, 0x0000000091500000| Untracked 
| 277|0x0000000091500000, 0x0000000091600000, 0x0000000091600000|100%| O|  |TAMS 0x0000000091500000, 0x0000000091600000| Untracked 
| 278|0x0000000091600000, 0x0000000091700000, 0x0000000091700000|100%| O|  |TAMS 0x0000000091600000, 0x0000000091700000| Untracked 
| 279|0x0000000091700000, 0x0000000091800000, 0x0000000091800000|100%| O|  |TAMS 0x0000000091700000, 0x0000000091800000| Untracked 
| 280|0x0000000091800000, 0x0000000091900000, 0x0000000091900000|100%| O|  |TAMS 0x0000000091800000, 0x0000000091900000| Untracked 
| 281|0x0000000091900000, 0x0000000091a00000, 0x0000000091a00000|100%| O|  |TAMS 0x0000000091900000, 0x0000000091a00000| Untracked 
| 282|0x0000000091a00000, 0x0000000091b00000, 0x0000000091b00000|100%| O|  |TAMS 0x0000000091a00000, 0x0000000091b00000| Untracked 
| 283|0x0000000091b00000, 0x0000000091c00000, 0x0000000091c00000|100%| O|  |TAMS 0x0000000091b00000, 0x0000000091c00000| Untracked 
| 284|0x0000000091c00000, 0x0000000091d00000, 0x0000000091d00000|100%| O|  |TAMS 0x0000000091c00000, 0x0000000091d00000| Untracked 
| 285|0x0000000091d00000, 0x0000000091e00000, 0x0000000091e00000|100%| O|  |TAMS 0x0000000091d00000, 0x0000000091e00000| Untracked 
| 286|0x0000000091e00000, 0x0000000091f00000, 0x0000000091f00000|100%| O|  |TAMS 0x0000000091e00000, 0x0000000091f00000| Untracked 
| 287|0x0000000091f00000, 0x0000000091f00000, 0x0000000092000000|  0%| F|  |TAMS 0x0000000091f00000, 0x0000000091f00000| Untracked 
| 288|0x0000000092000000, 0x0000000092000000, 0x0000000092100000|  0%| F|  |TAMS 0x0000000092000000, 0x0000000092000000| Untracked 
| 289|0x0000000092100000, 0x0000000092100000, 0x0000000092200000|  0%| F|  |TAMS 0x0000000092100000, 0x0000000092100000| Untracked 
| 290|0x0000000092200000, 0x0000000092200000, 0x0000000092300000|  0%| F|  |TAMS 0x0000000092200000, 0x0000000092200000| Untracked 
| 291|0x0000000092300000, 0x0000000092300000, 0x0000000092400000|  0%| F|  |TAMS 0x0000000092300000, 0x0000000092300000| Untracked 
| 292|0x0000000092400000, 0x0000000092400000, 0x0000000092500000|  0%| F|  |TAMS 0x0000000092400000, 0x0000000092400000| Untracked 
| 293|0x0000000092500000, 0x0000000092500000, 0x0000000092600000|  0%| F|  |TAMS 0x0000000092500000, 0x0000000092500000| Untracked 
| 294|0x0000000092600000, 0x0000000092600000, 0x0000000092700000|  0%| F|  |TAMS 0x0000000092600000, 0x0000000092600000| Untracked 
| 295|0x0000000092700000, 0x0000000092700000, 0x0000000092800000|  0%| F|  |TAMS 0x0000000092700000, 0x0000000092700000| Untracked 
| 296|0x0000000092800000, 0x0000000092800000, 0x0000000092900000|  0%| F|  |TAMS 0x0000000092800000, 0x0000000092800000| Untracked 
| 297|0x0000000092900000, 0x0000000092900000, 0x0000000092a00000|  0%| F|  |TAMS 0x0000000092900000, 0x0000000092900000| Untracked 
| 298|0x0000000092a00000, 0x0000000092a00000, 0x0000000092b00000|  0%| F|  |TAMS 0x0000000092a00000, 0x0000000092a00000| Untracked 
| 299|0x0000000092b00000, 0x0000000092b00000, 0x0000000092c00000|  0%| F|  |TAMS 0x0000000092b00000, 0x0000000092b00000| Untracked 
| 300|0x0000000092c00000, 0x0000000092c00000, 0x0000000092d00000|  0%| F|  |TAMS 0x0000000092c00000, 0x0000000092c00000| Untracked 
| 301|0x0000000092d00000, 0x0000000092d00000, 0x0000000092e00000|  0%| F|  |TAMS 0x0000000092d00000, 0x0000000092d00000| Untracked 
| 302|0x0000000092e00000, 0x0000000092e00000, 0x0000000092f00000|  0%| F|  |TAMS 0x0000000092e00000, 0x0000000092e00000| Untracked 
| 303|0x0000000092f00000, 0x0000000092f00000, 0x0000000093000000|  0%| F|  |TAMS 0x0000000092f00000, 0x0000000092f00000| Untracked 
| 304|0x0000000093000000, 0x0000000093000000, 0x0000000093100000|  0%| F|  |TAMS 0x0000000093000000, 0x0000000093000000| Untracked 
| 305|0x0000000093100000, 0x0000000093100000, 0x0000000093200000|  0%| F|  |TAMS 0x0000000093100000, 0x0000000093100000| Untracked 
| 306|0x0000000093200000, 0x0000000093200000, 0x0000000093300000|  0%| F|  |TAMS 0x0000000093200000, 0x0000000093200000| Untracked 
| 307|0x0000000093300000, 0x0000000093300000, 0x0000000093400000|  0%| F|  |TAMS 0x0000000093300000, 0x0000000093300000| Untracked 
| 308|0x0000000093400000, 0x0000000093400000, 0x0000000093500000|  0%| F|  |TAMS 0x0000000093400000, 0x0000000093400000| Untracked 
| 309|0x0000000093500000, 0x0000000093500000, 0x0000000093600000|  0%| F|  |TAMS 0x0000000093500000, 0x0000000093500000| Untracked 
| 310|0x0000000093600000, 0x0000000093600000, 0x0000000093700000|  0%| F|  |TAMS 0x0000000093600000, 0x0000000093600000| Untracked 
| 311|0x0000000093700000, 0x0000000093700000, 0x0000000093800000|  0%| F|  |TAMS 0x0000000093700000, 0x0000000093700000| Untracked 
| 312|0x0000000093800000, 0x0000000093800000, 0x0000000093900000|  0%| F|  |TAMS 0x0000000093800000, 0x0000000093800000| Untracked 
| 313|0x0000000093900000, 0x0000000093900000, 0x0000000093a00000|  0%| F|  |TAMS 0x0000000093900000, 0x0000000093900000| Untracked 
| 314|0x0000000093a00000, 0x0000000093a00000, 0x0000000093b00000|  0%| F|  |TAMS 0x0000000093a00000, 0x0000000093a00000| Untracked 
| 315|0x0000000093b00000, 0x0000000093b00000, 0x0000000093c00000|  0%| F|  |TAMS 0x0000000093b00000, 0x0000000093b00000| Untracked 
| 316|0x0000000093c00000, 0x0000000093d00000, 0x0000000093d00000|100%| O|  |TAMS 0x0000000093d00000, 0x0000000093d00000| Untracked 
| 317|0x0000000093d00000, 0x0000000093d00000, 0x0000000093e00000|  0%| F|  |TAMS 0x0000000093d00000, 0x0000000093d00000| Untracked 
| 318|0x0000000093e00000, 0x0000000093e00000, 0x0000000093f00000|  0%| F|  |TAMS 0x0000000093e00000, 0x0000000093e00000| Untracked 
| 319|0x0000000093f00000, 0x0000000093f00000, 0x0000000094000000|  0%| F|  |TAMS 0x0000000093f00000, 0x0000000093f00000| Untracked 
| 320|0x0000000094000000, 0x0000000094000000, 0x0000000094100000|  0%| F|  |TAMS 0x0000000094000000, 0x0000000094000000| Untracked 
| 321|0x0000000094100000, 0x0000000094100000, 0x0000000094200000|  0%| F|  |TAMS 0x0000000094100000, 0x0000000094100000| Untracked 
| 322|0x0000000094200000, 0x0000000094200000, 0x0000000094300000|  0%| F|  |TAMS 0x0000000094200000, 0x0000000094200000| Untracked 
| 323|0x0000000094300000, 0x0000000094300000, 0x0000000094400000|  0%| F|  |TAMS 0x0000000094300000, 0x0000000094300000| Untracked 
| 324|0x0000000094400000, 0x0000000094400000, 0x0000000094500000|  0%| F|  |TAMS 0x0000000094400000, 0x0000000094400000| Untracked 
| 325|0x0000000094500000, 0x0000000094500000, 0x0000000094600000|  0%| F|  |TAMS 0x0000000094500000, 0x0000000094500000| Untracked 
| 326|0x0000000094600000, 0x0000000094600000, 0x0000000094700000|  0%| F|  |TAMS 0x0000000094600000, 0x0000000094600000| Untracked 
| 327|0x0000000094700000, 0x0000000094700000, 0x0000000094800000|  0%| F|  |TAMS 0x0000000094700000, 0x0000000094700000| Untracked 
| 328|0x0000000094800000, 0x0000000094800000, 0x0000000094900000|  0%| F|  |TAMS 0x0000000094800000, 0x0000000094800000| Untracked 
| 329|0x0000000094900000, 0x0000000094900000, 0x0000000094a00000|  0%| F|  |TAMS 0x0000000094900000, 0x0000000094900000| Untracked 
| 330|0x0000000094a00000, 0x0000000094a00000, 0x0000000094b00000|  0%| F|  |TAMS 0x0000000094a00000, 0x0000000094a00000| Untracked 
| 331|0x0000000094b00000, 0x0000000094b00000, 0x0000000094c00000|  0%| F|  |TAMS 0x0000000094b00000, 0x0000000094b00000| Untracked 
| 332|0x0000000094c00000, 0x0000000094c00000, 0x0000000094d00000|  0%| F|  |TAMS 0x0000000094c00000, 0x0000000094c00000| Untracked 
| 333|0x0000000094d00000, 0x0000000094d00000, 0x0000000094e00000|  0%| F|  |TAMS 0x0000000094d00000, 0x0000000094d00000| Untracked 
| 334|0x0000000094e00000, 0x0000000094e00000, 0x0000000094f00000|  0%| F|  |TAMS 0x0000000094e00000, 0x0000000094e00000| Untracked 
| 335|0x0000000094f00000, 0x0000000094f00000, 0x0000000095000000|  0%| F|  |TAMS 0x0000000094f00000, 0x0000000094f00000| Untracked 
| 336|0x0000000095000000, 0x0000000095000000, 0x0000000095100000|  0%| F|  |TAMS 0x0000000095000000, 0x0000000095000000| Untracked 
| 337|0x0000000095100000, 0x0000000095100000, 0x0000000095200000|  0%| F|  |TAMS 0x0000000095100000, 0x0000000095100000| Untracked 
| 338|0x0000000095200000, 0x0000000095200000, 0x0000000095300000|  0%| F|  |TAMS 0x0000000095200000, 0x0000000095200000| Untracked 
| 339|0x0000000095300000, 0x0000000095300000, 0x0000000095400000|  0%| F|  |TAMS 0x0000000095300000, 0x0000000095300000| Untracked 
| 340|0x0000000095400000, 0x0000000095400000, 0x0000000095500000|  0%| F|  |TAMS 0x0000000095400000, 0x0000000095400000| Untracked 
| 341|0x0000000095500000, 0x0000000095500000, 0x0000000095600000|  0%| F|  |TAMS 0x0000000095500000, 0x0000000095500000| Untracked 
| 342|0x0000000095600000, 0x0000000095600000, 0x0000000095700000|  0%| F|  |TAMS 0x0000000095600000, 0x0000000095600000| Untracked 
| 343|0x0000000095700000, 0x0000000095700000, 0x0000000095800000|  0%| F|  |TAMS 0x0000000095700000, 0x0000000095700000| Untracked 
| 344|0x0000000095800000, 0x0000000095800000, 0x0000000095900000|  0%| F|  |TAMS 0x0000000095800000, 0x0000000095800000| Untracked 
| 345|0x0000000095900000, 0x0000000095900000, 0x0000000095a00000|  0%| F|  |TAMS 0x0000000095900000, 0x0000000095900000| Untracked 
| 346|0x0000000095a00000, 0x0000000095a00000, 0x0000000095b00000|  0%| F|  |TAMS 0x0000000095a00000, 0x0000000095a00000| Untracked 
| 347|0x0000000095b00000, 0x0000000095b00000, 0x0000000095c00000|  0%| F|  |TAMS 0x0000000095b00000, 0x0000000095b00000| Untracked 
| 348|0x0000000095c00000, 0x0000000095c00000, 0x0000000095d00000|  0%| F|  |TAMS 0x0000000095c00000, 0x0000000095c00000| Untracked 
| 349|0x0000000095d00000, 0x0000000095d00000, 0x0000000095e00000|  0%| F|  |TAMS 0x0000000095d00000, 0x0000000095d00000| Untracked 
| 350|0x0000000095e00000, 0x0000000095e00000, 0x0000000095f00000|  0%| F|  |TAMS 0x0000000095e00000, 0x0000000095e00000| Untracked 
| 351|0x0000000095f00000, 0x0000000095f00000, 0x0000000096000000|  0%| F|  |TAMS 0x0000000095f00000, 0x0000000095f00000| Untracked 
| 352|0x0000000096000000, 0x0000000096000000, 0x0000000096100000|  0%| F|  |TAMS 0x0000000096000000, 0x0000000096000000| Untracked 
| 353|0x0000000096100000, 0x0000000096100000, 0x0000000096200000|  0%| F|  |TAMS 0x0000000096100000, 0x0000000096100000| Untracked 
| 354|0x0000000096200000, 0x0000000096200000, 0x0000000096300000|  0%| F|  |TAMS 0x0000000096200000, 0x0000000096200000| Untracked 
| 355|0x0000000096300000, 0x0000000096300000, 0x0000000096400000|  0%| F|  |TAMS 0x0000000096300000, 0x0000000096300000| Untracked 
| 356|0x0000000096400000, 0x0000000096400000, 0x0000000096500000|  0%| F|  |TAMS 0x0000000096400000, 0x0000000096400000| Untracked 
| 357|0x0000000096500000, 0x0000000096500000, 0x0000000096600000|  0%| F|  |TAMS 0x0000000096500000, 0x0000000096500000| Untracked 
| 358|0x0000000096600000, 0x0000000096600000, 0x0000000096700000|  0%| F|  |TAMS 0x0000000096600000, 0x0000000096600000| Untracked 
| 359|0x0000000096700000, 0x0000000096700000, 0x0000000096800000|  0%| F|  |TAMS 0x0000000096700000, 0x0000000096700000| Untracked 
| 360|0x0000000096800000, 0x0000000096800000, 0x0000000096900000|  0%| F|  |TAMS 0x0000000096800000, 0x0000000096800000| Untracked 
| 361|0x0000000096900000, 0x0000000096900000, 0x0000000096a00000|  0%| F|  |TAMS 0x0000000096900000, 0x0000000096900000| Untracked 
| 362|0x0000000096a00000, 0x0000000096a00000, 0x0000000096b00000|  0%| F|  |TAMS 0x0000000096a00000, 0x0000000096a00000| Untracked 
| 363|0x0000000096b00000, 0x0000000096b00000, 0x0000000096c00000|  0%| F|  |TAMS 0x0000000096b00000, 0x0000000096b00000| Untracked 
| 364|0x0000000096c00000, 0x0000000096c00000, 0x0000000096d00000|  0%| F|  |TAMS 0x0000000096c00000, 0x0000000096c00000| Untracked 
| 365|0x0000000096d00000, 0x0000000096d00000, 0x0000000096e00000|  0%| F|  |TAMS 0x0000000096d00000, 0x0000000096d00000| Untracked 
| 366|0x0000000096e00000, 0x0000000096e00000, 0x0000000096f00000|  0%| F|  |TAMS 0x0000000096e00000, 0x0000000096e00000| Untracked 
| 367|0x0000000096f00000, 0x0000000096f00000, 0x0000000097000000|  0%| F|  |TAMS 0x0000000096f00000, 0x0000000096f00000| Untracked 
| 368|0x0000000097000000, 0x0000000097000000, 0x0000000097100000|  0%| F|  |TAMS 0x0000000097000000, 0x0000000097000000| Untracked 
| 369|0x0000000097100000, 0x0000000097100000, 0x0000000097200000|  0%| F|  |TAMS 0x0000000097100000, 0x0000000097100000| Untracked 
| 370|0x0000000097200000, 0x0000000097200000, 0x0000000097300000|  0%| F|  |TAMS 0x0000000097200000, 0x0000000097200000| Untracked 
| 371|0x0000000097300000, 0x0000000097300000, 0x0000000097400000|  0%| F|  |TAMS 0x0000000097300000, 0x0000000097300000| Untracked 
| 372|0x0000000097400000, 0x0000000097400000, 0x0000000097500000|  0%| F|  |TAMS 0x0000000097400000, 0x0000000097400000| Untracked 
| 373|0x0000000097500000, 0x0000000097500000, 0x0000000097600000|  0%| F|  |TAMS 0x0000000097500000, 0x0000000097500000| Untracked 
| 374|0x0000000097600000, 0x0000000097600000, 0x0000000097700000|  0%| F|  |TAMS 0x0000000097600000, 0x0000000097600000| Untracked 
| 375|0x0000000097700000, 0x0000000097700000, 0x0000000097800000|  0%| F|  |TAMS 0x0000000097700000, 0x0000000097700000| Untracked 
| 376|0x0000000097800000, 0x0000000097800000, 0x0000000097900000|  0%| F|  |TAMS 0x0000000097800000, 0x0000000097800000| Untracked 
| 377|0x0000000097900000, 0x0000000097900000, 0x0000000097a00000|  0%| F|  |TAMS 0x0000000097900000, 0x0000000097900000| Untracked 
| 378|0x0000000097a00000, 0x0000000097a00000, 0x0000000097b00000|  0%| F|  |TAMS 0x0000000097a00000, 0x0000000097a00000| Untracked 
| 379|0x0000000097b00000, 0x0000000097b00000, 0x0000000097c00000|  0%| F|  |TAMS 0x0000000097b00000, 0x0000000097b00000| Untracked 
| 380|0x0000000097c00000, 0x0000000097c00000, 0x0000000097d00000|  0%| F|  |TAMS 0x0000000097c00000, 0x0000000097c00000| Untracked 
| 381|0x0000000097d00000, 0x0000000097d00000, 0x0000000097e00000|  0%| F|  |TAMS 0x0000000097d00000, 0x0000000097d00000| Untracked 
| 382|0x0000000097e00000, 0x0000000097e00000, 0x0000000097f00000|  0%| F|  |TAMS 0x0000000097e00000, 0x0000000097e00000| Untracked 
| 383|0x0000000097f00000, 0x0000000097f00000, 0x0000000098000000|  0%| F|  |TAMS 0x0000000097f00000, 0x0000000097f00000| Untracked 
| 384|0x0000000098000000, 0x0000000098000000, 0x0000000098100000|  0%| F|  |TAMS 0x0000000098000000, 0x0000000098000000| Untracked 
| 385|0x0000000098100000, 0x0000000098100000, 0x0000000098200000|  0%| F|  |TAMS 0x0000000098100000, 0x0000000098100000| Untracked 
| 386|0x0000000098200000, 0x0000000098200000, 0x0000000098300000|  0%| F|  |TAMS 0x0000000098200000, 0x0000000098200000| Untracked 
| 387|0x0000000098300000, 0x0000000098300000, 0x0000000098400000|  0%| F|  |TAMS 0x0000000098300000, 0x0000000098300000| Untracked 
| 388|0x0000000098400000, 0x0000000098400000, 0x0000000098500000|  0%| F|  |TAMS 0x0000000098400000, 0x0000000098400000| Untracked 
| 389|0x0000000098500000, 0x0000000098500000, 0x0000000098600000|  0%| F|  |TAMS 0x0000000098500000, 0x0000000098500000| Untracked 
| 390|0x0000000098600000, 0x0000000098600000, 0x0000000098700000|  0%| F|  |TAMS 0x0000000098600000, 0x0000000098600000| Untracked 
| 391|0x0000000098700000, 0x0000000098700000, 0x0000000098800000|  0%| F|  |TAMS 0x0000000098700000, 0x0000000098700000| Untracked 
| 392|0x0000000098800000, 0x0000000098800000, 0x0000000098900000|  0%| F|  |TAMS 0x0000000098800000, 0x0000000098800000| Untracked 
| 393|0x0000000098900000, 0x0000000098900000, 0x0000000098a00000|  0%| F|  |TAMS 0x0000000098900000, 0x0000000098900000| Untracked 
| 394|0x0000000098a00000, 0x0000000098a00000, 0x0000000098b00000|  0%| F|  |TAMS 0x0000000098a00000, 0x0000000098a00000| Untracked 
| 395|0x0000000098b00000, 0x0000000098b00000, 0x0000000098c00000|  0%| F|  |TAMS 0x0000000098b00000, 0x0000000098b00000| Untracked 
| 396|0x0000000098c00000, 0x0000000098c00000, 0x0000000098d00000|  0%| F|  |TAMS 0x0000000098c00000, 0x0000000098c00000| Untracked 
| 397|0x0000000098d00000, 0x0000000098d00000, 0x0000000098e00000|  0%| F|  |TAMS 0x0000000098d00000, 0x0000000098d00000| Untracked 
| 398|0x0000000098e00000, 0x0000000098e00000, 0x0000000098f00000|  0%| F|  |TAMS 0x0000000098e00000, 0x0000000098e00000| Untracked 
| 399|0x0000000098f00000, 0x0000000098f00000, 0x0000000099000000|  0%| F|  |TAMS 0x0000000098f00000, 0x0000000098f00000| Untracked 
| 400|0x0000000099000000, 0x0000000099000000, 0x0000000099100000|  0%| F|  |TAMS 0x0000000099000000, 0x0000000099000000| Untracked 
| 401|0x0000000099100000, 0x0000000099100000, 0x0000000099200000|  0%| F|  |TAMS 0x0000000099100000, 0x0000000099100000| Untracked 
| 402|0x0000000099200000, 0x0000000099200000, 0x0000000099300000|  0%| F|  |TAMS 0x0000000099200000, 0x0000000099200000| Untracked 
| 403|0x0000000099300000, 0x0000000099300000, 0x0000000099400000|  0%| F|  |TAMS 0x0000000099300000, 0x0000000099300000| Untracked 
| 404|0x0000000099400000, 0x0000000099400000, 0x0000000099500000|  0%| F|  |TAMS 0x0000000099400000, 0x0000000099400000| Untracked 
| 405|0x0000000099500000, 0x0000000099500000, 0x0000000099600000|  0%| F|  |TAMS 0x0000000099500000, 0x0000000099500000| Untracked 
| 406|0x0000000099600000, 0x0000000099600000, 0x0000000099700000|  0%| F|  |TAMS 0x0000000099600000, 0x0000000099600000| Untracked 
| 407|0x0000000099700000, 0x0000000099700000, 0x0000000099800000|  0%| F|  |TAMS 0x0000000099700000, 0x0000000099700000| Untracked 
| 408|0x0000000099800000, 0x0000000099800000, 0x0000000099900000|  0%| F|  |TAMS 0x0000000099800000, 0x0000000099800000| Untracked 
| 409|0x0000000099900000, 0x0000000099900000, 0x0000000099a00000|  0%| F|  |TAMS 0x0000000099900000, 0x0000000099900000| Untracked 
| 410|0x0000000099a00000, 0x0000000099a00000, 0x0000000099b00000|  0%| F|  |TAMS 0x0000000099a00000, 0x0000000099a00000| Untracked 
| 411|0x0000000099b00000, 0x0000000099b00000, 0x0000000099c00000|  0%| F|  |TAMS 0x0000000099b00000, 0x0000000099b00000| Untracked 
| 412|0x0000000099c00000, 0x0000000099c00000, 0x0000000099d00000|  0%| F|  |TAMS 0x0000000099c00000, 0x0000000099c00000| Untracked 
| 413|0x0000000099d00000, 0x0000000099d00000, 0x0000000099e00000|  0%| F|  |TAMS 0x0000000099d00000, 0x0000000099d00000| Untracked 
| 414|0x0000000099e00000, 0x0000000099e00000, 0x0000000099f00000|  0%| F|  |TAMS 0x0000000099e00000, 0x0000000099e00000| Untracked 
| 415|0x0000000099f00000, 0x0000000099f00000, 0x000000009a000000|  0%| F|  |TAMS 0x0000000099f00000, 0x0000000099f00000| Untracked 
| 416|0x000000009a000000, 0x000000009a000000, 0x000000009a100000|  0%| F|  |TAMS 0x000000009a000000, 0x000000009a000000| Untracked 
| 417|0x000000009a100000, 0x000000009a100000, 0x000000009a200000|  0%| F|  |TAMS 0x000000009a100000, 0x000000009a100000| Untracked 
| 418|0x000000009a200000, 0x000000009a200000, 0x000000009a300000|  0%| F|  |TAMS 0x000000009a200000, 0x000000009a200000| Untracked 
| 419|0x000000009a300000, 0x000000009a300000, 0x000000009a400000|  0%| F|  |TAMS 0x000000009a300000, 0x000000009a300000| Untracked 
| 420|0x000000009a400000, 0x000000009a400000, 0x000000009a500000|  0%| F|  |TAMS 0x000000009a400000, 0x000000009a400000| Untracked 
| 421|0x000000009a500000, 0x000000009a500000, 0x000000009a600000|  0%| F|  |TAMS 0x000000009a500000, 0x000000009a500000| Untracked 
| 422|0x000000009a600000, 0x000000009a600000, 0x000000009a700000|  0%| F|  |TAMS 0x000000009a600000, 0x000000009a600000| Untracked 
| 423|0x000000009a700000, 0x000000009a700000, 0x000000009a800000|  0%| F|  |TAMS 0x000000009a700000, 0x000000009a700000| Untracked 
| 424|0x000000009a800000, 0x000000009a800000, 0x000000009a900000|  0%| F|  |TAMS 0x000000009a800000, 0x000000009a800000| Untracked 
| 425|0x000000009a900000, 0x000000009a900000, 0x000000009aa00000|  0%| F|  |TAMS 0x000000009a900000, 0x000000009a900000| Untracked 
| 426|0x000000009aa00000, 0x000000009aa00000, 0x000000009ab00000|  0%| F|  |TAMS 0x000000009aa00000, 0x000000009aa00000| Untracked 
| 427|0x000000009ab00000, 0x000000009ab00000, 0x000000009ac00000|  0%| F|  |TAMS 0x000000009ab00000, 0x000000009ab00000| Untracked 
| 428|0x000000009ac00000, 0x000000009ac00000, 0x000000009ad00000|  0%| F|  |TAMS 0x000000009ac00000, 0x000000009ac00000| Untracked 
| 429|0x000000009ad00000, 0x000000009ad00000, 0x000000009ae00000|  0%| F|  |TAMS 0x000000009ad00000, 0x000000009ad00000| Untracked 
| 430|0x000000009ae00000, 0x000000009ae00000, 0x000000009af00000|  0%| F|  |TAMS 0x000000009ae00000, 0x000000009ae00000| Untracked 
| 431|0x000000009af00000, 0x000000009af00000, 0x000000009b000000|  0%| F|  |TAMS 0x000000009af00000, 0x000000009af00000| Untracked 
| 432|0x000000009b000000, 0x000000009b000000, 0x000000009b100000|  0%| F|  |TAMS 0x000000009b000000, 0x000000009b000000| Untracked 
| 433|0x000000009b100000, 0x000000009b100000, 0x000000009b200000|  0%| F|  |TAMS 0x000000009b100000, 0x000000009b100000| Untracked 
| 434|0x000000009b200000, 0x000000009b200000, 0x000000009b300000|  0%| F|  |TAMS 0x000000009b200000, 0x000000009b200000| Untracked 
| 435|0x000000009b300000, 0x000000009b300000, 0x000000009b400000|  0%| F|  |TAMS 0x000000009b300000, 0x000000009b300000| Untracked 
| 436|0x000000009b400000, 0x000000009b400000, 0x000000009b500000|  0%| F|  |TAMS 0x000000009b400000, 0x000000009b400000| Untracked 
| 437|0x000000009b500000, 0x000000009b500000, 0x000000009b600000|  0%| F|  |TAMS 0x000000009b500000, 0x000000009b500000| Untracked 
| 438|0x000000009b600000, 0x000000009b600000, 0x000000009b700000|  0%| F|  |TAMS 0x000000009b600000, 0x000000009b600000| Untracked 
| 439|0x000000009b700000, 0x000000009b700000, 0x000000009b800000|  0%| F|  |TAMS 0x000000009b700000, 0x000000009b700000| Untracked 
| 440|0x000000009b800000, 0x000000009b800000, 0x000000009b900000|  0%| F|  |TAMS 0x000000009b800000, 0x000000009b800000| Untracked 
| 441|0x000000009b900000, 0x000000009b900000, 0x000000009ba00000|  0%| F|  |TAMS 0x000000009b900000, 0x000000009b900000| Untracked 
| 442|0x000000009ba00000, 0x000000009ba00000, 0x000000009bb00000|  0%| F|  |TAMS 0x000000009ba00000, 0x000000009ba00000| Untracked 
| 443|0x000000009bb00000, 0x000000009bb00000, 0x000000009bc00000|  0%| F|  |TAMS 0x000000009bb00000, 0x000000009bb00000| Untracked 
| 444|0x000000009bc00000, 0x000000009bc00000, 0x000000009bd00000|  0%| F|  |TAMS 0x000000009bc00000, 0x000000009bc00000| Untracked 
| 445|0x000000009bd00000, 0x000000009bd00000, 0x000000009be00000|  0%| F|  |TAMS 0x000000009bd00000, 0x000000009bd00000| Untracked 
| 446|0x000000009be00000, 0x000000009be00000, 0x000000009bf00000|  0%| F|  |TAMS 0x000000009be00000, 0x000000009be00000| Untracked 
| 447|0x000000009bf00000, 0x000000009bf00000, 0x000000009c000000|  0%| F|  |TAMS 0x000000009bf00000, 0x000000009bf00000| Untracked 
| 448|0x000000009c000000, 0x000000009c000000, 0x000000009c100000|  0%| F|  |TAMS 0x000000009c000000, 0x000000009c000000| Untracked 
| 449|0x000000009c100000, 0x000000009c100000, 0x000000009c200000|  0%| F|  |TAMS 0x000000009c100000, 0x000000009c100000| Untracked 
| 450|0x000000009c200000, 0x000000009c200000, 0x000000009c300000|  0%| F|  |TAMS 0x000000009c200000, 0x000000009c200000| Untracked 
| 451|0x000000009c300000, 0x000000009c300000, 0x000000009c400000|  0%| F|  |TAMS 0x000000009c300000, 0x000000009c300000| Untracked 
| 452|0x000000009c400000, 0x000000009c400000, 0x000000009c500000|  0%| F|  |TAMS 0x000000009c400000, 0x000000009c400000| Untracked 
| 453|0x000000009c500000, 0x000000009c500000, 0x000000009c600000|  0%| F|  |TAMS 0x000000009c500000, 0x000000009c500000| Untracked 
| 454|0x000000009c600000, 0x000000009c600000, 0x000000009c700000|  0%| F|  |TAMS 0x000000009c600000, 0x000000009c600000| Untracked 
| 455|0x000000009c700000, 0x000000009c700000, 0x000000009c800000|  0%| F|  |TAMS 0x000000009c700000, 0x000000009c700000| Untracked 
| 456|0x000000009c800000, 0x000000009c800000, 0x000000009c900000|  0%| F|  |TAMS 0x000000009c800000, 0x000000009c800000| Untracked 
| 457|0x000000009c900000, 0x000000009c900000, 0x000000009ca00000|  0%| F|  |TAMS 0x000000009c900000, 0x000000009c900000| Untracked 
| 458|0x000000009ca00000, 0x000000009ca00000, 0x000000009cb00000|  0%| F|  |TAMS 0x000000009ca00000, 0x000000009ca00000| Untracked 
| 459|0x000000009cb00000, 0x000000009cb00000, 0x000000009cc00000|  0%| F|  |TAMS 0x000000009cb00000, 0x000000009cb00000| Untracked 
| 460|0x000000009cc00000, 0x000000009cc00000, 0x000000009cd00000|  0%| F|  |TAMS 0x000000009cc00000, 0x000000009cc00000| Untracked 
| 461|0x000000009cd00000, 0x000000009cd00000, 0x000000009ce00000|  0%| F|  |TAMS 0x000000009cd00000, 0x000000009cd00000| Untracked 
| 462|0x000000009ce00000, 0x000000009ce00000, 0x000000009cf00000|  0%| F|  |TAMS 0x000000009ce00000, 0x000000009ce00000| Untracked 
| 463|0x000000009cf00000, 0x000000009cf00000, 0x000000009d000000|  0%| F|  |TAMS 0x000000009cf00000, 0x000000009cf00000| Untracked 
| 464|0x000000009d000000, 0x000000009d000000, 0x000000009d100000|  0%| F|  |TAMS 0x000000009d000000, 0x000000009d000000| Untracked 
| 465|0x000000009d100000, 0x000000009d100000, 0x000000009d200000|  0%| F|  |TAMS 0x000000009d100000, 0x000000009d100000| Untracked 
| 466|0x000000009d200000, 0x000000009d200000, 0x000000009d300000|  0%| F|  |TAMS 0x000000009d200000, 0x000000009d200000| Untracked 
| 467|0x000000009d300000, 0x000000009d300000, 0x000000009d400000|  0%| F|  |TAMS 0x000000009d300000, 0x000000009d300000| Untracked 
| 468|0x000000009d400000, 0x000000009d400000, 0x000000009d500000|  0%| F|  |TAMS 0x000000009d400000, 0x000000009d400000| Untracked 
| 469|0x000000009d500000, 0x000000009d500000, 0x000000009d600000|  0%| F|  |TAMS 0x000000009d500000, 0x000000009d500000| Untracked 
| 470|0x000000009d600000, 0x000000009d600000, 0x000000009d700000|  0%| F|  |TAMS 0x000000009d600000, 0x000000009d600000| Untracked 
| 471|0x000000009d700000, 0x000000009d700000, 0x000000009d800000|  0%| F|  |TAMS 0x000000009d700000, 0x000000009d700000| Untracked 
| 472|0x000000009d800000, 0x000000009d800000, 0x000000009d900000|  0%| F|  |TAMS 0x000000009d800000, 0x000000009d800000| Untracked 
| 473|0x000000009d900000, 0x000000009d900000, 0x000000009da00000|  0%| F|  |TAMS 0x000000009d900000, 0x000000009d900000| Untracked 
| 474|0x000000009da00000, 0x000000009da00000, 0x000000009db00000|  0%| F|  |TAMS 0x000000009da00000, 0x000000009da00000| Untracked 
| 475|0x000000009db00000, 0x000000009db00000, 0x000000009dc00000|  0%| F|  |TAMS 0x000000009db00000, 0x000000009db00000| Untracked 
| 476|0x000000009dc00000, 0x000000009dc00000, 0x000000009dd00000|  0%| F|  |TAMS 0x000000009dc00000, 0x000000009dc00000| Untracked 
| 477|0x000000009dd00000, 0x000000009dd00000, 0x000000009de00000|  0%| F|  |TAMS 0x000000009dd00000, 0x000000009dd00000| Untracked 
| 478|0x000000009de00000, 0x000000009de00000, 0x000000009df00000|  0%| F|  |TAMS 0x000000009de00000, 0x000000009de00000| Untracked 
| 479|0x000000009df00000, 0x000000009df00000, 0x000000009e000000|  0%| F|  |TAMS 0x000000009df00000, 0x000000009df00000| Untracked 
| 480|0x000000009e000000, 0x000000009e000000, 0x000000009e100000|  0%| F|  |TAMS 0x000000009e000000, 0x000000009e000000| Untracked 
| 481|0x000000009e100000, 0x000000009e100000, 0x000000009e200000|  0%| F|  |TAMS 0x000000009e100000, 0x000000009e100000| Untracked 
| 482|0x000000009e200000, 0x000000009e200000, 0x000000009e300000|  0%| F|  |TAMS 0x000000009e200000, 0x000000009e200000| Untracked 
| 483|0x000000009e300000, 0x000000009e300000, 0x000000009e400000|  0%| F|  |TAMS 0x000000009e300000, 0x000000009e300000| Untracked 
| 484|0x000000009e400000, 0x000000009e400000, 0x000000009e500000|  0%| F|  |TAMS 0x000000009e400000, 0x000000009e400000| Untracked 
| 485|0x000000009e500000, 0x000000009e500000, 0x000000009e600000|  0%| F|  |TAMS 0x000000009e500000, 0x000000009e500000| Untracked 
| 486|0x000000009e600000, 0x000000009e600000, 0x000000009e700000|  0%| F|  |TAMS 0x000000009e600000, 0x000000009e600000| Untracked 
| 487|0x000000009e700000, 0x000000009e700000, 0x000000009e800000|  0%| F|  |TAMS 0x000000009e700000, 0x000000009e700000| Untracked 
| 488|0x000000009e800000, 0x000000009e800000, 0x000000009e900000|  0%| F|  |TAMS 0x000000009e800000, 0x000000009e800000| Untracked 
| 489|0x000000009e900000, 0x000000009e900000, 0x000000009ea00000|  0%| F|  |TAMS 0x000000009e900000, 0x000000009e900000| Untracked 
| 490|0x000000009ea00000, 0x000000009ea00000, 0x000000009eb00000|  0%| F|  |TAMS 0x000000009ea00000, 0x000000009ea00000| Untracked 
| 491|0x000000009eb00000, 0x000000009eb00000, 0x000000009ec00000|  0%| F|  |TAMS 0x000000009eb00000, 0x000000009eb00000| Untracked 
| 492|0x000000009ec00000, 0x000000009ec00000, 0x000000009ed00000|  0%| F|  |TAMS 0x000000009ec00000, 0x000000009ec00000| Untracked 
| 493|0x000000009ed00000, 0x000000009ed00000, 0x000000009ee00000|  0%| F|  |TAMS 0x000000009ed00000, 0x000000009ed00000| Untracked 
| 494|0x000000009ee00000, 0x000000009ee00000, 0x000000009ef00000|  0%| F|  |TAMS 0x000000009ee00000, 0x000000009ee00000| Untracked 
| 495|0x000000009ef00000, 0x000000009ef00000, 0x000000009f000000|  0%| F|  |TAMS 0x000000009ef00000, 0x000000009ef00000| Untracked 
| 496|0x000000009f000000, 0x000000009f000000, 0x000000009f100000|  0%| F|  |TAMS 0x000000009f000000, 0x000000009f000000| Untracked 
| 497|0x000000009f100000, 0x000000009f100000, 0x000000009f200000|  0%| F|  |TAMS 0x000000009f100000, 0x000000009f100000| Untracked 
| 498|0x000000009f200000, 0x000000009f200000, 0x000000009f300000|  0%| F|  |TAMS 0x000000009f200000, 0x000000009f200000| Untracked 
| 499|0x000000009f300000, 0x000000009f300000, 0x000000009f400000|  0%| F|  |TAMS 0x000000009f300000, 0x000000009f300000| Untracked 
| 500|0x000000009f400000, 0x000000009f400000, 0x000000009f500000|  0%| F|  |TAMS 0x000000009f400000, 0x000000009f400000| Untracked 
| 501|0x000000009f500000, 0x000000009f500000, 0x000000009f600000|  0%| F|  |TAMS 0x000000009f500000, 0x000000009f500000| Untracked 
| 502|0x000000009f600000, 0x000000009f600000, 0x000000009f700000|  0%| F|  |TAMS 0x000000009f600000, 0x000000009f600000| Untracked 
| 503|0x000000009f700000, 0x000000009f700000, 0x000000009f800000|  0%| F|  |TAMS 0x000000009f700000, 0x000000009f700000| Untracked 
| 504|0x000000009f800000, 0x000000009f800000, 0x000000009f900000|  0%| F|  |TAMS 0x000000009f800000, 0x000000009f800000| Untracked 
| 505|0x000000009f900000, 0x000000009f900000, 0x000000009fa00000|  0%| F|  |TAMS 0x000000009f900000, 0x000000009f900000| Untracked 
| 506|0x000000009fa00000, 0x000000009fa00000, 0x000000009fb00000|  0%| F|  |TAMS 0x000000009fa00000, 0x000000009fa00000| Untracked 
| 507|0x000000009fb00000, 0x000000009fb00000, 0x000000009fc00000|  0%| F|  |TAMS 0x000000009fb00000, 0x000000009fb00000| Untracked 
| 508|0x000000009fc00000, 0x000000009fc00000, 0x000000009fd00000|  0%| F|  |TAMS 0x000000009fc00000, 0x000000009fc00000| Untracked 
| 509|0x000000009fd00000, 0x000000009fd00000, 0x000000009fe00000|  0%| F|  |TAMS 0x000000009fd00000, 0x000000009fd00000| Untracked 
| 510|0x000000009fe00000, 0x000000009fe00000, 0x000000009ff00000|  0%| F|  |TAMS 0x000000009fe00000, 0x000000009fe00000| Untracked 
| 511|0x000000009ff00000, 0x000000009ff00000, 0x00000000a0000000|  0%| F|  |TAMS 0x000000009ff00000, 0x000000009ff00000| Untracked 
| 512|0x00000000a0000000, 0x00000000a0000000, 0x00000000a0100000|  0%| F|  |TAMS 0x00000000a0000000, 0x00000000a0000000| Untracked 
| 513|0x00000000a0100000, 0x00000000a0100000, 0x00000000a0200000|  0%| F|  |TAMS 0x00000000a0100000, 0x00000000a0100000| Untracked 
| 514|0x00000000a0200000, 0x00000000a0200000, 0x00000000a0300000|  0%| F|  |TAMS 0x00000000a0200000, 0x00000000a0200000| Untracked 
| 515|0x00000000a0300000, 0x00000000a0300000, 0x00000000a0400000|  0%| F|  |TAMS 0x00000000a0300000, 0x00000000a0300000| Untracked 
| 516|0x00000000a0400000, 0x00000000a0400000, 0x00000000a0500000|  0%| F|  |TAMS 0x00000000a0400000, 0x00000000a0400000| Untracked 
| 517|0x00000000a0500000, 0x00000000a0500000, 0x00000000a0600000|  0%| F|  |TAMS 0x00000000a0500000, 0x00000000a0500000| Untracked 
| 518|0x00000000a0600000, 0x00000000a0600000, 0x00000000a0700000|  0%| F|  |TAMS 0x00000000a0600000, 0x00000000a0600000| Untracked 
| 519|0x00000000a0700000, 0x00000000a0700000, 0x00000000a0800000|  0%| F|  |TAMS 0x00000000a0700000, 0x00000000a0700000| Untracked 
| 520|0x00000000a0800000, 0x00000000a0800000, 0x00000000a0900000|  0%| F|  |TAMS 0x00000000a0800000, 0x00000000a0800000| Untracked 
| 521|0x00000000a0900000, 0x00000000a0900000, 0x00000000a0a00000|  0%| F|  |TAMS 0x00000000a0900000, 0x00000000a0900000| Untracked 
| 522|0x00000000a0a00000, 0x00000000a0a00000, 0x00000000a0b00000|  0%| F|  |TAMS 0x00000000a0a00000, 0x00000000a0a00000| Untracked 
| 523|0x00000000a0b00000, 0x00000000a0b00000, 0x00000000a0c00000|  0%| F|  |TAMS 0x00000000a0b00000, 0x00000000a0b00000| Untracked 
| 524|0x00000000a0c00000, 0x00000000a0c00000, 0x00000000a0d00000|  0%| F|  |TAMS 0x00000000a0c00000, 0x00000000a0c00000| Untracked 
| 525|0x00000000a0d00000, 0x00000000a0d00000, 0x00000000a0e00000|  0%| F|  |TAMS 0x00000000a0d00000, 0x00000000a0d00000| Untracked 
| 526|0x00000000a0e00000, 0x00000000a0e00000, 0x00000000a0f00000|  0%| F|  |TAMS 0x00000000a0e00000, 0x00000000a0e00000| Untracked 
| 527|0x00000000a0f00000, 0x00000000a0f00000, 0x00000000a1000000|  0%| F|  |TAMS 0x00000000a0f00000, 0x00000000a0f00000| Untracked 
| 528|0x00000000a1000000, 0x00000000a1000000, 0x00000000a1100000|  0%| F|  |TAMS 0x00000000a1000000, 0x00000000a1000000| Untracked 
| 529|0x00000000a1100000, 0x00000000a1100000, 0x00000000a1200000|  0%| F|  |TAMS 0x00000000a1100000, 0x00000000a1100000| Untracked 
| 530|0x00000000a1200000, 0x00000000a1200000, 0x00000000a1300000|  0%| F|  |TAMS 0x00000000a1200000, 0x00000000a1200000| Untracked 
| 531|0x00000000a1300000, 0x00000000a1300000, 0x00000000a1400000|  0%| F|  |TAMS 0x00000000a1300000, 0x00000000a1300000| Untracked 
| 532|0x00000000a1400000, 0x00000000a1400000, 0x00000000a1500000|  0%| F|  |TAMS 0x00000000a1400000, 0x00000000a1400000| Untracked 
| 533|0x00000000a1500000, 0x00000000a1500000, 0x00000000a1600000|  0%| F|  |TAMS 0x00000000a1500000, 0x00000000a1500000| Untracked 
| 534|0x00000000a1600000, 0x00000000a1600000, 0x00000000a1700000|  0%| F|  |TAMS 0x00000000a1600000, 0x00000000a1600000| Untracked 
| 535|0x00000000a1700000, 0x00000000a1700000, 0x00000000a1800000|  0%| F|  |TAMS 0x00000000a1700000, 0x00000000a1700000| Untracked 
| 536|0x00000000a1800000, 0x00000000a1800000, 0x00000000a1900000|  0%| F|  |TAMS 0x00000000a1800000, 0x00000000a1800000| Untracked 
| 537|0x00000000a1900000, 0x00000000a1900000, 0x00000000a1a00000|  0%| F|  |TAMS 0x00000000a1900000, 0x00000000a1900000| Untracked 
| 538|0x00000000a1a00000, 0x00000000a1a00000, 0x00000000a1b00000|  0%| F|  |TAMS 0x00000000a1a00000, 0x00000000a1a00000| Untracked 
| 539|0x00000000a1b00000, 0x00000000a1b00000, 0x00000000a1c00000|  0%| F|  |TAMS 0x00000000a1b00000, 0x00000000a1b00000| Untracked 
| 540|0x00000000a1c00000, 0x00000000a1c00000, 0x00000000a1d00000|  0%| F|  |TAMS 0x00000000a1c00000, 0x00000000a1c00000| Untracked 
| 541|0x00000000a1d00000, 0x00000000a1d00000, 0x00000000a1e00000|  0%| F|  |TAMS 0x00000000a1d00000, 0x00000000a1d00000| Untracked 
| 542|0x00000000a1e00000, 0x00000000a1e00000, 0x00000000a1f00000|  0%| F|  |TAMS 0x00000000a1e00000, 0x00000000a1e00000| Untracked 
| 543|0x00000000a1f00000, 0x00000000a1f00000, 0x00000000a2000000|  0%| F|  |TAMS 0x00000000a1f00000, 0x00000000a1f00000| Untracked 
| 544|0x00000000a2000000, 0x00000000a2000000, 0x00000000a2100000|  0%| F|  |TAMS 0x00000000a2000000, 0x00000000a2000000| Untracked 
| 545|0x00000000a2100000, 0x00000000a2100000, 0x00000000a2200000|  0%| F|  |TAMS 0x00000000a2100000, 0x00000000a2100000| Untracked 
| 546|0x00000000a2200000, 0x00000000a2200000, 0x00000000a2300000|  0%| F|  |TAMS 0x00000000a2200000, 0x00000000a2200000| Untracked 
| 547|0x00000000a2300000, 0x00000000a2300000, 0x00000000a2400000|  0%| F|  |TAMS 0x00000000a2300000, 0x00000000a2300000| Untracked 
| 548|0x00000000a2400000, 0x00000000a2400000, 0x00000000a2500000|  0%| F|  |TAMS 0x00000000a2400000, 0x00000000a2400000| Untracked 
| 549|0x00000000a2500000, 0x00000000a2500000, 0x00000000a2600000|  0%| F|  |TAMS 0x00000000a2500000, 0x00000000a2500000| Untracked 
| 550|0x00000000a2600000, 0x00000000a2600000, 0x00000000a2700000|  0%| F|  |TAMS 0x00000000a2600000, 0x00000000a2600000| Untracked 
| 551|0x00000000a2700000, 0x00000000a2700000, 0x00000000a2800000|  0%| F|  |TAMS 0x00000000a2700000, 0x00000000a2700000| Untracked 
| 552|0x00000000a2800000, 0x00000000a2800000, 0x00000000a2900000|  0%| F|  |TAMS 0x00000000a2800000, 0x00000000a2800000| Untracked 
| 553|0x00000000a2900000, 0x00000000a2900000, 0x00000000a2a00000|  0%| F|  |TAMS 0x00000000a2900000, 0x00000000a2900000| Untracked 
| 554|0x00000000a2a00000, 0x00000000a2a00000, 0x00000000a2b00000|  0%| F|  |TAMS 0x00000000a2a00000, 0x00000000a2a00000| Untracked 
| 555|0x00000000a2b00000, 0x00000000a2b00000, 0x00000000a2c00000|  0%| F|  |TAMS 0x00000000a2b00000, 0x00000000a2b00000| Untracked 
| 556|0x00000000a2c00000, 0x00000000a2c00000, 0x00000000a2d00000|  0%| F|  |TAMS 0x00000000a2c00000, 0x00000000a2c00000| Untracked 
| 557|0x00000000a2d00000, 0x00000000a2d00000, 0x00000000a2e00000|  0%| F|  |TAMS 0x00000000a2d00000, 0x00000000a2d00000| Untracked 
| 558|0x00000000a2e00000, 0x00000000a2e00000, 0x00000000a2f00000|  0%| F|  |TAMS 0x00000000a2e00000, 0x00000000a2e00000| Untracked 
| 559|0x00000000a2f00000, 0x00000000a2f00000, 0x00000000a3000000|  0%| F|  |TAMS 0x00000000a2f00000, 0x00000000a2f00000| Untracked 
| 560|0x00000000a3000000, 0x00000000a3000000, 0x00000000a3100000|  0%| F|  |TAMS 0x00000000a3000000, 0x00000000a3000000| Untracked 
| 561|0x00000000a3100000, 0x00000000a3100000, 0x00000000a3200000|  0%| F|  |TAMS 0x00000000a3100000, 0x00000000a3100000| Untracked 
| 562|0x00000000a3200000, 0x00000000a3200000, 0x00000000a3300000|  0%| F|  |TAMS 0x00000000a3200000, 0x00000000a3200000| Untracked 
| 563|0x00000000a3300000, 0x00000000a3300000, 0x00000000a3400000|  0%| F|  |TAMS 0x00000000a3300000, 0x00000000a3300000| Untracked 
| 564|0x00000000a3400000, 0x00000000a3400000, 0x00000000a3500000|  0%| F|  |TAMS 0x00000000a3400000, 0x00000000a3400000| Untracked 
| 565|0x00000000a3500000, 0x00000000a3500000, 0x00000000a3600000|  0%| F|  |TAMS 0x00000000a3500000, 0x00000000a3500000| Untracked 
| 566|0x00000000a3600000, 0x00000000a3600000, 0x00000000a3700000|  0%| F|  |TAMS 0x00000000a3600000, 0x00000000a3600000| Untracked 
| 567|0x00000000a3700000, 0x00000000a3700000, 0x00000000a3800000|  0%| F|  |TAMS 0x00000000a3700000, 0x00000000a3700000| Untracked 
| 568|0x00000000a3800000, 0x00000000a3800000, 0x00000000a3900000|  0%| F|  |TAMS 0x00000000a3800000, 0x00000000a3800000| Untracked 
| 569|0x00000000a3900000, 0x00000000a3900000, 0x00000000a3a00000|  0%| F|  |TAMS 0x00000000a3900000, 0x00000000a3900000| Untracked 
| 570|0x00000000a3a00000, 0x00000000a3a00000, 0x00000000a3b00000|  0%| F|  |TAMS 0x00000000a3a00000, 0x00000000a3a00000| Untracked 
| 571|0x00000000a3b00000, 0x00000000a3b00000, 0x00000000a3c00000|  0%| F|  |TAMS 0x00000000a3b00000, 0x00000000a3b00000| Untracked 
| 572|0x00000000a3c00000, 0x00000000a3c00000, 0x00000000a3d00000|  0%| F|  |TAMS 0x00000000a3c00000, 0x00000000a3c00000| Untracked 
| 573|0x00000000a3d00000, 0x00000000a3d00000, 0x00000000a3e00000|  0%| F|  |TAMS 0x00000000a3d00000, 0x00000000a3d00000| Untracked 
| 574|0x00000000a3e00000, 0x00000000a3e00000, 0x00000000a3f00000|  0%| F|  |TAMS 0x00000000a3e00000, 0x00000000a3e00000| Untracked 
| 575|0x00000000a3f00000, 0x00000000a3f00000, 0x00000000a4000000|  0%| F|  |TAMS 0x00000000a3f00000, 0x00000000a3f00000| Untracked 
| 576|0x00000000a4000000, 0x00000000a4000000, 0x00000000a4100000|  0%| F|  |TAMS 0x00000000a4000000, 0x00000000a4000000| Untracked 
| 577|0x00000000a4100000, 0x00000000a4100000, 0x00000000a4200000|  0%| F|  |TAMS 0x00000000a4100000, 0x00000000a4100000| Untracked 
| 578|0x00000000a4200000, 0x00000000a4200000, 0x00000000a4300000|  0%| F|  |TAMS 0x00000000a4200000, 0x00000000a4200000| Untracked 
| 579|0x00000000a4300000, 0x00000000a4300000, 0x00000000a4400000|  0%| F|  |TAMS 0x00000000a4300000, 0x00000000a4300000| Untracked 
| 580|0x00000000a4400000, 0x00000000a4400000, 0x00000000a4500000|  0%| F|  |TAMS 0x00000000a4400000, 0x00000000a4400000| Untracked 
| 581|0x00000000a4500000, 0x00000000a4500000, 0x00000000a4600000|  0%| F|  |TAMS 0x00000000a4500000, 0x00000000a4500000| Untracked 
| 582|0x00000000a4600000, 0x00000000a4600000, 0x00000000a4700000|  0%| F|  |TAMS 0x00000000a4600000, 0x00000000a4600000| Untracked 
| 583|0x00000000a4700000, 0x00000000a4700000, 0x00000000a4800000|  0%| F|  |TAMS 0x00000000a4700000, 0x00000000a4700000| Untracked 
| 584|0x00000000a4800000, 0x00000000a4800000, 0x00000000a4900000|  0%| F|  |TAMS 0x00000000a4800000, 0x00000000a4800000| Untracked 
| 585|0x00000000a4900000, 0x00000000a4900000, 0x00000000a4a00000|  0%| F|  |TAMS 0x00000000a4900000, 0x00000000a4900000| Untracked 
| 586|0x00000000a4a00000, 0x00000000a4a00000, 0x00000000a4b00000|  0%| F|  |TAMS 0x00000000a4a00000, 0x00000000a4a00000| Untracked 
| 587|0x00000000a4b00000, 0x00000000a4b00000, 0x00000000a4c00000|  0%| F|  |TAMS 0x00000000a4b00000, 0x00000000a4b00000| Untracked 
| 588|0x00000000a4c00000, 0x00000000a4c00000, 0x00000000a4d00000|  0%| F|  |TAMS 0x00000000a4c00000, 0x00000000a4c00000| Untracked 
| 589|0x00000000a4d00000, 0x00000000a4d00000, 0x00000000a4e00000|  0%| F|  |TAMS 0x00000000a4d00000, 0x00000000a4d00000| Untracked 
| 590|0x00000000a4e00000, 0x00000000a4e00000, 0x00000000a4f00000|  0%| F|  |TAMS 0x00000000a4e00000, 0x00000000a4e00000| Untracked 
| 591|0x00000000a4f00000, 0x00000000a4f00000, 0x00000000a5000000|  0%| F|  |TAMS 0x00000000a4f00000, 0x00000000a4f00000| Untracked 
| 592|0x00000000a5000000, 0x00000000a5000000, 0x00000000a5100000|  0%| F|  |TAMS 0x00000000a5000000, 0x00000000a5000000| Untracked 
| 593|0x00000000a5100000, 0x00000000a5100000, 0x00000000a5200000|  0%| F|  |TAMS 0x00000000a5100000, 0x00000000a5100000| Untracked 
| 594|0x00000000a5200000, 0x00000000a5200000, 0x00000000a5300000|  0%| F|  |TAMS 0x00000000a5200000, 0x00000000a5200000| Untracked 
| 595|0x00000000a5300000, 0x00000000a5300000, 0x00000000a5400000|  0%| F|  |TAMS 0x00000000a5300000, 0x00000000a5300000| Untracked 
| 596|0x00000000a5400000, 0x00000000a5400000, 0x00000000a5500000|  0%| F|  |TAMS 0x00000000a5400000, 0x00000000a5400000| Untracked 
| 597|0x00000000a5500000, 0x00000000a5500000, 0x00000000a5600000|  0%| F|  |TAMS 0x00000000a5500000, 0x00000000a5500000| Untracked 
| 598|0x00000000a5600000, 0x00000000a5600000, 0x00000000a5700000|  0%| F|  |TAMS 0x00000000a5600000, 0x00000000a5600000| Untracked 
| 599|0x00000000a5700000, 0x00000000a5700000, 0x00000000a5800000|  0%| F|  |TAMS 0x00000000a5700000, 0x00000000a5700000| Untracked 
| 600|0x00000000a5800000, 0x00000000a5800000, 0x00000000a5900000|  0%| F|  |TAMS 0x00000000a5800000, 0x00000000a5800000| Untracked 
| 601|0x00000000a5900000, 0x00000000a5900000, 0x00000000a5a00000|  0%| F|  |TAMS 0x00000000a5900000, 0x00000000a5900000| Untracked 
| 602|0x00000000a5a00000, 0x00000000a5a00000, 0x00000000a5b00000|  0%| F|  |TAMS 0x00000000a5a00000, 0x00000000a5a00000| Untracked 
| 603|0x00000000a5b00000, 0x00000000a5b00000, 0x00000000a5c00000|  0%| F|  |TAMS 0x00000000a5b00000, 0x00000000a5b00000| Untracked 
| 604|0x00000000a5c00000, 0x00000000a5c00000, 0x00000000a5d00000|  0%| F|  |TAMS 0x00000000a5c00000, 0x00000000a5c00000| Untracked 
| 605|0x00000000a5d00000, 0x00000000a5d00000, 0x00000000a5e00000|  0%| F|  |TAMS 0x00000000a5d00000, 0x00000000a5d00000| Untracked 
| 606|0x00000000a5e00000, 0x00000000a5e00000, 0x00000000a5f00000|  0%| F|  |TAMS 0x00000000a5e00000, 0x00000000a5e00000| Untracked 
| 607|0x00000000a5f00000, 0x00000000a5f00000, 0x00000000a6000000|  0%| F|  |TAMS 0x00000000a5f00000, 0x00000000a5f00000| Untracked 
| 608|0x00000000a6000000, 0x00000000a6000000, 0x00000000a6100000|  0%| F|  |TAMS 0x00000000a6000000, 0x00000000a6000000| Untracked 
| 609|0x00000000a6100000, 0x00000000a6100000, 0x00000000a6200000|  0%| F|  |TAMS 0x00000000a6100000, 0x00000000a6100000| Untracked 
| 610|0x00000000a6200000, 0x00000000a6200000, 0x00000000a6300000|  0%| F|  |TAMS 0x00000000a6200000, 0x00000000a6200000| Untracked 
| 611|0x00000000a6300000, 0x00000000a6300000, 0x00000000a6400000|  0%| F|  |TAMS 0x00000000a6300000, 0x00000000a6300000| Untracked 
| 612|0x00000000a6400000, 0x00000000a6500000, 0x00000000a6500000|100%| S|CS|TAMS 0x00000000a6400000, 0x00000000a6400000| Complete 
| 613|0x00000000a6500000, 0x00000000a6600000, 0x00000000a6600000|100%| S|CS|TAMS 0x00000000a6500000, 0x00000000a6500000| Complete 
| 614|0x00000000a6600000, 0x00000000a6700000, 0x00000000a6700000|100%| S|CS|TAMS 0x00000000a6600000, 0x00000000a6600000| Complete 
| 615|0x00000000a6700000, 0x00000000a6800000, 0x00000000a6800000|100%| S|CS|TAMS 0x00000000a6700000, 0x00000000a6700000| Complete 
| 616|0x00000000a6800000, 0x00000000a6900000, 0x00000000a6900000|100%| S|CS|TAMS 0x00000000a6800000, 0x00000000a6800000| Complete 
| 617|0x00000000a6900000, 0x00000000a6a00000, 0x00000000a6a00000|100%| S|CS|TAMS 0x00000000a6900000, 0x00000000a6900000| Complete 
| 618|0x00000000a6a00000, 0x00000000a6b00000, 0x00000000a6b00000|100%| S|CS|TAMS 0x00000000a6a00000, 0x00000000a6a00000| Complete 
| 619|0x00000000a6b00000, 0x00000000a6c00000, 0x00000000a6c00000|100%| S|CS|TAMS 0x00000000a6b00000, 0x00000000a6b00000| Complete 
| 620|0x00000000a6c00000, 0x00000000a6d00000, 0x00000000a6d00000|100%| S|CS|TAMS 0x00000000a6c00000, 0x00000000a6c00000| Complete 
| 621|0x00000000a6d00000, 0x00000000a6e00000, 0x00000000a6e00000|100%| S|CS|TAMS 0x00000000a6d00000, 0x00000000a6d00000| Complete 
| 622|0x00000000a6e00000, 0x00000000a6f00000, 0x00000000a6f00000|100%| S|CS|TAMS 0x00000000a6e00000, 0x00000000a6e00000| Complete 
| 623|0x00000000a6f00000, 0x00000000a7000000, 0x00000000a7000000|100%| S|CS|TAMS 0x00000000a6f00000, 0x00000000a6f00000| Complete 
| 624|0x00000000a7000000, 0x00000000a7100000, 0x00000000a7100000|100%| S|CS|TAMS 0x00000000a7000000, 0x00000000a7000000| Complete 
| 625|0x00000000a7100000, 0x00000000a7200000, 0x00000000a7200000|100%| S|CS|TAMS 0x00000000a7100000, 0x00000000a7100000| Complete 
| 626|0x00000000a7200000, 0x00000000a7300000, 0x00000000a7300000|100%| S|CS|TAMS 0x00000000a7200000, 0x00000000a7200000| Complete 
| 627|0x00000000a7300000, 0x00000000a7400000, 0x00000000a7400000|100%| S|CS|TAMS 0x00000000a7300000, 0x00000000a7300000| Complete 
| 628|0x00000000a7400000, 0x00000000a7500000, 0x00000000a7500000|100%| S|CS|TAMS 0x00000000a7400000, 0x00000000a7400000| Complete 
| 629|0x00000000a7500000, 0x00000000a7600000, 0x00000000a7600000|100%| S|CS|TAMS 0x00000000a7500000, 0x00000000a7500000| Complete 
| 630|0x00000000a7600000, 0x00000000a7700000, 0x00000000a7700000|100%| S|CS|TAMS 0x00000000a7600000, 0x00000000a7600000| Complete 
| 631|0x00000000a7700000, 0x00000000a7800000, 0x00000000a7800000|100%| S|CS|TAMS 0x00000000a7700000, 0x00000000a7700000| Complete 
| 632|0x00000000a7800000, 0x00000000a7900000, 0x00000000a7900000|100%| S|CS|TAMS 0x00000000a7800000, 0x00000000a7800000| Complete 
| 633|0x00000000a7900000, 0x00000000a7a00000, 0x00000000a7a00000|100%| S|CS|TAMS 0x00000000a7900000, 0x00000000a7900000| Complete 
| 634|0x00000000a7a00000, 0x00000000a7b00000, 0x00000000a7b00000|100%| S|CS|TAMS 0x00000000a7a00000, 0x00000000a7a00000| Complete 
| 635|0x00000000a7b00000, 0x00000000a7c00000, 0x00000000a7c00000|100%| S|CS|TAMS 0x00000000a7b00000, 0x00000000a7b00000| Complete 
| 636|0x00000000a7c00000, 0x00000000a7d00000, 0x00000000a7d00000|100%| S|CS|TAMS 0x00000000a7c00000, 0x00000000a7c00000| Complete 
| 637|0x00000000a7d00000, 0x00000000a7e00000, 0x00000000a7e00000|100%| S|CS|TAMS 0x00000000a7d00000, 0x00000000a7d00000| Complete 
| 638|0x00000000a7e00000, 0x00000000a7f00000, 0x00000000a7f00000|100%| S|CS|TAMS 0x00000000a7e00000, 0x00000000a7e00000| Complete 
| 639|0x00000000a7f00000, 0x00000000a8000000, 0x00000000a8000000|100%| S|CS|TAMS 0x00000000a7f00000, 0x00000000a7f00000| Complete 
| 640|0x00000000a8000000, 0x00000000a8100000, 0x00000000a8100000|100%| S|CS|TAMS 0x00000000a8000000, 0x00000000a8000000| Complete 
| 641|0x00000000a8100000, 0x00000000a8200000, 0x00000000a8200000|100%| S|CS|TAMS 0x00000000a8100000, 0x00000000a8100000| Complete 
| 642|0x00000000a8200000, 0x00000000a8300000, 0x00000000a8300000|100%| S|CS|TAMS 0x00000000a8200000, 0x00000000a8200000| Complete 
| 643|0x00000000a8300000, 0x00000000a8400000, 0x00000000a8400000|100%| S|CS|TAMS 0x00000000a8300000, 0x00000000a8300000| Complete 
| 644|0x00000000a8400000, 0x00000000a8500000, 0x00000000a8500000|100%| S|CS|TAMS 0x00000000a8400000, 0x00000000a8400000| Complete 
| 645|0x00000000a8500000, 0x00000000a8600000, 0x00000000a8600000|100%| S|CS|TAMS 0x00000000a8500000, 0x00000000a8500000| Complete 
| 646|0x00000000a8600000, 0x00000000a8600000, 0x00000000a8700000|  0%| F|  |TAMS 0x00000000a8600000, 0x00000000a8600000| Untracked 
| 647|0x00000000a8700000, 0x00000000a8700000, 0x00000000a8800000|  0%| F|  |TAMS 0x00000000a8700000, 0x00000000a8700000| Untracked 
| 648|0x00000000a8800000, 0x00000000a8800000, 0x00000000a8900000|  0%| F|  |TAMS 0x00000000a8800000, 0x00000000a8800000| Untracked 
| 649|0x00000000a8900000, 0x00000000a8900000, 0x00000000a8a00000|  0%| F|  |TAMS 0x00000000a8900000, 0x00000000a8900000| Untracked 
| 650|0x00000000a8a00000, 0x00000000a8a00000, 0x00000000a8b00000|  0%| F|  |TAMS 0x00000000a8a00000, 0x00000000a8a00000| Untracked 
| 651|0x00000000a8b00000, 0x00000000a8b00000, 0x00000000a8c00000|  0%| F|  |TAMS 0x00000000a8b00000, 0x00000000a8b00000| Untracked 
| 652|0x00000000a8c00000, 0x00000000a8c00000, 0x00000000a8d00000|  0%| F|  |TAMS 0x00000000a8c00000, 0x00000000a8c00000| Untracked 
| 653|0x00000000a8d00000, 0x00000000a8d00000, 0x00000000a8e00000|  0%| F|  |TAMS 0x00000000a8d00000, 0x00000000a8d00000| Untracked 
| 654|0x00000000a8e00000, 0x00000000a8e00000, 0x00000000a8f00000|  0%| F|  |TAMS 0x00000000a8e00000, 0x00000000a8e00000| Untracked 
| 655|0x00000000a8f00000, 0x00000000a8f00000, 0x00000000a9000000|  0%| F|  |TAMS 0x00000000a8f00000, 0x00000000a8f00000| Untracked 
| 656|0x00000000a9000000, 0x00000000a9000000, 0x00000000a9100000|  0%| F|  |TAMS 0x00000000a9000000, 0x00000000a9000000| Untracked 
| 657|0x00000000a9100000, 0x00000000a9100000, 0x00000000a9200000|  0%| F|  |TAMS 0x00000000a9100000, 0x00000000a9100000| Untracked 
| 658|0x00000000a9200000, 0x00000000a9200000, 0x00000000a9300000|  0%| F|  |TAMS 0x00000000a9200000, 0x00000000a9200000| Untracked 
| 659|0x00000000a9300000, 0x00000000a9300000, 0x00000000a9400000|  0%| F|  |TAMS 0x00000000a9300000, 0x00000000a9300000| Untracked 
| 660|0x00000000a9400000, 0x00000000a9400000, 0x00000000a9500000|  0%| F|  |TAMS 0x00000000a9400000, 0x00000000a9400000| Untracked 
| 661|0x00000000a9500000, 0x00000000a9500000, 0x00000000a9600000|  0%| F|  |TAMS 0x00000000a9500000, 0x00000000a9500000| Untracked 
| 662|0x00000000a9600000, 0x00000000a9600000, 0x00000000a9700000|  0%| F|  |TAMS 0x00000000a9600000, 0x00000000a9600000| Untracked 
| 663|0x00000000a9700000, 0x00000000a9700000, 0x00000000a9800000|  0%| F|  |TAMS 0x00000000a9700000, 0x00000000a9700000| Untracked 
| 664|0x00000000a9800000, 0x00000000a9800000, 0x00000000a9900000|  0%| F|  |TAMS 0x00000000a9800000, 0x00000000a9800000| Untracked 
| 665|0x00000000a9900000, 0x00000000a9900000, 0x00000000a9a00000|  0%| F|  |TAMS 0x00000000a9900000, 0x00000000a9900000| Untracked 
| 666|0x00000000a9a00000, 0x00000000a9a00000, 0x00000000a9b00000|  0%| F|  |TAMS 0x00000000a9a00000, 0x00000000a9a00000| Untracked 
| 667|0x00000000a9b00000, 0x00000000a9b00000, 0x00000000a9c00000|  0%| F|  |TAMS 0x00000000a9b00000, 0x00000000a9b00000| Untracked 
| 668|0x00000000a9c00000, 0x00000000a9c00000, 0x00000000a9d00000|  0%| F|  |TAMS 0x00000000a9c00000, 0x00000000a9c00000| Untracked 
| 669|0x00000000a9d00000, 0x00000000a9d00000, 0x00000000a9e00000|  0%| F|  |TAMS 0x00000000a9d00000, 0x00000000a9d00000| Untracked 
| 670|0x00000000a9e00000, 0x00000000a9e00000, 0x00000000a9f00000|  0%| F|  |TAMS 0x00000000a9e00000, 0x00000000a9e00000| Untracked 
| 671|0x00000000a9f00000, 0x00000000a9f00000, 0x00000000aa000000|  0%| F|  |TAMS 0x00000000a9f00000, 0x00000000a9f00000| Untracked 
| 672|0x00000000aa000000, 0x00000000aa000000, 0x00000000aa100000|  0%| F|  |TAMS 0x00000000aa000000, 0x00000000aa000000| Untracked 
| 673|0x00000000aa100000, 0x00000000aa100000, 0x00000000aa200000|  0%| F|  |TAMS 0x00000000aa100000, 0x00000000aa100000| Untracked 
| 674|0x00000000aa200000, 0x00000000aa200000, 0x00000000aa300000|  0%| F|  |TAMS 0x00000000aa200000, 0x00000000aa200000| Untracked 
| 675|0x00000000aa300000, 0x00000000aa300000, 0x00000000aa400000|  0%| F|  |TAMS 0x00000000aa300000, 0x00000000aa300000| Untracked 
| 681|0x00000000aa900000, 0x00000000aa900000, 0x00000000aaa00000|  0%| F|  |TAMS 0x00000000aa900000, 0x00000000aa900000| Untracked 
| 682|0x00000000aaa00000, 0x00000000aaa00000, 0x00000000aab00000|  0%| F|  |TAMS 0x00000000aaa00000, 0x00000000aaa00000| Untracked 
| 683|0x00000000aab00000, 0x00000000aab00000, 0x00000000aac00000|  0%| F|  |TAMS 0x00000000aab00000, 0x00000000aab00000| Untracked 
| 684|0x00000000aac00000, 0x00000000aac00000, 0x00000000aad00000|  0%| F|  |TAMS 0x00000000aac00000, 0x00000000aac00000| Untracked 
| 685|0x00000000aad00000, 0x00000000aad00000, 0x00000000aae00000|  0%| F|  |TAMS 0x00000000aad00000, 0x00000000aad00000| Untracked 
| 686|0x00000000aae00000, 0x00000000aae00000, 0x00000000aaf00000|  0%| F|  |TAMS 0x00000000aae00000, 0x00000000aae00000| Untracked 
| 687|0x00000000aaf00000, 0x00000000aaf00000, 0x00000000ab000000|  0%| F|  |TAMS 0x00000000aaf00000, 0x00000000aaf00000| Untracked 
| 688|0x00000000ab000000, 0x00000000ab000000, 0x00000000ab100000|  0%| F|  |TAMS 0x00000000ab000000, 0x00000000ab000000| Untracked 
| 689|0x00000000ab100000, 0x00000000ab100000, 0x00000000ab200000|  0%| F|  |TAMS 0x00000000ab100000, 0x00000000ab100000| Untracked 
| 690|0x00000000ab200000, 0x00000000ab200000, 0x00000000ab300000|  0%| F|  |TAMS 0x00000000ab200000, 0x00000000ab200000| Untracked 
| 691|0x00000000ab300000, 0x00000000ab400000, 0x00000000ab400000|100%| E|  |TAMS 0x00000000ab300000, 0x00000000ab300000| Complete 
| 692|0x00000000ab400000, 0x00000000ab500000, 0x00000000ab500000|100%| E|CS|TAMS 0x00000000ab400000, 0x00000000ab400000| Complete 
| 693|0x00000000ab500000, 0x00000000ab600000, 0x00000000ab600000|100%| E|CS|TAMS 0x00000000ab500000, 0x00000000ab500000| Complete 
| 694|0x00000000ab600000, 0x00000000ab700000, 0x00000000ab700000|100%| E|CS|TAMS 0x00000000ab600000, 0x00000000ab600000| Complete 
| 695|0x00000000ab700000, 0x00000000ab800000, 0x00000000ab800000|100%| E|CS|TAMS 0x00000000ab700000, 0x00000000ab700000| Complete 
| 696|0x00000000ab800000, 0x00000000ab900000, 0x00000000ab900000|100%| E|CS|TAMS 0x00000000ab800000, 0x00000000ab800000| Complete 
| 697|0x00000000ab900000, 0x00000000aba00000, 0x00000000aba00000|100%| E|CS|TAMS 0x00000000ab900000, 0x00000000ab900000| Complete 
| 698|0x00000000aba00000, 0x00000000abb00000, 0x00000000abb00000|100%| E|CS|TAMS 0x00000000aba00000, 0x00000000aba00000| Complete 
| 699|0x00000000abb00000, 0x00000000abc00000, 0x00000000abc00000|100%| E|CS|TAMS 0x00000000abb00000, 0x00000000abb00000| Complete 
| 700|0x00000000abc00000, 0x00000000abd00000, 0x00000000abd00000|100%| E|CS|TAMS 0x00000000abc00000, 0x00000000abc00000| Complete 
| 740|0x00000000ae400000, 0x00000000ae500000, 0x00000000ae500000|100%| E|CS|TAMS 0x00000000ae400000, 0x00000000ae400000| Complete 
| 741|0x00000000ae500000, 0x00000000ae600000, 0x00000000ae600000|100%| E|CS|TAMS 0x00000000ae500000, 0x00000000ae500000| Complete 
| 742|0x00000000ae600000, 0x00000000ae700000, 0x00000000ae700000|100%| E|CS|TAMS 0x00000000ae600000, 0x00000000ae600000| Complete 
| 743|0x00000000ae700000, 0x00000000ae800000, 0x00000000ae800000|100%| E|CS|TAMS 0x00000000ae700000, 0x00000000ae700000| Complete 
| 744|0x00000000ae800000, 0x00000000ae900000, 0x00000000ae900000|100%| E|CS|TAMS 0x00000000ae800000, 0x00000000ae800000| Complete 
| 745|0x00000000ae900000, 0x00000000aea00000, 0x00000000aea00000|100%| E|CS|TAMS 0x00000000ae900000, 0x00000000ae900000| Complete 
| 746|0x00000000aea00000, 0x00000000aeb00000, 0x00000000aeb00000|100%| E|CS|TAMS 0x00000000aea00000, 0x00000000aea00000| Complete 
|2041|0x00000000ff900000, 0x00000000ffa00000, 0x00000000ffa00000|100%| E|CS|TAMS 0x00000000ff900000, 0x00000000ff900000| Complete 
|2042|0x00000000ffa00000, 0x00000000ffb00000, 0x00000000ffb00000|100%| E|CS|TAMS 0x00000000ffa00000, 0x00000000ffa00000| Complete 
|2043|0x00000000ffb00000, 0x00000000ffc00000, 0x00000000ffc00000|100%| E|CS|TAMS 0x00000000ffb00000, 0x00000000ffb00000| Complete 
|2044|0x00000000ffc00000, 0x00000000ffd00000, 0x00000000ffd00000|100%| E|CS|TAMS 0x00000000ffc00000, 0x00000000ffc00000| Complete 
|2045|0x00000000ffd00000, 0x00000000ffe00000, 0x00000000ffe00000|100%| E|CS|TAMS 0x00000000ffd00000, 0x00000000ffd00000| Complete 
|2046|0x00000000ffe00000, 0x00000000fff00000, 0x00000000fff00000|100%| E|CS|TAMS 0x00000000ffe00000, 0x00000000ffe00000| Complete 
|2047|0x00000000fff00000, 0x0000000100000000, 0x0000000100000000|100%| E|CS|TAMS 0x00000000fff00000, 0x00000000fff00000| Complete 

Card table byte_map: [0x0000020863a10000,0x0000020863e10000] _byte_map_base: 0x0000020863610000

Marking Bits (Prev, Next): (CMBitMap*) 0x000002085118aeb0, (CMBitMap*) 0x000002085118aef0
 Prev Bits: [0x0000020864210000, 0x0000020866210000)
 Next Bits: [0x0000020866210000, 0x0000020868210000)

Polling page: 0x000002084f2a0000

Metaspace:

Usage:
  Non-class:    174.56 MB used.
      Class:     26.67 MB used.
       Both:    201.23 MB used.

Virtual space:
  Non-class space:      192.00 MB reserved,     175.19 MB ( 91%) committed,  3 nodes.
      Class space:        1.00 GB reserved,      27.25 MB (  3%) committed,  1 nodes.
             Both:        1.19 GB reserved,     202.44 MB ( 17%) committed. 

Chunk freelists:
   Non-Class:  32.00 KB
       Class:  4.80 MB
        Both:  4.83 MB

MaxMetaspaceSize: unlimited
CompressedClassSpaceSize: 1.00 GB
Initial GC threshold: 21.00 MB
Current GC threshold: 308.25 MB
CDS: off
MetaspaceReclaimPolicy: balanced
 - commit_granule_bytes: 65536.
 - commit_granule_words: 8192.
 - virtual_space_node_default_size: 8388608.
 - enlarge_chunks_in_place: 1.
 - new_chunks_are_fully_committed: 0.
 - uncommit_free_chunks: 1.
 - use_allocation_guard: 0.
 - handle_deallocations: 1.


Internal statistics:

num_allocs_failed_limit: 30.
num_arena_births: 1904.
num_arena_deaths: 2.
num_vsnodes_births: 4.
num_vsnodes_deaths: 0.
num_space_committed: 3241.
num_space_uncommitted: 3.
num_chunks_returned_to_freelist: 48.
num_chunks_taken_from_freelist: 9820.
num_chunk_merges: 29.
num_chunk_splits: 6932.
num_chunks_enlarged: 4996.
num_inconsistent_stats: 0.

CodeHeap 'non-profiled nmethods': size=120000Kb used=15571Kb max_used=15571Kb free=104428Kb
 bounds [0x000002085c0e0000, 0x000002085d020000, 0x0000020863610000]
CodeHeap 'profiled nmethods': size=120000Kb used=48819Kb max_used=48819Kb free=71180Kb
 bounds [0x0000020854610000, 0x00000208575c0000, 0x000002085bb40000]
CodeHeap 'non-nmethods': size=5760Kb used=1856Kb max_used=1972Kb free=3904Kb
 bounds [0x000002085bb40000, 0x000002085bdb0000, 0x000002085c0e0000]
 total_blobs=24776 nmethods=23809 adapters=875
 compilation: enabled
              stopped_count=0, restarted_count=0
 full_count=0

Compilation events (20 events):
Event: 291.570 Thread 0x000002086a8f3ff0 28955       2       android.databinding.tool.writer.KCode::isNull (48 bytes)
Event: 291.570 Thread 0x000002086a8f3ff0 nmethod 28955 0x000002085758a490 code [0x000002085758a640, 0x000002085758a848]
Event: 291.572 Thread 0x000002086a8f3ff0 28956       1       android.databinding.tool.store.ResourceBundle$BindingTargetBundle::isUsed (5 bytes)
Event: 291.572 Thread 0x000002086a8f3ff0 nmethod 28956 0x000002085cff3a90 code [0x000002085cff3c20, 0x000002085cff3cf8]
Event: 291.573 Thread 0x000002086a8f3ff0 28957       2       com.google.common.collect.RegularImmutableList::get (7 bytes)
Event: 291.573 Thread 0x000002086a8f3ff0 nmethod 28957 0x000002085758a990 code [0x000002085758ab20, 0x000002085758ac58]
Event: 291.573 Thread 0x000002086a8f3ff0 28958       2       android.databinding.tool.writer.KCode::<init> (28 bytes)
Event: 291.574 Thread 0x000002086a8f3ff0 nmethod 28958 0x000002085758ad10 code [0x000002085758aec0, 0x000002085758b1b8]
Event: 291.574 Thread 0x000002086a8f3ff0 28959       2       android.databinding.tool.BindingTarget::getResolvedType (36 bytes)
Event: 291.574 Thread 0x000002086a8f3ff0 nmethod 28959 0x000002085758b290 code [0x000002085758b4c0, 0x000002085758b9e8]
Event: 291.574 Thread 0x000002086a8f3ff0 28961       2       android.databinding.tool.writer.KCode::access$getCachedIndentations$cp (4 bytes)
Event: 291.575 Thread 0x000002086a8f3ff0 nmethod 28961 0x000002085758bd90 code [0x000002085758bf20, 0x000002085758c018]
Event: 291.575 Thread 0x000002086a8f3ff0 28960       2       android.databinding.tool.BindingTarget::isUsed (8 bytes)
Event: 291.575 Thread 0x000002086a8f3ff0 nmethod 28960 0x000002085758c090 code [0x000002085758c220, 0x000002085758c338]
Event: 291.577 Thread 0x000002086a8f3ff0 28962       2       android.databinding.tool.store.ResourceBundle$BindingTargetBundle::isBinder (37 bytes)
Event: 291.577 Thread 0x000002086a8f3ff0 nmethod 28962 0x000002085758c410 code [0x000002085758c5c0, 0x000002085758c778]
Event: 291.577 Thread 0x000002086a8f3ff0 28965       2       android.databinding.tool.writer.KCode::toS (296 bytes)
Event: 291.577 Thread 0x0000020879b3bb90 nmethod 28918 0x000002085cff3d90 code [0x000002085cff4020, 0x000002085cff5388]
Event: 291.578 Thread 0x0000020879b3bb90 28922       4       com.google.gson.stream.JsonReader::nextNonWhitespace (354 bytes)
Event: 291.579 Thread 0x000002086a8f3ff0 nmethod 28965 0x000002085758c810 code [0x000002085758cb40, 0x000002085758d818]

GC Heap History (20 events):
Event: 61.084 GC heap before
{Heap before GC invocations=75 (full 0):
 garbage-first heap   total 772096K, used 315510K [0x0000000080000000, 0x0000000100000000)
  region size 1024K, 37 young (37888K), 10 survivors (10240K)
 Metaspace       used 147604K, committed 148608K, reserved 1179648K
  class space    used 19662K, committed 20160K, reserved 1048576K
}
Event: 61.094 GC heap after
{Heap after GC invocations=76 (full 0):
 garbage-first heap   total 772096K, used 287500K [0x0000000080000000, 0x0000000100000000)
  region size 1024K, 5 young (5120K), 5 survivors (5120K)
 Metaspace       used 147604K, committed 148608K, reserved 1179648K
  class space    used 19662K, committed 20160K, reserved 1048576K
}
Event: 62.794 GC heap before
{Heap before GC invocations=76 (full 0):
 garbage-first heap   total 772096K, used 443148K [0x0000000080000000, 0x0000000100000000)
  region size 1024K, 156 young (159744K), 5 survivors (5120K)
 Metaspace       used 149873K, committed 150912K, reserved 1179648K
  class space    used 19963K, committed 20480K, reserved 1048576K
}
Event: 62.807 GC heap after
{Heap after GC invocations=77 (full 0):
 garbage-first heap   total 772096K, used 297453K [0x0000000080000000, 0x0000000100000000)
  region size 1024K, 13 young (13312K), 13 survivors (13312K)
 Metaspace       used 149873K, committed 150912K, reserved 1179648K
  class space    used 19963K, committed 20480K, reserved 1048576K
}
Event: 63.864 GC heap before
{Heap before GC invocations=77 (full 0):
 garbage-first heap   total 772096K, used 349677K [0x0000000080000000, 0x0000000100000000)
  region size 1024K, 66 young (67584K), 13 survivors (13312K)
 Metaspace       used 150561K, committed 151552K, reserved 1245184K
  class space    used 20056K, committed 20544K, reserved 1048576K
}
Event: 63.877 GC heap after
{Heap after GC invocations=78 (full 0):
 garbage-first heap   total 772096K, used 303104K [0x0000000080000000, 0x0000000100000000)
  region size 1024K, 20 young (20480K), 20 survivors (20480K)
 Metaspace       used 150561K, committed 151552K, reserved 1245184K
  class space    used 20056K, committed 20544K, reserved 1048576K
}
Event: 66.689 GC heap before
{Heap before GC invocations=79 (full 0):
 garbage-first heap   total 727040K, used 423936K [0x0000000080000000, 0x0000000100000000)
  region size 1024K, 234 young (239616K), 20 survivors (20480K)
 Metaspace       used 166529K, committed 167552K, reserved 1245184K
  class space    used 22162K, committed 22656K, reserved 1048576K
}
Event: 66.719 GC heap after
{Heap after GC invocations=80 (full 0):
 garbage-first heap   total 727040K, used 221029K [0x0000000080000000, 0x0000000100000000)
  region size 1024K, 30 young (30720K), 30 survivors (30720K)
 Metaspace       used 166529K, committed 167552K, reserved 1245184K
  class space    used 22162K, committed 22656K, reserved 1048576K
}
Event: 66.733 GC heap before
{Heap before GC invocations=80 (full 0):
 garbage-first heap   total 727040K, used 226149K [0x0000000080000000, 0x0000000100000000)
  region size 1024K, 35 young (35840K), 30 survivors (30720K)
 Metaspace       used 166548K, committed 167616K, reserved 1245184K
  class space    used 22166K, committed 22656K, reserved 1048576K
}
Event: 66.750 GC heap after
{Heap after GC invocations=81 (full 0):
 garbage-first heap   total 727040K, used 211192K [0x0000000080000000, 0x0000000100000000)
  region size 1024K, 2 young (2048K), 2 survivors (2048K)
 Metaspace       used 166548K, committed 167616K, reserved 1245184K
  class space    used 22166K, committed 22656K, reserved 1048576K
}
Event: 71.939 GC heap before
{Heap before GC invocations=81 (full 0):
 garbage-first heap   total 727040K, used 454904K [0x0000000080000000, 0x0000000100000000)
  region size 1024K, 239 young (244736K), 2 survivors (2048K)
 Metaspace       used 182469K, committed 183488K, reserved 1245184K
  class space    used 24419K, committed 24896K, reserved 1048576K
}
Event: 71.960 GC heap after
{Heap after GC invocations=82 (full 0):
 garbage-first heap   total 727040K, used 225850K [0x0000000080000000, 0x0000000100000000)
  region size 1024K, 15 young (15360K), 15 survivors (15360K)
 Metaspace       used 182469K, committed 183488K, reserved 1245184K
  class space    used 24419K, committed 24896K, reserved 1048576K
}
Event: 75.064 GC heap before
{Heap before GC invocations=82 (full 0):
 garbage-first heap   total 727040K, used 506426K [0x0000000080000000, 0x0000000100000000)
  region size 1024K, 291 young (297984K), 15 survivors (15360K)
 Metaspace       used 188400K, committed 189440K, reserved 1245184K
  class space    used 25188K, committed 25728K, reserved 1048576K
}
Event: 75.076 GC heap after
{Heap after GC invocations=83 (full 0):
 garbage-first heap   total 727040K, used 222968K [0x0000000080000000, 0x0000000100000000)
  region size 1024K, 12 young (12288K), 12 survivors (12288K)
 Metaspace       used 188400K, committed 189440K, reserved 1245184K
  class space    used 25188K, committed 25728K, reserved 1048576K
}
Event: 290.892 GC heap before
{Heap before GC invocations=84 (full 0):
 garbage-first heap   total 727040K, used 624376K [0x0000000080000000, 0x0000000100000000)
  region size 1024K, 342 young (350208K), 12 survivors (12288K)
 Metaspace       used 198819K, committed 199936K, reserved 1245184K
  class space    used 26341K, committed 26880K, reserved 1048576K
}
Event: 290.931 GC heap after
{Heap after GC invocations=85 (full 0):
 garbage-first heap   total 727040K, used 270751K [0x0000000080000000, 0x0000000100000000)
  region size 1024K, 43 young (44032K), 43 survivors (44032K)
 Metaspace       used 198819K, committed 199936K, reserved 1245184K
  class space    used 26341K, committed 26880K, reserved 1048576K
}
Event: 290.934 GC heap before
{Heap before GC invocations=85 (full 0):
 garbage-first heap   total 727040K, used 271775K [0x0000000080000000, 0x0000000100000000)
  region size 1024K, 44 young (45056K), 43 survivors (44032K)
 Metaspace       used 198819K, committed 199936K, reserved 1245184K
  class space    used 26341K, committed 26880K, reserved 1048576K
}
Event: 290.961 GC heap after
{Heap after GC invocations=86 (full 0):
 garbage-first heap   total 727040K, used 261120K [0x0000000080000000, 0x0000000100000000)
  region size 1024K, 2 young (2048K), 2 survivors (2048K)
 Metaspace       used 198819K, committed 199936K, reserved 1245184K
  class space    used 26341K, committed 26880K, reserved 1048576K
}
Event: 291.447 GC heap before
{Heap before GC invocations=86 (full 0):
 garbage-first heap   total 727040K, used 323584K [0x0000000080000000, 0x0000000100000000)
  region size 1024K, 64 young (65536K), 2 survivors (2048K)
 Metaspace       used 202515K, committed 203648K, reserved 1245184K
  class space    used 26884K, committed 27456K, reserved 1048576K
}
Event: 291.468 GC heap after
{Heap after GC invocations=87 (full 0):
 garbage-first heap   total 727040K, used 294912K [0x0000000080000000, 0x0000000100000000)
  region size 1024K, 34 young (34816K), 34 survivors (34816K)
 Metaspace       used 202515K, committed 203648K, reserved 1245184K
  class space    used 26884K, committed 27456K, reserved 1048576K
}

Dll operation events (3 events):
Event: 0.008 Loaded shared library C:\Program Files\Android\Android Studio\jbr\bin\java.dll
Event: 0.140 Loaded shared library C:\Program Files\Android\Android Studio\jbr\bin\zip.dll
Event: 0.445 Loaded shared library C:\Program Files\Android\Android Studio\jbr\bin\verify.dll

Deoptimization events (20 events):
Event: 289.907 Thread 0x0000020872637810 DEOPT PACKING pc=0x00000208574aebc0 sp=0x00000045ed9fbf30
Event: 289.907 Thread 0x0000020872637810 DEOPT UNPACKING pc=0x000002085bb97143 sp=0x00000045ed9fb438 mode 0
Event: 289.926 Thread 0x0000020872637810 DEOPT PACKING pc=0x00000208574aebc0 sp=0x00000045ed9fbf30
Event: 289.926 Thread 0x0000020872637810 DEOPT UNPACKING pc=0x000002085bb97143 sp=0x00000045ed9fb438 mode 0
Event: 289.964 Thread 0x0000020872637810 Uncommon trap: trap_request=0xffffff45 fr.pc=0x000002085ca96b08 relative=0x0000000000000dc8
Event: 289.964 Thread 0x0000020872637810 Uncommon trap: reason=unstable_if action=reinterpret pc=0x000002085ca96b08 method=com.sun.tools.javac.code.Types$16.visitClassType(Lcom/sun/tools/javac/code/Type$ClassType;Ljava/lang/Void;)Lcom/sun/tools/javac/util/List; @ 22 c2
Event: 289.964 Thread 0x0000020872637810 DEOPT PACKING pc=0x000002085ca96b08 sp=0x00000045ed9fbf00
Event: 289.964 Thread 0x0000020872637810 DEOPT UNPACKING pc=0x000002085bb969a3 sp=0x00000045ed9fbee0 mode 2
Event: 289.998 Thread 0x0000020872637810 Uncommon trap: trap_request=0xffffff6e fr.pc=0x000002085c8ec154 relative=0x0000000000001134
Event: 289.998 Thread 0x0000020872637810 Uncommon trap: reason=loop_limit_check action=maybe_recompile pc=0x000002085c8ec154 method=com.sun.tools.javac.util.Name.lastIndexOf(B)I @ 20 c2
Event: 289.998 Thread 0x0000020872637810 DEOPT PACKING pc=0x000002085c8ec154 sp=0x00000045ed9fc440
Event: 289.998 Thread 0x0000020872637810 DEOPT UNPACKING pc=0x000002085bb969a3 sp=0x00000045ed9fc3b8 mode 2
Event: 289.998 Thread 0x0000020872637810 Uncommon trap: trap_request=0xffffff6e fr.pc=0x000002085c951694 relative=0x00000000000003b4
Event: 289.998 Thread 0x0000020872637810 Uncommon trap: reason=loop_limit_check action=maybe_recompile pc=0x000002085c951694 method=com.sun.tools.javac.util.Name.lastIndexOf(B)I @ 20 c2
Event: 289.998 Thread 0x0000020872637810 DEOPT PACKING pc=0x000002085c951694 sp=0x00000045ed9fc4e0
Event: 289.998 Thread 0x0000020872637810 DEOPT UNPACKING pc=0x000002085bb969a3 sp=0x00000045ed9fc380 mode 2
Event: 290.786 Thread 0x0000020872637810 Uncommon trap: trap_request=0xffffffde fr.pc=0x000002085ca00e30 relative=0x00000000000013d0
Event: 290.786 Thread 0x0000020872637810 Uncommon trap: reason=class_check action=maybe_recompile pc=0x000002085ca00e30 method=com.sun.org.apache.xerces.internal.impl.XMLDocumentFragmentScannerImpl.scanStartElement()Z @ 439 c2
Event: 290.786 Thread 0x0000020872637810 DEOPT PACKING pc=0x000002085ca00e30 sp=0x00000045ed9fc040
Event: 290.786 Thread 0x0000020872637810 DEOPT UNPACKING pc=0x000002085bb969a3 sp=0x00000045ed9fc000 mode 2

Classes unloaded (20 events):
Event: 75.300 Thread 0x000002086a70d7c0 Unloading class 0x00000001013d4b40 'kotlin/UNINITIALIZED_VALUE'
Event: 75.300 Thread 0x000002086a70d7c0 Unloading class 0x00000001013d48f0 'kotlin/SynchronizedLazyImpl'
Event: 75.300 Thread 0x000002086a70d7c0 Unloading class 0x00000001013d46d0 'kotlin/Lazy'
Event: 75.300 Thread 0x000002086a70d7c0 Unloading class 0x00000001013d4450 'kotlin/NoWhenBranchMatchedException'
Event: 75.300 Thread 0x000002086a70d7c0 Unloading class 0x00000001013d4228 'kotlin/LazyKt'
Event: 75.300 Thread 0x000002086a70d7c0 Unloading class 0x00000001013d4000 'kotlin/LazyKt__LazyKt'
Event: 75.300 Thread 0x000002086a70d7c0 Unloading class 0x00000001013d3cc0 'kotlin/LazyKt__LazyJVMKt'
Event: 75.300 Thread 0x000002086a70d7c0 Unloading class 0x00000001013d3a58 'androidx/room/compiler/processing/javac/JavacBasicAnnotationProcessor$xEnv$2'
Event: 75.300 Thread 0x000002086a70d7c0 Unloading class 0x00000001013d3838 'kotlin/jvm/functions/Function0'
Event: 75.300 Thread 0x000002086a70d7c0 Unloading class 0x00000001013d35b8 'kotlin/UninitializedPropertyAccessException'
Event: 75.300 Thread 0x000002086a70d7c0 Unloading class 0x00000001013d3330 'kotlin/KotlinNullPointerException'
Event: 75.300 Thread 0x000002086a70d7c0 Unloading class 0x00000001013d3108 'kotlin/jvm/internal/Intrinsics'
Event: 75.300 Thread 0x000002086a70d7c0 Unloading class 0x00000001013d2ea8 'androidx/room/RoomProcessor$1'
Event: 75.300 Thread 0x000002086a70d7c0 Unloading class 0x00000001013d2c60 'kotlin/jvm/internal/Lambda'
Event: 75.300 Thread 0x000002086a70d7c0 Unloading class 0x00000001013d2a40 'kotlin/jvm/internal/FunctionBase'
Event: 75.300 Thread 0x000002086a70d7c0 Unloading class 0x00000001013d2820 'kotlin/jvm/functions/Function1'
Event: 75.300 Thread 0x000002086a70d7c0 Unloading class 0x00000001013d2600 'kotlin/Function'
Event: 75.300 Thread 0x000002086a70d7c0 Unloading class 0x00000001013d2300 'androidx/room/RoomProcessor'
Event: 75.300 Thread 0x000002086a70d7c0 Unloading class 0x00000001013d2000 'androidx/room/compiler/processing/javac/JavacBasicAnnotationProcessor'
Event: 75.300 Thread 0x000002086a70d7c0 Unloading class 0x00000001013d1400 'androidx/room/compiler/processing/XBasicAnnotationProcessor'

Classes redefined (0 events):
No events

Internal exceptions (20 events):
Event: 291.437 Thread 0x0000020872637810 Exception <a 'sun/nio/fs/WindowsException'{0x00000000a8742770}> (0x00000000a8742770) 
thrown [s\src\hotspot\share\prims\jni.cpp, line 517]
Event: 291.543 Thread 0x0000020872637810 Exception <a 'sun/nio/fs/WindowsException'{0x00000000ffc80d38}> (0x00000000ffc80d38) 
thrown [s\src\hotspot\share\prims\jni.cpp, line 517]
Event: 291.543 Thread 0x0000020872637810 Exception <a 'sun/nio/fs/WindowsException'{0x00000000ffc80f00}> (0x00000000ffc80f00) 
thrown [s\src\hotspot\share\prims\jni.cpp, line 517]
Event: 291.544 Thread 0x0000020872637810 Exception <a 'sun/nio/fs/WindowsException'{0x00000000ffc82968}> (0x00000000ffc82968) 
thrown [s\src\hotspot\share\prims\jni.cpp, line 517]
Event: 291.544 Thread 0x0000020872637810 Exception <a 'sun/nio/fs/WindowsException'{0x00000000ffc82b98}> (0x00000000ffc82b98) 
thrown [s\src\hotspot\share\prims\jni.cpp, line 517]
Event: 291.544 Thread 0x0000020872637810 Exception <a 'sun/nio/fs/WindowsException'{0x00000000ffc84530}> (0x00000000ffc84530) 
thrown [s\src\hotspot\share\prims\jni.cpp, line 517]
Event: 291.544 Thread 0x0000020872637810 Exception <a 'sun/nio/fs/WindowsException'{0x00000000ffc846f8}> (0x00000000ffc846f8) 
thrown [s\src\hotspot\share\prims\jni.cpp, line 517]
Event: 291.565 Thread 0x0000020872637810 Exception <a 'sun/nio/fs/WindowsException'{0x00000000ffb48b70}> (0x00000000ffb48b70) 
thrown [s\src\hotspot\share\prims\jni.cpp, line 517]
Event: 291.565 Thread 0x0000020872637810 Exception <a 'sun/nio/fs/WindowsException'{0x00000000ffb48d58}> (0x00000000ffb48d58) 
thrown [s\src\hotspot\share\prims\jni.cpp, line 517]
Event: 291.566 Thread 0x0000020872637810 Exception <a 'sun/nio/fs/WindowsException'{0x00000000ffb4a7f0}> (0x00000000ffb4a7f0) 
thrown [s\src\hotspot\share\prims\jni.cpp, line 517]
Event: 291.567 Thread 0x0000020872637810 Exception <a 'sun/nio/fs/WindowsException'{0x00000000ffb590d8}> (0x00000000ffb590d8) 
thrown [s\src\hotspot\share\prims\jni.cpp, line 517]
Event: 291.567 Thread 0x0000020872637810 Exception <a 'sun/nio/fs/WindowsException'{0x00000000ffb592c0}> (0x00000000ffb592c0) 
thrown [s\src\hotspot\share\prims\jni.cpp, line 517]
Event: 291.568 Thread 0x0000020872637810 Exception <a 'sun/nio/fs/WindowsException'{0x00000000ffb74428}> (0x00000000ffb74428) 
thrown [s\src\hotspot\share\prims\jni.cpp, line 517]
Event: 291.568 Thread 0x0000020872637810 Exception <a 'sun/nio/fs/WindowsException'{0x00000000ffb74ea8}> (0x00000000ffb74ea8) 
thrown [s\src\hotspot\share\prims\jni.cpp, line 517]
Event: 291.571 Thread 0x0000020872637810 Exception <a 'sun/nio/fs/WindowsException'{0x00000000ffb8bb88}> (0x00000000ffb8bb88) 
thrown [s\src\hotspot\share\prims\jni.cpp, line 517]
Event: 291.571 Thread 0x0000020872637810 Exception <a 'sun/nio/fs/WindowsException'{0x00000000ffb8c608}> (0x00000000ffb8c608) 
thrown [s\src\hotspot\share\prims\jni.cpp, line 517]
Event: 291.574 Thread 0x0000020872637810 Exception <a 'sun/nio/fs/WindowsException'{0x00000000ffba33f0}> (0x00000000ffba33f0) 
thrown [s\src\hotspot\share\prims\jni.cpp, line 517]
Event: 291.575 Thread 0x0000020872637810 Exception <a 'sun/nio/fs/WindowsException'{0x00000000ffba3e70}> (0x00000000ffba3e70) 
thrown [s\src\hotspot\share\prims\jni.cpp, line 517]
Event: 291.577 Thread 0x0000020872637810 Exception <a 'sun/nio/fs/WindowsException'{0x00000000ffbb79d0}> (0x00000000ffbb79d0) 
thrown [s\src\hotspot\share\prims\jni.cpp, line 517]
Event: 291.578 Thread 0x0000020872637810 Exception <a 'sun/nio/fs/WindowsException'{0x00000000ffbb8458}> (0x00000000ffbb8458) 
thrown [s\src\hotspot\share\prims\jni.cpp, line 517]

VM Operations (20 events):
Event: 286.325 Executing VM operation: ICBufferFull
Event: 286.325 Executing VM operation: ICBufferFull done
Event: 286.838 Executing VM operation: ICBufferFull
Event: 286.839 Executing VM operation: ICBufferFull done
Event: 287.895 Executing VM operation: ICBufferFull
Event: 287.896 Executing VM operation: ICBufferFull done
Event: 288.896 Executing VM operation: Cleanup
Event: 288.896 Executing VM operation: Cleanup done
Event: 289.953 Executing VM operation: ICBufferFull
Event: 289.953 Executing VM operation: ICBufferFull done
Event: 290.206 Executing VM operation: HandshakeAllThreads
Event: 290.206 Executing VM operation: HandshakeAllThreads done
Event: 290.353 Executing VM operation: ICBufferFull
Event: 290.354 Executing VM operation: ICBufferFull done
Event: 290.892 Executing VM operation: G1CollectForAllocation
Event: 290.931 Executing VM operation: G1CollectForAllocation done
Event: 290.934 Executing VM operation: G1CollectForAllocation
Event: 290.962 Executing VM operation: G1CollectForAllocation done
Event: 291.447 Executing VM operation: G1TryInitiateConcMark
Event: 291.470 Executing VM operation: G1TryInitiateConcMark done

Events (20 events):
Event: 287.363 Thread 0x0000020872637d20 Thread added: 0x0000020872637d20
Event: 287.571 Thread 0x0000020872637810 Thread added: 0x0000020872637810
Event: 287.590 Thread 0x0000020872638230 Thread added: 0x0000020872638230
Event: 287.671 Thread 0x000002087263b4d0 Thread added: 0x000002087263b4d0
Event: 287.672 Thread 0x0000020872638c50 Thread added: 0x0000020872638c50
Event: 287.672 Thread 0x0000020872639160 Thread added: 0x0000020872639160
Event: 287.717 Thread 0x0000020872639670 Thread added: 0x0000020872639670
Event: 288.602 Thread 0x0000020879b3bb90 Thread exited: 0x0000020879b3bb90
Event: 288.969 Thread 0x0000020879b3bb90 Thread added: 0x0000020879b3bb90
Event: 289.269 Thread 0x000002087263a5a0 Thread added: 0x000002087263a5a0
Event: 290.210 Thread 0x000002086a8f50e0 flushing nmethod 0x000002085cac9e10
Event: 290.223 Thread 0x000002086a8f50e0 flushing nmethod 0x0000020855a40790
Event: 290.225 Thread 0x000002086a8f50e0 flushing nmethod 0x0000020855e60c90
Event: 290.225 Thread 0x000002086a8f50e0 flushing nmethod 0x0000020855ea1a10
Event: 290.225 Thread 0x000002086a8f50e0 flushing nmethod 0x0000020855eda990
Event: 290.435 Thread 0x0000020879b3bb90 Thread exited: 0x0000020879b3bb90
Event: 290.775 Thread 0x0000020879b3f600 Thread added: 0x0000020879b3f600
Event: 290.962 Thread 0x0000020872638230 Thread exited: 0x0000020872638230
Event: 290.963 Thread 0x0000020879b3f600 Thread exited: 0x0000020879b3f600
Event: 291.060 Thread 0x0000020879b3bb90 Thread added: 0x0000020879b3bb90


Dynamic libraries:
0x00007ff75fff0000 - 0x00007ff75fffa000 	C:\Program Files\Android\Android Studio\jbr\bin\java.exe
0x00007ffbbd150000 - 0x00007ffbbd348000 	C:\Windows\SYSTEM32\ntdll.dll
0x00007ffbbb2b0000 - 0x00007ffbbb372000 	C:\Windows\System32\KERNEL32.DLL
0x00007ffbba990000 - 0x00007ffbbac8f000 	C:\Windows\System32\KERNELBASE.dll
0x00007ffbba890000 - 0x00007ffbba990000 	C:\Windows\System32\ucrtbase.dll
0x00007ffbb49d0000 - 0x00007ffbb49eb000 	C:\Program Files\Android\Android Studio\jbr\bin\VCRUNTIME140.dll
0x00007ffb93b10000 - 0x00007ffb93b27000 	C:\Program Files\Android\Android Studio\jbr\bin\jli.dll
0x00007ffbbcd20000 - 0x00007ffbbcebd000 	C:\Windows\System32\USER32.dll
0x00007ffbba860000 - 0x00007ffbba882000 	C:\Windows\System32\win32u.dll
0x00007ffbb1d50000 - 0x00007ffbb1fea000 	C:\Windows\WinSxS\amd64_microsoft.windows.common-controls_6595b64144ccf1df_6.0.19041.4355_none_60b8b9eb71f62e16\COMCTL32.dll
0x00007ffbbb740000 - 0x00007ffbbb76b000 	C:\Windows\System32\GDI32.dll
0x00007ffbbae40000 - 0x00007ffbbaf5a000 	C:\Windows\System32\gdi32full.dll
0x00007ffbbc410000 - 0x00007ffbbc4ae000 	C:\Windows\System32\msvcrt.dll
0x00007ffbbaf90000 - 0x00007ffbbb02d000 	C:\Windows\System32\msvcp_win.dll
0x00007ffbbbb40000 - 0x00007ffbbbb6f000 	C:\Windows\System32\IMM32.DLL
0x00007ffba6c80000 - 0x00007ffba6c8c000 	C:\Program Files\Android\Android Studio\jbr\bin\vcruntime140_1.dll
0x00007ffbb42e0000 - 0x00007ffbb436d000 	C:\Program Files\Android\Android Studio\jbr\bin\msvcp140.dll
0x00007ffb82d60000 - 0x00007ffb839e3000 	C:\Program Files\Android\Android Studio\jbr\bin\server\jvm.dll
0x00007ffbbb770000 - 0x00007ffbbb81f000 	C:\Windows\System32\ADVAPI32.dll
0x00007ffbbc800000 - 0x00007ffbbc89f000 	C:\Windows\System32\sechost.dll
0x00007ffbbb820000 - 0x00007ffbbb943000 	C:\Windows\System32\RPCRT4.dll
0x00007ffbbaf60000 - 0x00007ffbbaf87000 	C:\Windows\System32\bcrypt.dll
0x00007ffbba170000 - 0x00007ffbba1bb000 	C:\Windows\SYSTEM32\POWRPROF.dll
0x00007ffba7df0000 - 0x00007ffba7e17000 	C:\Windows\SYSTEM32\WINMM.dll
0x00007ffbb1a50000 - 0x00007ffbb1a59000 	C:\Windows\SYSTEM32\WSOCK32.dll
0x00007ffbb5f50000 - 0x00007ffbb5f5a000 	C:\Windows\SYSTEM32\VERSION.dll
0x00007ffbbb240000 - 0x00007ffbbb2ab000 	C:\Windows\System32\WS2_32.dll
0x00007ffbba150000 - 0x00007ffbba162000 	C:\Windows\SYSTEM32\UMPDC.dll
0x00007ffbb8650000 - 0x00007ffbb8662000 	C:\Windows\SYSTEM32\kernel.appcore.dll
0x00007ffba6c50000 - 0x00007ffba6c5a000 	C:\Program Files\Android\Android Studio\jbr\bin\jimage.dll
0x00007ffbb5330000 - 0x00007ffbb5514000 	C:\Windows\SYSTEM32\DBGHELP.DLL
0x00007ffbb5240000 - 0x00007ffbb5274000 	C:\Windows\SYSTEM32\dbgcore.DLL
0x00007ffbbb0e0000 - 0x00007ffbbb162000 	C:\Windows\System32\bcryptPrimitives.dll
0x00007ffba3090000 - 0x00007ffba309e000 	C:\Program Files\Android\Android Studio\jbr\bin\instrument.dll
0x00007ffb95ee0000 - 0x00007ffb95f05000 	C:\Program Files\Android\Android Studio\jbr\bin\java.dll
0x00007ffb9acc0000 - 0x00007ffb9acd8000 	C:\Program Files\Android\Android Studio\jbr\bin\zip.dll
0x00007ffbbbbd0000 - 0x00007ffbbc33d000 	C:\Windows\System32\SHELL32.dll
0x00007ffbb8850000 - 0x00007ffbb8ff4000 	C:\Windows\SYSTEM32\windows.storage.dll
0x00007ffbbb3e0000 - 0x00007ffbbb735000 	C:\Windows\System32\combase.dll
0x00007ffbba070000 - 0x00007ffbba09b000 	C:\Windows\SYSTEM32\Wldp.dll
0x00007ffbbc340000 - 0x00007ffbbc40d000 	C:\Windows\System32\OLEAUT32.dll
0x00007ffbbc510000 - 0x00007ffbbc5bd000 	C:\Windows\System32\SHCORE.dll
0x00007ffbbba50000 - 0x00007ffbbbaa5000 	C:\Windows\System32\shlwapi.dll
0x00007ffbba720000 - 0x00007ffbba745000 	C:\Windows\SYSTEM32\profapi.dll
0x00007ffb996a0000 - 0x00007ffb996b9000 	C:\Program Files\Android\Android Studio\jbr\bin\net.dll
0x00007ffbb5a40000 - 0x00007ffbb5b4a000 	C:\Windows\SYSTEM32\WINHTTP.dll
0x00007ffbb9e50000 - 0x00007ffbb9ebc000 	C:\Windows\system32\mswsock.dll
0x00007ffb95b20000 - 0x00007ffb95b36000 	C:\Program Files\Android\Android Studio\jbr\bin\nio.dll
0x00007ffba3160000 - 0x00007ffba3170000 	C:\Program Files\Android\Android Studio\jbr\bin\verify.dll
0x00007ffbb4370000 - 0x00007ffbb4397000 	C:\Users\Hp\.gradle\native\c067742578af261105cb4f569cf0c3c89f3d7b1fecec35dd04571415982c5e48\windows-amd64\native-platform.dll
0x00007ffb959d0000 - 0x00007ffb95b14000 	C:\Users\Hp\.gradle\native\38dada09dfb8b06ba9b0570ebf7e218e3eb74d4ef43ca46872605cf95ebc2f47\windows-amd64\native-platform-file-events.dll
0x00007ffba4a20000 - 0x00007ffba4a29000 	C:\Program Files\Android\Android Studio\jbr\bin\management.dll
0x00007ffba4380000 - 0x00007ffba438b000 	C:\Program Files\Android\Android Studio\jbr\bin\management_ext.dll
0x00007ffbbba40000 - 0x00007ffbbba48000 	C:\Windows\System32\PSAPI.DLL
0x00007ffbba100000 - 0x00007ffbba118000 	C:\Windows\SYSTEM32\CRYPTSP.dll
0x00007ffbb9790000 - 0x00007ffbb97c8000 	C:\Windows\system32\rsaenh.dll
0x00007ffbba6a0000 - 0x00007ffbba6ce000 	C:\Windows\SYSTEM32\USERENV.dll
0x00007ffbb9fe0000 - 0x00007ffbb9fec000 	C:\Windows\SYSTEM32\CRYPTBASE.dll
0x00007ffbb9b50000 - 0x00007ffbb9b8b000 	C:\Windows\SYSTEM32\IPHLPAPI.DLL
0x00007ffbbba30000 - 0x00007ffbbba38000 	C:\Windows\System32\NSI.dll
0x00007ffbb4bb0000 - 0x00007ffbb4bc7000 	C:\Windows\SYSTEM32\dhcpcsvc6.DLL
0x00007ffbb4ec0000 - 0x00007ffbb4edd000 	C:\Windows\SYSTEM32\dhcpcsvc.DLL
0x00007ffbb9b90000 - 0x00007ffbb9c5a000 	C:\Windows\SYSTEM32\DNSAPI.dll
0x00007ffba4af0000 - 0x00007ffba4af9000 	C:\Program Files\Android\Android Studio\jbr\bin\extnet.dll
0x00007ffba54b0000 - 0x00007ffba54b7000 	C:\Windows\system32\wshunix.dll
0x00007ffbb24c0000 - 0x00007ffbb24ca000 	C:\Windows\System32\rasadhlp.dll
0x00007ffbb32b0000 - 0x00007ffbb3330000 	C:\Windows\System32\fwpuclnt.dll
0x00007ffb756a0000 - 0x00007ffb756b7000 	C:\Windows\system32\napinsp.dll
0x00007ffb75680000 - 0x00007ffb7569b000 	C:\Windows\system32\pnrpnsp.dll
0x00007ffb93a90000 - 0x00007ffb93aa5000 	C:\Windows\system32\wshbth.dll
0x00007ffbb5b50000 - 0x00007ffbb5b6d000 	C:\Windows\system32\NLAapi.dll
0x00007ffb75660000 - 0x00007ffb75672000 	C:\Windows\System32\winrnr.dll
0x00007ffbb4280000 - 0x00007ffbb429e000 	C:\Users\Hp\AppData\Local\Temp\native-platform7139323502554833418dir\native-platform.dll
0x00007ffbb7e50000 - 0x00007ffbb7e57000 	C:\Program Files\Android\Android Studio\jbr\bin\rmi.dll
0x00007ffbb99e0000 - 0x00007ffbb9a13000 	C:\Windows\SYSTEM32\ntmarta.dll

dbghelp: loaded successfully - version: 4.0.5 - missing functions: none
symbol engine: initialized successfully - sym options: 0x614 - pdb path: .;C:\Program Files\Android\Android Studio\jbr\bin;C:\Windows\SYSTEM32;C:\Windows\WinSxS\amd64_microsoft.windows.common-controls_6595b64144ccf1df_6.0.19041.4355_none_60b8b9eb71f62e16;C:\Program Files\Android\Android Studio\jbr\bin\server;C:\Users\Hp\.gradle\native\c067742578af261105cb4f569cf0c3c89f3d7b1fecec35dd04571415982c5e48\windows-amd64;C:\Users\Hp\.gradle\native\38dada09dfb8b06ba9b0570ebf7e218e3eb74d4ef43ca46872605cf95ebc2f47\windows-amd64;C:\Users\Hp\AppData\Local\Temp\native-platform7139323502554833418dir

VM Arguments:
jvm_args: --add-opens=java.base/java.util=ALL-UNNAMED --add-opens=java.base/java.lang=ALL-UNNAMED --add-opens=java.base/java.lang.invoke=ALL-UNNAMED --add-opens=java.prefs/java.util.prefs=ALL-UNNAMED --add-opens=java.base/java.nio.charset=ALL-UNNAMED --add-opens=java.base/java.net=ALL-UNNAMED --add-opens=java.base/java.util.concurrent.atomic=ALL-UNNAMED -Xmx2048m -Dfile.encoding=UTF-8 -Duser.country=US -Duser.language=en -Duser.variant -javaagent:C:\Users\Hp\.gradle\wrapper\dists\gradle-8.7-bin\bhs2wmbdwecv87pi65oeuq5iu\gradle-8.7\lib\agents\gradle-instrumentation-agent-8.7.jar 
java_command: org.gradle.launcher.daemon.bootstrap.GradleDaemon 8.7
java_class_path (initial): C:\Users\Hp\.gradle\wrapper\dists\gradle-8.7-bin\bhs2wmbdwecv87pi65oeuq5iu\gradle-8.7\lib\gradle-launcher-8.7.jar
Launcher Type: SUN_STANDARD

[Global flags]
     intx CICompilerCount                          = 3                                         {product} {ergonomic}
     uint ConcGCThreads                            = 1                                         {product} {ergonomic}
     uint G1ConcRefinementThreads                  = 4                                         {product} {ergonomic}
   size_t G1HeapRegionSize                         = 1048576                                   {product} {ergonomic}
    uintx GCDrainStackTargetSize                   = 64                                        {product} {ergonomic}
   size_t InitialHeapSize                          = 268435456                                 {product} {ergonomic}
   size_t MarkStackSize                            = 4194304                                   {product} {ergonomic}
   size_t MaxHeapSize                              = 2147483648                                {product} {command line}
   size_t MaxNewSize                               = 1287651328                                {product} {ergonomic}
   size_t MinHeapDeltaBytes                        = 1048576                                   {product} {ergonomic}
   size_t MinHeapSize                              = 8388608                                   {product} {ergonomic}
    uintx NonNMethodCodeHeapSize                   = 5832780                                {pd product} {ergonomic}
    uintx NonProfiledCodeHeapSize                  = 122912730                              {pd product} {ergonomic}
    uintx ProfiledCodeHeapSize                     = 122912730                              {pd product} {ergonomic}
    uintx ReservedCodeCacheSize                    = 251658240                              {pd product} {ergonomic}
     bool SegmentedCodeCache                       = true                                      {product} {ergonomic}
   size_t SoftMaxHeapSize                          = 2147483648                             {manageable} {ergonomic}
     bool UseCompressedClassPointers               = true                           {product lp64_product} {ergonomic}
     bool UseCompressedOops                        = true                           {product lp64_product} {ergonomic}
     bool UseG1GC                                  = true                                      {product} {ergonomic}
     bool UseLargePagesIndividualAllocation        = false                                  {pd product} {ergonomic}

Logging:
Log output configuration:
 #0: stdout all=warning uptime,level,tags
 #1: stderr all=off uptime,level,tags

Environment Variables:
JAVA_HOME=C:\Program Files\Java\jdk-19
PATH=C:\Program Files\Common Files\Oracle\Java\javapath;C:\Program Files (x86)\Common Files\Oracle\Java\java8path;C:\Program Files (x86)\Common Files\Oracle\Java\javapath;C:\Windows\system32;C:\Windows;C:\Windows\System32\Wbem;C:\Windows\System32\WindowsPowerShell\v1.0\;C:\Windows\System32\OpenSSH\;C:\Program Files\Git\cmd;C:\Users\Hp\AppData\Local\Microsoft\WindowsApps;C:\src\flutter\bin;C:\Program Files\Android\Android Studio\jre;C:\Users\Hp\AppData\Local\GitHubDesktop\bin
USERNAME=Hp
OS=Windows_NT
PROCESSOR_IDENTIFIER=Intel64 Family 6 Model 94 Stepping 3, GenuineIntel
TMP=C:\Users\Hp\AppData\Local\Temp
TEMP=C:\Users\Hp\AppData\Local\Temp



Periodic native trim disabled

JNI global refs:
JNI global refs: 27, weak refs: 2

JNI global refs memory usage: 843, weak refs: 841

OOME stack traces (most recent first):
Classloader memory used:
Loader org.gradle.internal.classloader.VisitableURLClassLoader$InstrumentingVisitableURLClassLoader: 6711K
Loader java.net.URLClassLoader                                                         : 6433K
Loader org.gradle.internal.classloader.VisitableURLClassLoader                         : 5361K
Loader bootstrap                                                                       : 4023K
Loader org.gradle.initialization.MixInLegacyTypesClassLoader                           : 1694K
Loader jdk.internal.loader.ClassLoaders$AppClassLoader                                 : 1195K
Loader jdk.internal.reflect.DelegatingClassLoader                                      : 182K
Loader jdk.internal.loader.ClassLoaders$PlatformClassLoader                            : 149K
Loader org.gradle.internal.classloader.VisitableURLClassLoader                         : 26876B
Loader sun.reflect.misc.MethodUtil                                                     : 373B

Classes loaded by more than one classloader:
Class kotlin.sequences.SequencesKt                                                    : loaded 5 times (x 69B)
Class com.google.common.collect.Lists                                                 : loaded 5 times (x 69B)
Class kotlin.text.StringsKt__IndentKt                                                 : loaded 5 times (x 69B)
Class kotlin.Pair                                                                     : loaded 5 times (x 70B)
Class com.google.common.math.IntMath$1                                                : loaded 5 times (x 69B)
Class kotlin.LazyKt__LazyJVMKt                                                        : loaded 5 times (x 69B)
Class com.google.common.base.Suppliers                                                : loaded 5 times (x 69B)
Class com.google.common.collect.CollectSpliterators$1WithCharacteristics              : loaded 5 times (x 88B)
Class com.google.common.base.Suppliers$MemoizingSupplier                              : loaded 5 times (x 77B)
Class com.google.common.base.CommonPattern                                            : loaded 5 times (x 72B)
Class kotlin.text.CharsKt__CharJVMKt                                                  : loaded 5 times (x 69B)
Class kotlin.TuplesKt                                                                 : loaded 5 times (x 69B)
Class kotlin.ranges.IntProgression$Companion                                          : loaded 5 times (x 69B)
Class com.google.common.collect.SingletonImmutableBiMap                               : loaded 5 times (x 141B)
Class com.google.common.collect.Sets$SetView                                          : loaded 5 times (x 136B)
Class kotlin.collections.MapsKt__MapWithDefaultKt                                     : loaded 5 times (x 69B)
Class kotlin.text.StringsKt__StringNumberConversionsJVMKt                             : loaded 5 times (x 69B)
Class com.google.common.collect.ImmutableMultimap$EntryCollection                     : loaded 5 times (x 125B)
Class kotlin.collections.ArraysKt___ArraysKt                                          : loaded 5 times (x 69B)
Class com.google.common.collect.Iterators$MergingIterator                             : loaded 5 times (x 79B)
Class com.google.common.collect.ImmutableCollection$Builder                           : loaded 5 times (x 74B)
Class com.google.common.collect.Maps$EntryTransformer                                 : loaded 5 times (x 68B)
Class com.google.common.collect.Maps$KeySet                                           : loaded 5 times (x 135B)
Class com.google.common.collect.ImmutableMultimap                                     : loaded 5 times (x 145B)
Class kotlin.text.StringsKt___StringsKt                                               : loaded 5 times (x 69B)
Class kotlin.collections.AbstractList                                                 : loaded 5 times (x 157B)
Class kotlin.collections.AbstractCollection                                           : loaded 5 times (x 115B)
Class com.google.common.math.MathPreconditions                                        : loaded 5 times (x 69B)
Class com.google.common.collect.AbstractMapBasedMultimap                              : loaded 5 times (x 137B)
Class kotlin.collections.MapsKt__MapsJVMKt                                            : loaded 5 times (x 69B)
Class kotlin.collections.ArraysKt__ArraysJVMKt                                        : loaded 5 times (x 69B)
Class com.google.common.collect.ImmutableMapEntry$NonTerminalImmutableMapEntry        : loaded 5 times (x 83B)
Class com.google.common.base.Present                                                  : loaded 5 times (x 79B)
Class com.google.common.base.CharMatcher$JavaLowerCase                                : loaded 5 times (x 109B)
Class kotlin.text.StringsKt__RegexExtensionsKt                                        : loaded 5 times (x 69B)
Class com.google.common.collect.Iterables                                             : loaded 5 times (x 69B)
Class kotlin.collections.EmptySet                                                     : loaded 5 times (x 120B)
Class kotlin.text.StringsKt__StringBuilderJVMKt                                       : loaded 5 times (x 69B)
Class kotlin.collections.SetsKt___SetsKt                                              : loaded 5 times (x 69B)
Class com.google.common.base.CharMatcher$NegatedFastMatcher                           : loaded 5 times (x 111B)
Class com.google.common.base.CharMatcher$InRange                                      : loaded 5 times (x 109B)
Class com.google.common.collect.ArrayListMultimap                                     : loaded 5 times (x 170B)
Class com.google.common.collect.ImmutableMultimap$Values                              : loaded 5 times (x 124B)
Class kotlin.collections.MapsKt                                                       : loaded 5 times (x 69B)
Class kotlin.text.StringsKt__StringsKt                                                : loaded 5 times (x 69B)
Class com.google.common.collect.Sets$4                                                : loaded 5 times (x 137B)
Class com.google.common.graph.SuccessorsFunction                                      : loaded 5 times (x 68B)
Class com.google.common.collect.Collections2$FilteredCollection                       : loaded 5 times (x 117B)
Class com.google.common.collect.Sets$3                                                : loaded 5 times (x 137B)
Class kotlin.text.StringsKt__StringsJVMKt                                             : loaded 5 times (x 69B)
Class com.google.common.collect.Maps$8                                                : loaded 5 times (x 80B)
Class com.google.common.collect.Maps$IteratorBasedAbstractMap$1                       : loaded 5 times (x 136B)
Class com.google.common.collect.Sets$2                                                : loaded 5 times (x 137B)
Class com.google.common.base.CharMatcher$Or                                           : loaded 5 times (x 110B)
Class com.google.common.math.IntMath                                                  : loaded 5 times (x 69B)
Class com.google.common.collect.Sets$1                                                : loaded 5 times (x 137B)
Class com.google.common.collect.AbstractIterator                                      : loaded 5 times (x 80B)
Class com.google.common.collect.UnmodifiableIterator                                  : loaded 5 times (x 78B)
Class com.google.common.collect.ImmutableMap$1                                        : loaded 5 times (x 79B)
Class kotlin.collections.CollectionsKt__IterablesKt                                   : loaded 5 times (x 69B)
Class com.google.common.base.CharMatcher$JavaIsoControl                               : loaded 5 times (x 110B)
Class kotlin.UninitializedPropertyAccessException                                     : loaded 5 times (x 80B)
Class com.google.common.collect.MapDifference                                         : loaded 5 times (x 68B)
Class com.google.common.collect.ImmutableSet$SetBuilderImpl                           : loaded 5 times (x 74B)
Class kotlin.collections.CollectionsKt__MutableCollectionsKt                          : loaded 5 times (x 69B)
Class com.google.common.collect.AbstractMapEntry                                      : loaded 5 times (x 79B)
Class [Lcom.google.common.collect.AbstractMapEntry;                                   : loaded 5 times (x 67B)
Class com.google.common.collect.AbstractIterator$State                                : loaded 5 times (x 77B)
Class com.google.common.collect.ImmutableList$Builder                                 : loaded 5 times (x 75B)
Class com.google.common.collect.SingletonImmutableList                                : loaded 5 times (x 167B)
Class com.google.common.base.CharMatcher$Negated                                      : loaded 5 times (x 111B)
Class com.google.common.base.CharMatcher$SingleWidth                                  : loaded 5 times (x 110B)
Class com.google.common.collect.Hashing                                               : loaded 5 times (x 69B)
Class com.google.common.collect.ImmutableMultimap$2                                   : loaded 5 times (x 79B)
Class com.google.common.collect.Maps$BiMapConverter                                   : loaded 5 times (x 88B)
Class com.google.common.collect.ImmutableMultimap$1                                   : loaded 5 times (x 80B)
Class com.google.common.base.CharMatcher$JavaLetter                                   : loaded 5 times (x 109B)
Class kotlin.reflect.KCallable                                                        : loaded 5 times (x 68B)
Class kotlin.collections.CollectionsKt__ReversedViewsKt                               : loaded 5 times (x 69B)
Class com.google.common.base.JdkPattern                                               : loaded 5 times (x 73B)
Class com.google.common.base.Optional                                                 : loaded 5 times (x 78B)
Class kotlin.collections.EmptyMap                                                     : loaded 5 times (x 107B)
Class com.google.common.collect.Multimap                                              : loaded 5 times (x 68B)
Class kotlin.collections.CollectionsKt__IteratorsKt                                   : loaded 5 times (x 69B)
Class com.google.common.base.FunctionalEquivalence                                    : loaded 5 times (x 81B)
Class com.google.common.collect.RegularImmutableBiMap                                 : loaded 5 times (x 146B)
Class kotlin.NotImplementedError                                                      : loaded 5 times (x 80B)
Class kotlin.ranges.RangesKt__RangesKt                                                : loaded 5 times (x 69B)
Class kotlin.sequences.SequencesKt__SequenceBuilderKt                                 : loaded 5 times (x 69B)
Class com.google.common.base.CharMatcher$FastMatcher                                  : loaded 5 times (x 109B)
Class com.google.common.collect.CollectSpliterators                                   : loaded 5 times (x 69B)
Class kotlin.text.StringsKt__StringNumberConversionsKt                                : loaded 5 times (x 69B)
Class kotlin.collections.CollectionsKt___CollectionsJvmKt                             : loaded 5 times (x 69B)
Class com.google.common.collect.ImmutableMultiset                                     : loaded 5 times (x 161B)
Class com.google.common.collect.ImmutableList$SubList                                 : loaded 5 times (x 168B)
Class com.google.common.base.CharMatcher$JavaLetterOrDigit                            : loaded 5 times (x 109B)
Class kotlin.collections.ArraysKt___ArraysJvmKt                                       : loaded 5 times (x 69B)
Class com.google.common.collect.ForwardingObject                                      : loaded 5 times (x 70B)
Class kotlin.collections.CollectionsKt                                                : loaded 5 times (x 69B)
Class kotlin.LazyKt__LazyKt                                                           : loaded 5 times (x 69B)
Class kotlin.jvm.KotlinReflectionNotSupportedError                                    : loaded 5 times (x 80B)
Class com.google.common.base.CharMatcher$RangesMatcher                                : loaded 5 times (x 110B)
Class kotlin.Unit                                                                     : loaded 5 times (x 69B)
Class com.google.common.collect.ArrayListMultimapGwtSerializationDependencies         : loaded 5 times (x 170B)
Class kotlin.jvm.internal.Lambda                                                      : loaded 5 times (x 73B)
Class com.google.common.collect.SortedIterable                                        : loaded 5 times (x 68B)
Class com.google.common.base.Joiner$2                                                 : loaded 5 times (x 77B)
Class com.google.common.collect.ImmutableCollection                                   : loaded 5 times (x 123B)
Class com.google.common.base.Joiner$1                                                 : loaded 5 times (x 78B)
Class kotlin.collections.AbstractList$Companion                                       : loaded 5 times (x 69B)
Class Program                                                                         : loaded 5 times (x 70B)
Class kotlin.reflect.KFunction                                                        : loaded 5 times (x 68B)
Class com.google.common.collect.RegularImmutableSet                                   : loaded 5 times (x 146B)
Class com.google.common.base.CharMatcher$Any                                          : loaded 5 times (x 110B)
Class com.google.common.collect.AbstractListMultimap                                  : loaded 5 times (x 170B)
Class com.google.common.collect.IndexedImmutableSet$1                                 : loaded 5 times (x 172B)
Class com.google.common.base.CharMatcher$Invisible                                    : loaded 5 times (x 110B)
Class com.google.common.collect.ImmutableEnumSet                                      : loaded 5 times (x 144B)
Class com.google.common.collect.Maps$ViewCachingAbstractMap                           : loaded 5 times (x 123B)
Class kotlin.internal.ProgressionUtilKt                                               : loaded 5 times (x 69B)
Class com.google.common.base.PairwiseEquivalence                                      : loaded 5 times (x 81B)
Class com.google.common.collect.ListMultimap                                          : loaded 5 times (x 68B)
Class com.google.common.collect.Sets                                                  : loaded 5 times (x 69B)
Class com.google.common.base.CharMatcher$JavaDigit                                    : loaded 5 times (x 109B)
Class com.google.common.collect.IndexedImmutableSet                                   : loaded 5 times (x 148B)
Class kotlin.jvm.internal.markers.KMappedMarker                                       : loaded 5 times (x 68B)
Class com.google.common.base.Ascii                                                    : loaded 5 times (x 69B)
Class com.google.common.collect.RegularImmutableMap$Values                            : loaded 5 times (x 167B)
Class com.google.common.base.CharMatcher$And                                          : loaded 5 times (x 110B)
Class com.google.common.collect.ImmutableEnumMap                                      : loaded 5 times (x 123B)
Class com.google.common.collect.ImmutableMapEntry                                     : loaded 5 times (x 83B)
Class com.google.common.base.CharMatcher$Digit                                        : loaded 5 times (x 110B)
Class kotlin.text.StringsKt                                                           : loaded 5 times (x 69B)
Class com.google.common.collect.AbstractMultimap                                      : loaded 5 times (x 121B)
Class com.google.common.collect.ImmutableList$ReverseImmutableList                    : loaded 5 times (x 168B)
Class kotlin.collections.CollectionsKt__MutableCollectionsJVMKt                       : loaded 5 times (x 69B)
Class com.google.common.base.CharMatcher$Ascii                                        : loaded 5 times (x 110B)
Class com.google.common.base.Predicate                                                : loaded 5 times (x 68B)
Class kotlin.collections.EmptyList                                                    : loaded 5 times (x 134B)
Class com.google.common.base.CharMatcher$1                                            : loaded 5 times (x 111B)
Class kotlin.enums.EnumEntries                                                        : loaded 5 times (x 68B)
Class kotlin.text.StringsKt__RegexExtensionsJVMKt                                     : loaded 5 times (x 69B)
Class com.google.common.collect.ImmutableSet$CachingAsList                            : loaded 5 times (x 145B)
Class com.google.common.collect.Iterators                                             : loaded 5 times (x 69B)
Class kotlin.Function                                                                 : loaded 5 times (x 68B)
Class kotlin.collections.MapWithDefault                                               : loaded 5 times (x 68B)
Class com.google.common.collect.EmptyImmutableListMultimap                            : loaded 5 times (x 174B)
Class com.google.common.collect.ImmutableSet$Builder                                  : loaded 5 times (x 83B)
Class kotlin.jvm.internal.FunctionBase                                                : loaded 5 times (x 68B)
Class kotlin.collections.SetsKt                                                       : loaded 5 times (x 69B)
Class com.google.common.collect.Sets$FilteredSet                                      : loaded 5 times (x 135B)
Class com.google.common.collect.ObjectArrays                                          : loaded 5 times (x 69B)
Class com.google.common.base.CharMatcher$ForPredicate                                 : loaded 5 times (x 110B)
Class kotlin.reflect.KDeclarationContainer                                            : loaded 5 times (x 68B)
Class com.google.common.collect.ImmutableMap$MapViewOfValuesAsSingletonSets           : loaded 5 times (x 123B)
Class com.google.common.collect.Multiset                                              : loaded 5 times (x 68B)
Class com.google.common.collect.ImmutableBiMap$Builder                                : loaded 5 times (x 80B)
Class kotlin.jvm.internal.FunctionReference                                           : loaded 5 times (x 120B)
Class com.google.common.collect.ImmutableMapKeySet                                    : loaded 5 times (x 148B)
Class com.google.common.collect.Iterators$10                                          : loaded 5 times (x 79B)
Class com.google.common.collect.ImmutableMap$Builder                                  : loaded 5 times (x 80B)
Class com.google.common.collect.ImmutableList                                         : loaded 5 times (x 166B)
Class com.google.common.collect.SortedMapDifference                                   : loaded 5 times (x 68B)
Class kotlin.ranges.RangesKt                                                          : loaded 5 times (x 69B)
Class com.google.common.collect.SingletonImmutableSet                                 : loaded 5 times (x 144B)
Class kotlin.sequences.Sequence                                                       : loaded 5 times (x 68B)
Class com.google.common.primitives.Ints$IntConverter                                  : loaded 5 times (x 88B)
Class kotlin.jvm.internal.Intrinsics                                                  : loaded 5 times (x 69B)
Class com.google.common.base.CharMatcher$Whitespace                                   : loaded 5 times (x 110B)
Class com.google.common.base.CharMatcher$JavaUpperCase                                : loaded 5 times (x 109B)
Class com.google.common.base.CharMatcher$NamedFastMatcher                             : loaded 5 times (x 110B)
Class com.google.common.collect.Lists$StringAsImmutableList                           : loaded 5 times (x 167B)
Class kotlin.enums.EnumEntriesKt                                                      : loaded 5 times (x 69B)
Class com.google.common.collect.ImmutableEntry                                        : loaded 5 times (x 80B)
Class com.google.common.collect.Platform                                              : loaded 5 times (x 69B)
Class kotlin.text.StringsKt___StringsJvmKt                                            : loaded 5 times (x 69B)
Class kotlin.UNINITIALIZED_VALUE                                                      : loaded 5 times (x 69B)
Class com.google.common.collect.Iterators$1                                           : loaded 5 times (x 79B)
Class com.google.common.collect.Maps$EntrySet                                         : loaded 5 times (x 134B)
Class kotlin.collections.CollectionsKt___CollectionsKt                                : loaded 5 times (x 69B)
Class com.google.common.collect.BaseImmutableMultimap                                 : loaded 5 times (x 121B)
Class kotlin.ranges.RangesKt___RangesKt                                               : loaded 5 times (x 69B)
Class com.google.common.collect.RegularImmutableMap$BucketOverflowException           : loaded 5 times (x 80B)
Class com.google.common.collect.Iterators$4                                           : loaded 5 times (x 80B)
Class kotlin.text.CharsKt                                                             : loaded 5 times (x 69B)
Class kotlin.reflect.KAnnotatedElement                                                : loaded 5 times (x 68B)
Class com.google.common.collect.Iterators$5                                           : loaded 5 times (x 80B)
Class kotlin.collections.ArraysKt__ArraysKt                                           : loaded 5 times (x 69B)
Class com.google.common.collect.ImmutableBiMapFauxverideShim                          : loaded 5 times (x 118B)
Class kotlin.ranges.OpenEndRange                                                      : loaded 5 times (x 68B)
Class com.google.common.collect.Iterators$6                                           : loaded 5 times (x 79B)
Class com.google.common.base.Joiner                                                   : loaded 5 times (x 77B)
Class com.google.common.collect.RegularImmutableList                                  : loaded 5 times (x 172B)
Class com.google.common.base.Equivalence$Equals                                       : loaded 5 times (x 80B)
Class com.google.common.collect.ImmutableMapEntrySet                                  : loaded 5 times (x 149B)
Class com.google.common.base.Preconditions                                            : loaded 5 times (x 69B)
Class com.google.common.base.Supplier                                                 : loaded 5 times (x 68B)
Class kotlin.text.StringsKt__AppendableKt                                             : loaded 5 times (x 69B)
Class kotlin.KotlinNullPointerException                                               : loaded 5 times (x 81B)
Class kotlin.ranges.ClosedRange                                                       : loaded 5 times (x 68B)
Class com.google.common.base.Function                                                 : loaded 5 times (x 68B)
Class com.google.common.collect.Iterators$9                                           : loaded 5 times (x 79B)
Class kotlin.ranges.IntRange$Companion                                                : loaded 5 times (x 69B)
Class com.google.common.primitives.Ints                                               : loaded 5 times (x 69B)
Class com.google.common.base.Equivalence                                              : loaded 5 times (x 80B)
Class kotlin.collections.MapsKt___MapsKt                                              : loaded 5 times (x 69B)
Class com.google.common.collect.RegularImmutableMap$KeySet                            : loaded 5 times (x 148B)
Class com.google.common.collect.ImmutableAsList                                       : loaded 5 times (x 169B)
Class com.google.common.collect.CollectPreconditions                                  : loaded 5 times (x 69B)
Class com.google.common.primitives.IntsMethodsForWeb                                  : loaded 5 times (x 69B)
Class kotlin.jvm.internal.CallableReference$NoReceiver                                : loaded 5 times (x 69B)
Class com.google.common.base.CharMatcher                                              : loaded 5 times (x 109B)
Class kotlin.collections.EmptyIterator                                                : loaded 5 times (x 87B)
Class com.google.common.collect.Maps                                                  : loaded 5 times (x 69B)
Class com.google.common.collect.PeekingIterator                                       : loaded 5 times (x 68B)
Class com.google.common.base.Suppliers$NonSerializableMemoizingSupplier               : loaded 5 times (x 77B)
Class com.google.common.collect.RegularImmutableMap                                   : loaded 5 times (x 119B)
Class com.google.common.collect.RegularImmutableAsList                                : loaded 5 times (x 176B)
Class com.google.common.collect.Maps$AbstractFilteredMap                              : loaded 5 times (x 125B)
Class com.google.common.collect.AbstractIndexedListIterator                           : loaded 5 times (x 94B)
Class kotlin.collections.CollectionsKt__CollectionsKt                                 : loaded 5 times (x 69B)
Class com.google.common.base.CharMatcher$IsNot                                        : loaded 5 times (x 109B)
Class com.google.common.base.CharMatcher$Is                                           : loaded 5 times (x 109B)
Class com.google.common.collect.RegularImmutableSortedSet                             : loaded 5 times (x 233B)
Class com.google.common.collect.ImmutableMultimap$Builder                             : loaded 5 times (x 81B)
Class com.google.common.base.CharMatcher$None                                         : loaded 5 times (x 110B)
Class kotlin.SynchronizedLazyImpl                                                     : loaded 5 times (x 74B)
Class com.google.common.collect.ImmutableMultimap$Keys                                : loaded 5 times (x 164B)
Class com.google.common.collect.UnmodifiableListIterator                              : loaded 5 times (x 93B)
Class com.google.common.collect.Maps$IteratorBasedAbstractMap                         : loaded 5 times (x 123B)
Class kotlin.Lazy                                                                     : loaded 5 times (x 68B)
Class com.google.common.collect.ImmutableBiMap                                        : loaded 5 times (x 141B)
Class com.google.common.collect.ImmutableSet$EmptySetBuilderImpl                      : loaded 5 times (x 74B)
Class com.google.common.collect.ImmutableList$1                                       : loaded 5 times (x 95B)
Class kotlin.text.CharsKt__CharKt                                                     : loaded 5 times (x 69B)
Class com.google.common.collect.ImmutableMapEntrySet$RegularEntrySet                  : loaded 5 times (x 149B)
Class [Lcom.google.common.collect.ImmutableMapEntry;                                  : loaded 5 times (x 67B)
Class [Lcom.google.common.collect.AbstractIterator$State;                             : loaded 5 times (x 67B)
Class com.google.common.collect.ImmutableSortedSetFauxverideShim                      : loaded 5 times (x 145B)
Class com.google.common.base.Converter                                                : loaded 5 times (x 88B)
Class com.google.common.collect.SetMultimap                                           : loaded 5 times (x 68B)
Class kotlin.jvm.functions.Function1                                                  : loaded 5 times (x 68B)
Class kotlin.jvm.functions.Function0                                                  : loaded 5 times (x 68B)
Class kotlin.jvm.internal.CallableReference                                           : loaded 5 times (x 104B)
Class kotlin.Metadata                                                                 : loaded 5 times (x 68B)
Class kotlin.collections.CollectionsKt__IteratorsJVMKt                                : loaded 5 times (x 69B)
Class kotlin.collections.ArraysKt                                                     : loaded 5 times (x 69B)
Class com.google.common.collect.ImmutableSortedSet                                    : loaded 5 times (x 233B)
Class kotlin.enums.EnumEntriesList                                                    : loaded 5 times (x 183B)
Class com.google.common.base.Equivalence$Identity                                     : loaded 5 times (x 80B)
Class com.google.common.collect.ImmutableListMultimap                                 : loaded 5 times (x 174B)
Class com.google.common.base.CharMatcher$AnyOf                                        : loaded 5 times (x 110B)
Class com.google.common.base.CharMatcher$IsEither                                     : loaded 5 times (x 109B)
Class com.google.common.collect.ImmutableMultisetGwtSerializationDependencies         : loaded 5 times (x 123B)
Class com.google.common.collect.NullnessCasts                                         : loaded 5 times (x 69B)
Class kotlin.ranges.IntRange                                                          : loaded 5 times (x 91B)
Class com.google.common.collect.Iterators$ArrayItr                                    : loaded 5 times (x 95B)
Class com.google.common.collect.ImmutableMap                                          : loaded 5 times (x 118B)
Class kotlin.collections.MapsKt___MapsJvmKt                                           : loaded 5 times (x 69B)
Class kotlin.annotation.Target                                                        : loaded 5 times (x 68B)
Class com.google.common.collect.TransformedIterator                                   : loaded 5 times (x 78B)
Class kotlin.collections.SetsKt__SetsJVMKt                                            : loaded 5 times (x 69B)
Class kotlin.collections.MapsKt__MapsKt                                               : loaded 5 times (x 69B)
Class kotlin.sequences.SequencesKt__SequencesKt                                       : loaded 5 times (x 69B)
Class kotlin.sequences.SequencesKt___SequencesKt                                      : loaded 5 times (x 69B)
Class kotlin.ranges.IntProgression                                                    : loaded 5 times (x 79B)
Class kotlin.sequences.SequencesKt__SequencesJVMKt                                    : loaded 5 times (x 69B)
Class kotlin.LazyKt                                                                   : loaded 5 times (x 69B)
Class com.google.common.collect.ImmutableSet$JdkBackedSetBuilderImpl                  : loaded 5 times (x 74B)
Class kotlin.collections.CollectionsKt__CollectionsJVMKt                              : loaded 5 times (x 69B)
Class kotlin.annotation.Retention                                                     : loaded 5 times (x 68B)
Class kotlin.sequences.SequencesKt___SequencesJvmKt                                   : loaded 5 times (x 69B)
Class com.google.common.collect.ImmutableMap$IteratorBasedImmutableMap                : loaded 5 times (x 123B)
Class com.google.common.collect.ImmutableSet$RegularSetBuilderImpl                    : loaded 5 times (x 75B)
Class com.google.common.collect.AbstractIterator$1                                    : loaded 5 times (x 69B)
Class kotlin.NoWhenBranchMatchedException                                             : loaded 5 times (x 80B)
Class kotlin.collections.SetsKt__SetsKt                                               : loaded 5 times (x 69B)
Class com.google.common.collect.Sets$ImprovedAbstractSet                              : loaded 5 times (x 133B)
Class com.google.common.collect.ImmutableSet                                          : loaded 5 times (x 143B)
Class kotlin.text.StringsKt__StringBuilderKt                                          : loaded 5 times (x 69B)
Class [Lcom.google.common.collect.ImmutableEntry;                                     : loaded 5 times (x 67B)
Class com.google.common.base.CharMatcher$BitSetMatcher                                : loaded 5 times (x 110B)
Class com.google.common.collect.BiMap                                                 : loaded 5 times (x 68B)
Class kotlin.reflect.jvm.internal.KDeclarationContainerImpl$Data                      : loaded 4 times (x 70B)
Class com.google.common.collect.AbstractSetMultimap                                   : loaded 4 times (x 172B)
Class kotlin.reflect.jvm.internal.KCallableImpl$_absentArguments$1                    : loaded 4 times (x 77B)
Class kotlin.reflect.jvm.internal.ReflectProperties$LazySoftVal                       : loaded 4 times (x 76B)
Class com.google.common.collect.Maps$FilteredEntryMap$EntrySet                        : loaded 4 times (x 150B)
Class kotlin.Result                                                                   : loaded 4 times (x 70B)
Class kotlin.reflect.jvm.internal.KClassImpl$Data$objectInstance$2                    : loaded 4 times (x 77B)
Class kotlin.reflect.jvm.internal.KClassImpl$Data$qualifiedName$2                     : loaded 4 times (x 77B)
Class kotlin.reflect.jvm.internal.ReflectionFactoryImpl                               : loaded 4 times (x 89B)
Class kotlin.jvm.internal.MutablePropertyReference2                                   : loaded 4 times (x 135B)
Class [Lkotlin.DeprecationLevel;                                                      : loaded 4 times (x 67B)
Class kotlin.jvm.internal.MutablePropertyReference1                                   : loaded 4 times (x 135B)
Class com.google.common.collect.Maps$FilteredEntryMap                                 : loaded 4 times (x 126B)
Class kotlin.DeprecationLevel                                                         : loaded 4 times (x 77B)
Class kotlin.jvm.internal.MutablePropertyReference0                                   : loaded 4 times (x 135B)
Class kotlin.reflect.jvm.internal.impl.descriptors.runtime.structure.ReflectClassUtilKt: loaded 4 times (x 69B)
Class kotlin.annotation.MustBeDocumented                                              : loaded 4 times (x 68B)
Class kotlin.reflect.jvm.internal.impl.utils.CollectionsKt                            : loaded 4 times (x 69B)
Class kotlin.jvm.internal.MutablePropertyReference                                    : loaded 4 times (x 117B)
Class kotlin.reflect.jvm.internal.KPropertyImpl                                       : loaded 4 times (x 113B)
Class kotlin.annotation.AnnotationRetention                                           : loaded 4 times (x 77B)
Class [Lkotlin.LazyThreadSafetyMode;                                                  : loaded 4 times (x 67B)
Class kotlin.reflect.KTypeParameter                                                   : loaded 4 times (x 68B)
Class kotlin.reflect.jvm.internal.ClassValueCache                                     : loaded 4 times (x 72B)
Class kotlin.reflect.jvm.internal.KClassImpl$Data$allNonStaticMembers$2               : loaded 4 times (x 77B)
Class kotlin.reflect.KProperty                                                        : loaded 4 times (x 68B)
Class kotlin.reflect.KMutableProperty$Setter                                          : loaded 4 times (x 68B)
Class kotlin.reflect.jvm.internal.impl.builtins.jvm.JavaToKotlinClassMap              : loaded 4 times (x 69B)
Class kotlin.jvm.JvmClassMappingKt                                                    : loaded 4 times (x 69B)
Class kotlin.reflect.jvm.internal.KClassImpl$Data$inheritedNonStaticMembers$2         : loaded 4 times (x 77B)
Class com.google.common.base.CaseFormat                                               : loaded 4 times (x 81B)
Class kotlin.reflect.jvm.internal.KClassImpl$data$1                                   : loaded 4 times (x 77B)
Class kotlin.reflect.jvm.internal.KClassImpl$Data$typeParameters$2                    : loaded 4 times (x 77B)
Class kotlin.jvm.internal.ClassBasedDeclarationContainer                              : loaded 4 times (x 68B)
Class kotlin.reflect.jvm.internal.KProperty1Impl                                      : loaded 4 times (x 126B)
Class kotlin.jvm.functions.Function2                                                  : loaded 4 times (x 68B)
Class kotlin.LazyKt__LazyJVMKt$WhenMappings                                           : loaded 4 times (x 69B)
Class kotlin.collections.builders.MapBuilder                                          : loaded 4 times (x 110B)
Class [Lkotlin.reflect.KDeclarationContainer;                                         : loaded 4 times (x 67B)
Class kotlin.reflect.jvm.internal.KClassImpl$Data$nestedClasses$2                     : loaded 4 times (x 77B)
Class kotlin.jvm.internal.PropertyReference                                           : loaded 4 times (x 113B)
Class kotlin.reflect.jvm.internal.KClassImpl                                          : loaded 4 times (x 113B)
Class kotlin.jvm.functions.Function3                                                  : loaded 4 times (x 68B)
Class kotlin.jvm.internal.markers.KMutableList                                        : loaded 4 times (x 68B)
Class kotlin.sequences.ConstrainedOnceSequence                                        : loaded 4 times (x 73B)
Class kotlin.reflect.jvm.internal.KClassImpl$Data$constructors$2                      : loaded 4 times (x 77B)
Class kotlin.jvm.functions.Function4                                                  : loaded 4 times (x 68B)
Class kotlin.reflect.jvm.internal.KClassImpl$Data$declaredNonStaticMembers$2          : loaded 4 times (x 77B)
Class kotlin.jvm.functions.Function5                                                  : loaded 4 times (x 68B)
Class [Lkotlin.reflect.jvm.internal.impl.builtins.jvm.JavaToKotlinClassMap$PlatformMutabilityMapping;: loaded 4 times (x 67B)
Class kotlin.jvm.internal.DefaultConstructorMarker                                    : loaded 4 times (x 69B)
Class kotlin.comparisons.ComparisonsKt                                                : loaded 4 times (x 69B)
Class kotlin.reflect.jvm.internal.KMutableProperty1Impl$_setter$1                     : loaded 4 times (x 77B)
Class org.apache.commons.io.output.AppendableWriter                                   : loaded 4 times (x 98B)
Class org.apache.commons.io.StandardLineSeparator                                     : loaded 4 times (x 77B)
Class kotlin.reflect.KType                                                            : loaded 4 times (x 68B)
Class [Lorg.apache.commons.io.StandardLineSeparator;                                  : loaded 4 times (x 67B)
Class kotlin.jvm.functions.Function6                                                  : loaded 4 times (x 68B)
Class kotlin.io.FilesKt                                                               : loaded 4 times (x 69B)
Class kotlin.jvm.functions.Function7                                                  : loaded 4 times (x 68B)
Class kotlin.reflect.jvm.internal.CachesKt$CACHE_FOR_GENERIC_CLASSIFIERS$1            : loaded 4 times (x 76B)
Class kotlin.comparisons.ComparisonsKt___ComparisonsJvmKt                             : loaded 4 times (x 69B)
Class kotlin.jvm.functions.Function8                                                  : loaded 4 times (x 68B)
Class kotlin.jvm.functions.Function9                                                  : loaded 4 times (x 68B)
Class com.google.common.base.Platform                                                 : loaded 4 times (x 69B)
Class kotlin.reflect.jvm.internal.KClassImpl$Data$sealedSubclasses$2                  : loaded 4 times (x 77B)
Class kotlin.io.FilesKt__FileTreeWalkKt                                               : loaded 4 times (x 69B)
Class kotlin.reflect.jvm.internal.KClassImpl$Data                                     : loaded 4 times (x 70B)
Class kotlin.reflect.jvm.internal.KProperty1Impl$delegateSource$1                     : loaded 4 times (x 77B)
Class kotlin.io.TextStreamsKt                                                         : loaded 4 times (x 69B)
Class kotlin.jvm.internal.PropertyReference1Impl                                      : loaded 4 times (x 125B)
Class kotlin.jvm.internal.MutablePropertyReference1Impl                               : loaded 4 times (x 135B)
Class com.google.common.collect.ImmutableMap$IteratorBasedImmutableMap$1EntrySetImpl  : loaded 4 times (x 150B)
Class kotlin.reflect.jvm.internal.impl.name.FqName                                    : loaded 4 times (x 70B)
Class kotlin.reflect.jvm.internal.KPropertyImpl$_javaField$1                          : loaded 4 times (x 77B)
Class kotlin.io.FileSystemException                                                   : loaded 4 times (x 80B)
Class kotlin.reflect.jvm.internal.CachesKt                                            : loaded 4 times (x 69B)
Class com.google.common.collect.ImmutableSetMultimap                                  : loaded 4 times (x 178B)
Class kotlin.reflect.jvm.internal.KCallableImpl$_returnType$1                         : loaded 4 times (x 77B)
Class kotlin.reflect.jvm.internal.KProperty1Impl$_getter$1                            : loaded 4 times (x 77B)
Class kotlin.jvm.internal.Reflection                                                  : loaded 4 times (x 69B)
Class kotlin._Assertions                                                              : loaded 4 times (x 69B)
Class kotlin.reflect.jvm.internal.impl.builtins.PrimitiveType$Companion               : loaded 4 times (x 69B)
Class [Lkotlin.reflect.KClass;                                                        : loaded 4 times (x 67B)
Class kotlin.reflect.jvm.internal.CacheByClass                                        : loaded 4 times (x 71B)
Class [Lkotlin.reflect.KClassifier;                                                   : loaded 4 times (x 67B)
Class kotlin.reflect.full.IllegalPropertyDelegateAccessException                      : loaded 4 times (x 80B)
Class kotlin.reflect.jvm.internal.KClassImpl$Data$descriptor$2                        : loaded 4 times (x 77B)
Class kotlin.jvm.functions.Function20                                                 : loaded 4 times (x 68B)
Class [Lkotlin.reflect.jvm.internal.impl.name.ClassId;                                : loaded 4 times (x 67B)
Class kotlin.reflect.jvm.internal.KClassImpl$Data$annotations$2                       : loaded 4 times (x 77B)
Class kotlin.jvm.internal.PropertyReference2                                          : loaded 4 times (x 125B)
Class kotlin.collections.IndexingIterator                                             : loaded 4 times (x 77B)
Class kotlin.reflect.jvm.internal.RuntimeTypeMapper                                   : loaded 4 times (x 69B)
Class kotlin.io.NoSuchFileException                                                   : loaded 4 times (x 80B)
Class kotlin.jvm.internal.SpreadBuilder                                               : loaded 4 times (x 74B)
Class kotlin.jvm.internal.PropertyReference1                                          : loaded 4 times (x 125B)
Class kotlin.jvm.internal.PropertyReference0                                          : loaded 4 times (x 125B)
Class com.google.common.base.CaseFormat$StringConverter                               : loaded 4 times (x 88B)
Class kotlin.jvm.functions.Function21                                                 : loaded 4 times (x 68B)
Class kotlin.jvm.functions.Function22                                                 : loaded 4 times (x 68B)
Class kotlin.reflect.KMutableProperty2                                                : loaded 4 times (x 68B)
Class kotlin.reflect.jvm.internal.impl.name.SpecialNames                              : loaded 4 times (x 69B)
Class [Lkotlin.reflect.KCallable;                                                     : loaded 4 times (x 67B)
Class kotlin.reflect.KMutableProperty1                                                : loaded 4 times (x 68B)
Class kotlin.collections.IndexingIterable                                             : loaded 4 times (x 77B)
Class com.google.common.collect.Maps$TransformedEntriesMap                            : loaded 4 times (x 125B)
Class kotlin.jvm.internal.ReflectionFactory                                           : loaded 4 times (x 89B)
Class kotlin.reflect.KMutableProperty0                                                : loaded 4 times (x 68B)
Class kotlin.collections.ArraysUtilJVM                                                : loaded 4 times (x 69B)
Class org.apache.commons.io.output.NullOutputStream                                   : loaded 4 times (x 83B)
Class kotlin.reflect.jvm.internal.impl.name.FqNameUnsafe$1                            : loaded 4 times (x 72B)
Class kotlin.collections.CollectionsKt___CollectionsKt$withIndex$1                    : loaded 4 times (x 77B)
Class kotlin.reflect.jvm.internal.KCallableImpl                                       : loaded 4 times (x 103B)
Class kotlin.reflect.jvm.internal.impl.name.StandardClassIdsKt                        : loaded 4 times (x 69B)
Class kotlin.reflect.jvm.internal.impl.builtins.PrimitiveType$arrayTypeFqName$2       : loaded 4 times (x 77B)
Class org.apache.commons.io.output.StringBuilderWriter                                : loaded 4 times (x 98B)
Class kotlin.io.FileAlreadyExistsException                                            : loaded 4 times (x 80B)
Class kotlin.io.LinesSequence$iterator$1                                              : loaded 4 times (x 77B)
Class [Lkotlin.reflect.jvm.internal.impl.name.FqName;                                 : loaded 4 times (x 67B)
Class kotlin.reflect.jvm.internal.impl.builtins.StandardNames$FqNames                 : loaded 4 times (x 69B)
Class kotlin.text.Charsets                                                            : loaded 4 times (x 69B)
Class org.apache.commons.io.IOUtils                                                   : loaded 4 times (x 69B)
Class kotlin.io.LinesSequence                                                         : loaded 4 times (x 73B)
Class kotlin.reflect.jvm.internal.ReflectProperties$Val$1                             : loaded 4 times (x 69B)
Class dagger.hilt.processor.internal.optionvalues.GradleProjectType                   : loaded 4 times (x 77B)
Class com.google.common.collect.ForwardingSet                                         : loaded 4 times (x 149B)
Class kotlin.reflect.jvm.internal.KClassImpl$Data$declaredStaticMembers$2             : loaded 4 times (x 77B)
Class kotlin.io.FilesKt__FilePathComponentsKt                                         : loaded 4 times (x 69B)
Class kotlin.io.FilesKt__UtilsKt                                                      : loaded 4 times (x 69B)
Class kotlin.reflect.jvm.internal.KClassImpl$Data$declaredMembers$2                   : loaded 4 times (x 77B)
Class kotlin.reflect.jvm.internal.impl.builtins.PrimitiveType                         : loaded 4 times (x 77B)
Class [Lcom.google.common.base.CaseFormat;                                            : loaded 4 times (x 67B)
Class kotlin.reflect.jvm.internal.KPackageImpl$data$1                                 : loaded 4 times (x 77B)
Class android.databinding.tool.CompilerArguments$Companion                            : loaded 4 times (x 69B)
Class kotlin.text.Regex                                                               : loaded 4 times (x 70B)
Class kotlin.reflect.jvm.internal.CacheByClassKt                                      : loaded 4 times (x 69B)
Class kotlin.annotation.AnnotationTarget                                              : loaded 4 times (x 77B)
Class kotlin.io.FilesKt__FileReadWriteKt                                              : loaded 4 times (x 69B)
Class [Lkotlin.annotation.AnnotationTarget;                                           : loaded 4 times (x 67B)
Class kotlin.collections.AbstractMutableList                                          : loaded 4 times (x 166B)
Class com.google.common.collect.Sets$1$1                                              : loaded 4 times (x 80B)
Class kotlin.reflect.jvm.internal.KCallableImpl$_typeParameters$1                     : loaded 4 times (x 77B)
Class [Lkotlin.reflect.jvm.internal.impl.builtins.PrimitiveType;                      : loaded 4 times (x 67B)
Class com.google.common.collect.ForwardingCollection                                  : loaded 4 times (x 128B)
Class kotlin.reflect.full.IllegalCallableAccessException                              : loaded 4 times (x 80B)
Class kotlin.jvm.internal.markers.KMutableCollection                                  : loaded 4 times (x 68B)
Class kotlin.reflect.jvm.internal.CachesKt$K_CLASS_CACHE$1                            : loaded 4 times (x 76B)
Class org.apache.commons.io.output.UnsynchronizedByteArrayOutputStream                : loaded 4 times (x 100B)
Class kotlin.reflect.jvm.internal.ReflectProperties$Val                               : loaded 4 times (x 72B)
Class kotlin.reflect.jvm.internal.CachesKt$CACHE_FOR_BASE_CLASSIFIERS$1               : loaded 4 times (x 76B)
Class kotlin.reflect.KProperty$Getter                                                 : loaded 4 times (x 68B)
Class kotlin.comparisons.ComparisonsKt__ComparisonsKt                                 : loaded 4 times (x 69B)
Class kotlin.reflect.KProperty$Accessor                                               : loaded 4 times (x 68B)
Class kotlin.reflect.jvm.internal.KClassImpl$Data$simpleName$2                        : loaded 4 times (x 77B)
Class kotlin.reflect.jvm.internal.impl.name.FqNameUnsafe                              : loaded 4 times (x 70B)
Class kotlin.io.TerminateException                                                    : loaded 4 times (x 80B)
Class com.google.common.collect.ImmutableSortedSet$Builder                            : loaded 4 times (x 84B)
Class kotlin.reflect.jvm.internal.KCallableImpl$_annotations$1                        : loaded 4 times (x 77B)
Class kotlin.reflect.jvm.internal.KDeclarationContainerImpl$Companion                 : loaded 4 times (x 69B)
Class kotlin.SafePublicationLazyImpl                                                  : loaded 4 times (x 74B)
Class kotlin.jvm.functions.Function19                                                 : loaded 4 times (x 68B)
Class kotlin.collections.IndexedValue                                                 : loaded 4 times (x 70B)
Class [Lkotlin.Pair;                                                                  : loaded 4 times (x 67B)
Class kotlin.reflect.jvm.internal.KDeclarationContainerImpl                           : loaded 4 times (x 82B)
Class android.databinding.tool.writer.JavaFileWriter                                  : loaded 4 times (x 72B)
Class com.google.common.base.CaseFormat$1                                             : loaded 4 times (x 81B)
Class kotlin.jvm.functions.Function18                                                 : loaded 4 times (x 68B)
Class kotlin.reflect.jvm.internal.impl.builtins.PrimitiveType$typeFqName$2            : loaded 4 times (x 77B)
Class com.google.common.base.CaseFormat$2                                             : loaded 4 times (x 81B)
Class kotlin.reflect.jvm.internal.impl.resolve.jvm.JvmPrimitiveType                   : loaded 4 times (x 77B)
Class com.google.common.base.CaseFormat$3                                             : loaded 4 times (x 81B)
Class com.google.common.base.CaseFormat$4                                             : loaded 4 times (x 81B)
Class kotlin.reflect.jvm.internal.KotlinReflectionInternalError                       : loaded 4 times (x 80B)
Class kotlin.reflect.jvm.internal.impl.builtins.CompanionObjectMapping                : loaded 4 times (x 69B)
Class [Lkotlin.reflect.jvm.internal.impl.resolve.jvm.JvmPrimitiveType;                : loaded 4 times (x 67B)
Class kotlin.reflect.jvm.internal.impl.builtins.StandardNames                         : loaded 4 times (x 69B)
Class [Lkotlin.reflect.KAnnotatedElement;                                             : loaded 4 times (x 67B)
Class com.google.common.base.CaseFormat$5                                             : loaded 4 times (x 81B)
Class kotlin.jvm.internal.markers.KMutableMap                                         : loaded 4 times (x 68B)
Class kotlin.collections.builders.MapBuilder$Companion                                : loaded 4 times (x 69B)
Class kotlin.reflect.jvm.internal.KPropertyImpl$_descriptor$1                         : loaded 4 times (x 77B)
Class org.apache.commons.io.output.ByteArrayOutputStream                              : loaded 4 times (x 100B)
Class android.databinding.tool.CompilerArguments                                      : loaded 4 times (x 70B)
Class com.google.common.base.NullnessCasts                                            : loaded 4 times (x 69B)
Class kotlin.reflect.jvm.internal.impl.name.FqNamesUtilKt                             : loaded 4 times (x 69B)
Class com.google.common.base.Platform$JdkPatternCompiler                              : loaded 4 times (x 73B)
Class kotlin.reflect.jvm.internal.KPackageImpl                                        : loaded 4 times (x 83B)
Class kotlin.jvm.functions.Function17                                                 : loaded 4 times (x 68B)
Class kotlin.reflect.KClass                                                           : loaded 4 times (x 68B)
Class kotlin.reflect.jvm.internal.CachesKt$CACHE_FOR_NULLABLE_BASE_CLASSIFIERS$1      : loaded 4 times (x 76B)
Class kotlin.reflect.jvm.internal.impl.name.Name                                      : loaded 4 times (x 73B)
Class kotlin.reflect.jvm.internal.KClassImpl$Data$inheritedStaticMembers$2            : loaded 4 times (x 77B)
Class kotlin.reflect.KMutableProperty                                                 : loaded 4 times (x 68B)
Class com.google.common.base.Strings                                                  : loaded 4 times (x 69B)
Class com.google.common.collect.Maps$13                                               : loaded 4 times (x 83B)
Class kotlin.reflect.KClassifier                                                      : loaded 4 times (x 68B)
Class com.google.common.collect.Maps$9                                                : loaded 4 times (x 74B)
Class com.google.common.collect.Sets$3$1                                              : loaded 4 times (x 80B)
Class kotlin.reflect.jvm.internal.impl.builtins.jvm.JavaToKotlinClassMap$PlatformMutabilityMapping: loaded 4 times (x 70B)
Class com.google.common.collect.Maps$12                                               : loaded 4 times (x 80B)
Class com.google.common.collect.Maps$FilteredEntryMap$EntrySet$1                      : loaded 4 times (x 80B)
Class kotlin.reflect.jvm.internal.ReflectProperties                                   : loaded 4 times (x 69B)
Class javax.xml.bind.JAXBException                                                    : loaded 4 times (x 83B)
Class com.google.common.base.PatternCompiler                                          : loaded 4 times (x 68B)
Class kotlin.LazyThreadSafetyMode                                                     : loaded 4 times (x 77B)
Class kotlin.jvm.internal.CollectionToArray                                           : loaded 4 times (x 69B)
Class kotlin.comparisons.ComparisonsKt___ComparisonsKt                                : loaded 4 times (x 69B)
Class kotlin.jvm.functions.Function16                                                 : loaded 4 times (x 68B)
Class kotlin.reflect.jvm.internal.KClassImpl$Data$allStaticMembers$2                  : loaded 4 times (x 77B)
Class kotlin.text.Regex$Companion                                                     : loaded 4 times (x 69B)
Class kotlin.reflect.jvm.internal.EmptyContainerForLocal                              : loaded 4 times (x 82B)
Class kotlin.reflect.jvm.internal.CachesKt$K_PACKAGE_CACHE$1                          : loaded 4 times (x 76B)
Class kotlin.reflect.jvm.internal.KClassImpl$Data$supertypes$2                        : loaded 4 times (x 77B)
Class kotlin.reflect.jvm.internal.KCallableImpl$_parameters$1                         : loaded 4 times (x 77B)
Class kotlin.reflect.jvm.internal.KClassImpl$Data$allMembers$2                        : loaded 4 times (x 77B)
Class [Lkotlin.annotation.AnnotationRetention;                                        : loaded 4 times (x 67B)
Class kotlin.reflect.jvm.internal.KMutableProperty1Impl                               : loaded 4 times (x 133B)
Class [Ldagger.hilt.processor.internal.optionvalues.GradleProjectType;                : loaded 4 times (x 67B)
Class kotlin.Result$Failure                                                           : loaded 4 times (x 70B)
Class kotlin.reflect.jvm.internal.KTypeParameterOwnerImpl                             : loaded 4 times (x 68B)
Class kotlin.reflect.KProperty0                                                       : loaded 4 times (x 68B)
Class [Lkotlin.reflect.KProperty;                                                     : loaded 4 times (x 67B)
Class org.apache.commons.io.output.AbstractByteArrayOutputStream                      : loaded 4 times (x 100B)
Class kotlin.reflect.KProperty1                                                       : loaded 4 times (x 68B)
Class kotlin.reflect.KProperty2                                                       : loaded 4 times (x 68B)
Class kotlin.reflect.jvm.internal.KPropertyImpl$Companion                             : loaded 4 times (x 69B)
Class kotlin.jvm.functions.Function10                                                 : loaded 4 times (x 68B)
Class kotlin.jvm.functions.Function15                                                 : loaded 4 times (x 68B)
Class kotlin.jvm.functions.Function11                                                 : loaded 4 times (x 68B)
Class com.google.common.collect.ImmutableMapValues                                    : loaded 4 times (x 124B)
Class kotlin.Result$Companion                                                         : loaded 4 times (x 69B)
Class kotlin.jvm.functions.Function12                                                 : loaded 4 times (x 68B)
Class kotlin.jvm.functions.Function13                                                 : loaded 4 times (x 68B)
Class kotlin.reflect.jvm.internal.ComputableClassValue                                : loaded 4 times (x 78B)
Class kotlin.SafePublicationLazyImpl$Companion                                        : loaded 4 times (x 69B)
Class kotlin.reflect.jvm.internal.KDeclarationContainerImpl$Data$moduleData$2         : loaded 4 times (x 77B)
Class org.apache.commons.io.output.ThresholdingOutputStream                           : loaded 4 times (x 92B)
Class kotlin.jvm.internal.markers.KMutableIterable                                    : loaded 4 times (x 68B)
Class kotlin.jvm.internal.markers.KMutableIterator                                    : loaded 4 times (x 68B)
Class kotlin.reflect.jvm.internal.KClassifierImpl                                     : loaded 4 times (x 68B)
Class kotlin.reflect.jvm.internal.impl.name.ClassId                                   : loaded 4 times (x 70B)
Class kotlin.jvm.functions.Function14                                                 : loaded 4 times (x 68B)
Class kotlin.io.CloseableKt                                                           : loaded 4 times (x 69B)
Class kotlin.collections.builders.ListBuilderKt                                       : loaded 4 times (x 69B)
Class kotlin.reflect.jvm.internal.impl.name.StandardClassIds                          : loaded 4 times (x 69B)
Class dagger.hilt.android.processor.internal.viewmodel.ViewModelValidationPluginKt$WhenMappings: loaded 3 times (x 69B)
Class kotlin.collections.IntIterator                                                  : loaded 3 times (x 80B)
Class com.squareup.javapoet.TypeName$2                                                : loaded 3 times (x 69B)
Class dagger.internal.codegen.bindinggraphvalidation.SubcomponentFactoryMethodValidator: loaded 3 times (x 83B)
Class com.sun.xml.bind.v2.model.runtime.RuntimeReferencePropertyInfo                  : loaded 3 times (x 68B)
Class com.sun.xml.bind.api.JAXBRIContext                                              : loaded 3 times (x 87B)
Class dagger.spi.internal.shaded.androidx.room.jarjarred.kotlinx.metadata.internal.metadata.jvm.deserialization.JvmNameResolverBase: loaded 3 times (x 78B)
Class [Lcom.sun.xml.bind.v2.runtime.property.AttributeProperty;                       : loaded 3 times (x 67B)
Class dagger.internal.codegen.bindinggraphvalidation.CompositeBindingGraphPlugin$Factory: loaded 3 times (x 68B)
Class dagger.spi.internal.shaded.androidx.room.compiler.processing.javac.JavacTypeElement: loaded 3 times (x 296B)
Class dagger.spi.internal.shaded.auto.common.MoreElements$TypeElementVisitor          : loaded 3 times (x 91B)
Class com.google.gson.internal.bind.JsonTreeWriter                                    : loaded 3 times (x 96B)
Class dagger.spi.internal.shaded.androidx.room.compiler.processing.InternalXAnnotationValue$Kind$Companion: loaded 3 times (x 69B)
Class com.squareup.javapoet.TypeName$1                                                : loaded 3 times (x 107B)
Class dagger.spi.internal.shaded.androidx.room.compiler.processing.XElementKt         : loaded 3 times (x 69B)
Class dagger.hilt.processor.internal.root.ComponentTreeDepsProcessingStep             : loaded 3 times (x 85B)
Class dagger.spi.internal.shaded.androidx.room.jarjarred.kotlinx.metadata.internal.metadata.jvm.JvmProtoBuf$JvmPropertySignature: loaded 3 times (x 112B)
Class dagger.internal.codegen.componentgenerator.TopLevelImplementationComponent      : loaded 3 times (x 68B)
Class dagger.spi.internal.shaded.androidx.room.jarjarred.kotlinx.metadata.KmPropertyAccessorAttributes: loaded 3 times (x 69B)
Class com.google.gson.internal.sql.SqlTimeTypeAdapter$1                               : loaded 3 times (x 73B)
Class dagger.internal.Factory                                                         : loaded 3 times (x 68B)
Class dagger.spi.internal.shaded.androidx.room.jarjarred.kotlinx.metadata.internal.metadata.jvm.JvmProtoBuf$JvmPropertySignature$Builder: loaded 3 times (x 139B)
Class [Ldagger.spi.internal.shaded.androidx.room.jarjarred.kotlinx.metadata.KmVersionRequirementLevel;: loaded 3 times (x 67B)
Class dagger.spi.internal.shaded.kotlinx.metadata.internal.protobuf.GeneratedMessageLite$ExtensionDescriptor: loaded 3 times (x 82B)
Class com.sun.xml.bind.v2.model.impl.FieldPropertySeed                                : loaded 3 times (x 88B)
Class dagger.spi.internal.shaded.androidx.room.jarjarred.kotlinx.metadata.Attributes$kind$2: loaded 3 times (x 135B)
Class com.google.gson.internal.bind.TypeAdapters$20                                   : loaded 3 times (x 73B)
Class com.google.common.collect.SortedIterables                                       : loaded 3 times (x 69B)
Class com.squareup.javapoet.AnnotationSpec                                            : loaded 3 times (x 70B)
Class [Ldagger.spi.internal.shaded.androidx.room.compiler.processing.InternalXAnnotationValue$Kind;: loaded 3 times (x 67B)
Class dagger.hilt.processor.internal.earlyentrypoint.EarlyEntryPointProcessingStep    : loaded 3 times (x 85B)
Class com.google.common.cache.CacheBuilder$NullListener                               : loaded 3 times (x 80B)
Class com.sun.xml.bind.v2.runtime.property.ArrayProperty                              : loaded 3 times (x 100B)
Class dagger.internal.codegen.validation.BindsInstanceParameterValidator$Validator    : loaded 3 times (x 75B)
Class com.android.tools.build.jetifier.core.TypeRewriter                              : loaded 3 times (x 70B)
Class dagger.internal.codegen.validation.ComponentValidator                           : loaded 3 times (x 73B)
Class com.sun.xml.bind.v2.model.nav.Navigator                                         : loaded 3 times (x 68B)
Class androidx.room.compiler.processing.javac.JavacProcessingEnv                      : loaded 3 times (x 113B)
Class dagger.internal.codegen.componentgenerator.ComponentGenerator_Factory           : loaded 3 times (x 75B)
Class dagger.internal.codegen.processingstep.MapKeyProcessingStep_Factory             : loaded 3 times (x 75B)
Class dagger.internal.codegen.binding.ModuleDescriptor$Factory                        : loaded 3 times (x 73B)
Class android.databinding.tool.util.LoggedErrorException                              : loaded 3 times (x 80B)
Class dagger.spi.internal.shaded.androidx.room.jarjarred.kotlinx.metadata.Attributes$kind$7: loaded 3 times (x 135B)
Class dagger.spi.internal.shaded.androidx.room.jarjarred.kotlinx.metadata.internal.extensions.KmClassExtension: loaded 3 times (x 68B)
Class com.sun.xml.bind.v2.runtime.unmarshaller.ProxyLoader                            : loaded 3 times (x 76B)
Class com.sun.xml.bind.v2.model.impl.RuntimeTypeInfoSetImpl                           : loaded 3 times (x 121B)
Class dagger.internal.codegen.writing.ModuleProxies$ModuleConstructorProxyGenerator   : loaded 3 times (x 75B)
Class com.sun.xml.bind.v2.model.core.ValuePropertyInfo                                : loaded 3 times (x 68B)
Class dagger.spi.internal.shaded.androidx.room.jarjarred.kotlinx.metadata.KmPropertyVisitor: loaded 3 times (x 78B)
Class [Ldagger.spi.internal.shaded.androidx.room.jarjarred.kotlinx.metadata.internal.metadata.ProtoBuf$Effect$EffectType;: loaded 3 times (x 67B)
Class com.sun.xml.bind.v2.runtime.property.StructureLoaderBuilder                     : loaded 3 times (x 68B)
Class com.google.gson.TypeAdapter$1                                                   : loaded 3 times (x 72B)
Class org.apache.commons.io.filefilter.IOFileFilter                                   : loaded 3 times (x 68B)
Class dagger.spi.internal.shaded.androidx.room.jarjarred.kotlinx.metadata.internal.metadata.ProtoBuf$MemberKind: loaded 3 times (x 80B)
Class com.google.common.collect.EmptyImmutableSetMultimap                             : loaded 3 times (x 178B)
Class dagger.spi.internal.shaded.androidx.room.compiler.processing.javac.JavacType$superTypes$2: loaded 3 times (x 77B)
Class dagger.internal.codegen.binding.ComponentDescriptor$Factory                     : loaded 3 times (x 70B)
Class dagger.spi.internal.shaded.kotlinx.metadata.internal.protobuf.FieldSet$FieldDescriptorLite: loaded 3 times (x 68B)
Class dagger.internal.codegen.bindinggraphvalidation.MapMultibindingValidator_Factory : loaded 3 times (x 75B)
Class com.sun.xml.bind.v2.model.runtime.RuntimeMapPropertyInfo                        : loaded 3 times (x 68B)
Class dagger.spi.internal.shaded.androidx.room.jarjarred.kotlinx.metadata.KmDeclarationContainerExtensionVisitor: loaded 3 times (x 68B)
Class dagger.internal.codegen.writing.ProducerFactoryGenerator$FutureTransform        : loaded 3 times (x 76B)
Class dagger.internal.codegen.compileroption.ProcessingEnvironmentCompilerOptions$KeyOnlyOption$1: loaded 3 times (x 84B)
Class dagger.internal.codegen.compileroption.ProcessingEnvironmentCompilerOptions$KeyOnlyOption$2: loaded 3 times (x 84B)
Class com.google.gson.internal.ConstructorConstructor$9                               : loaded 3 times (x 74B)
Class kotlin.reflect.jvm.internal.impl.builtins.functions.FunctionClassKind           : loaded 3 times (x 78B)
Class dagger.spi.internal.shaded.androidx.room.jarjarred.kotlinx.metadata.KmFunction  : loaded 3 times (x 80B)
Class dagger.internal.codegen.validation.DiagnosticReporterFactory_Factory            : loaded 3 times (x 75B)
Class dagger.internal.codegen.validation.BindingGraphValidator                        : loaded 3 times (x 70B)
Class com.sun.xml.bind.IDResolver                                                     : loaded 3 times (x 73B)
Class dagger.spi.internal.shaded.androidx.room.jarjarred.kotlinx.metadata.jvm.JvmClassExtensionVisitor$Companion: loaded 3 times (x 69B)
Class dagger.spi.internal.shaded.kotlinx.metadata.internal.protobuf.Parser            : loaded 3 times (x 68B)
Class dagger.internal.codegen.validation.ProvidesMethodValidator$Validator            : loaded 3 times (x 78B)
Class dagger.internal.codegen.processingstep.AssistedInjectProcessingStep             : loaded 3 times (x 84B)
Class com.sun.xml.bind.v2.model.impl.EnumLeafInfoImpl                                 : loaded 3 times (x 126B)
Class com.google.gson.internal.sql.SqlDateTypeAdapter                                 : loaded 3 times (x 72B)
Class dagger.spi.internal.shaded.androidx.room.compiler.processing.javac.JavacFieldElement: loaded 3 times (x 225B)
Class dagger.internal.codegen.validation.BindingMethodValidator$ExceptionSuperclass   : loaded 3 times (x 79B)
Class com.sun.xml.bind.v2.model.impl.ClassInfoImpl$1                                  : loaded 3 times (x 69B)
Class dagger.internal.codegen.binding.ModuleDescriptor_Factory_Factory                : loaded 3 times (x 75B)
Class dagger.internal.codegen.binding.DependencyRequestFactory_Factory                : loaded 3 times (x 75B)
Class dagger.spi.internal.shaded.auto.common.Overrides$NativeOverrides                : loaded 3 times (x 72B)
Class dagger.hilt.android.processor.internal.bindvalue.BindValueMetadata              : loaded 3 times (x 71B)
Class dagger.spi.internal.shaded.androidx.room.jarjarred.kotlinx.metadata.Attributes$hasAnnotations$2: loaded 3 times (x 135B)
Class com.squareup.javapoet.WildcardTypeName                                          : loaded 3 times (x 79B)
Class dagger.spi.internal.shaded.androidx.room.compiler.processing.javac.JavacAnnotationValue: loaded 3 times (x 153B)
Class dagger.hilt.processor.internal.HiltProcessingEnvConfigs                         : loaded 3 times (x 69B)
Class dagger.spi.internal.shaded.androidx.room.jarjarred.kotlinx.metadata.internal.extensions.KmExtension: loaded 3 times (x 68B)
Class com.google.common.collect.AbstractMapBasedMultimap$WrappedCollection$WrappedIterator: loaded 3 times (x 82B)
Class dagger.spi.internal.shaded.androidx.room.jarjarred.kotlinx.metadata.internal.metadata.ProtoBuf$TypeParameterOrBuilder: loaded 3 times (x 68B)
Class com.sun.xml.bind.v2.runtime.unmarshaller.StructureLoader$1                      : loaded 3 times (x 69B)
Class com.sun.xml.bind.v2.runtime.unmarshaller.Base64Data                             : loaded 3 times (x 87B)
Class com.sun.xml.bind.v2.runtime.reflect.Utils                                       : loaded 3 times (x 69B)
Class [Ldagger.internal.codegen.compileroption.ProcessingEnvironmentCompilerOptions$KeyOnlyOption;: loaded 3 times (x 67B)
Class dagger.spi.internal.shaded.androidx.room.jarjarred.kotlinx.metadata.internal.protobuf.RopeByteString$RopeInputStream: loaded 3 times (x 90B)
Class com.google.gson.internal.bind.DefaultDateTypeAdapter$DateType$1                 : loaded 3 times (x 71B)
Class dagger.spi.internal.shaded.androidx.room.jarjarred.kotlinx.metadata.Attributes$hasAnnotations$6: loaded 3 times (x 135B)
Class dagger.internal.codegen.validation.MultibindsMethodValidator_Factory            : loaded 3 times (x 75B)
Class com.android.tools.build.jetifier.core.proguard.ProGuardTypesMap$Companion       : loaded 3 times (x 69B)
Class dagger.spi.internal.shaded.androidx.room.jarjarred.kotlinx.metadata.internal.metadata.ProtoBuf$Package$1: loaded 3 times (x 142B)
Class dagger.spi.internal.shaded.androidx.room.compiler.processing.InternalXAnnotationValue$kind$2: loaded 3 times (x 77B)
Class dagger.internal.codegen.processingstep.AssistedFactoryProcessingStep            : loaded 3 times (x 84B)
Class dagger.spi.internal.shaded.kotlinx.metadata.internal.metadata.jvm.JvmProtoBuf$StringTableTypes$Record$Operation$1: loaded 3 times (x 72B)
Class com.google.gson.internal.bind.TypeAdapters$21                                   : loaded 3 times (x 73B)
Class com.sun.xml.bind.v2.runtime.ArrayBeanInfoImpl                                   : loaded 3 times (x 87B)
Class dagger.spi.internal.shaded.androidx.room.jarjarred.kotlinx.metadata.internal.metadata.ProtoBuf$Type$Argument$1: loaded 3 times (x 142B)
Class com.squareup.javapoet.TypeSpec$Builder                                          : loaded 3 times (x 70B)
Class com.google.gson.internal.sql.SqlTypesSupport$1                                  : loaded 3 times (x 72B)
Class [Lcom.google.common.cache.CacheBuilder$NullListener;                            : loaded 3 times (x 67B)
Class dagger.spi.internal.shaded.androidx.room.jarjarred.kotlinx.metadata.internal.metadata.ProtoBuf$Modality: loaded 3 times (x 80B)
Class dagger.internal.codegen.validation.ProducesMethodValidator                      : loaded 3 times (x 76B)
Class dagger.spi.internal.shaded.androidx.room.compiler.processing.javac.JavacMethodElement: loaded 3 times (x 267B)
Class dagger.spi.internal.shaded.kotlinx.metadata.internal.metadata.jvm.JvmProtoBuf$JvmMethodSignature$Builder: loaded 3 times (x 132B)
Class com.google.gson.internal.sql.SqlTypesSupport$2                                  : loaded 3 times (x 72B)
Class javax.xml.bind.annotation.XmlAccessorOrder                                      : loaded 3 times (x 68B)
Class dagger.spi.internal.shaded.androidx.room.compiler.processing.javac.kotlin.KmClassContainer$propertyList$2: loaded 3 times (x 77B)
Class dagger.spi.internal.shaded.androidx.room.compiler.processing.javac.JavacArrayType$xTypeName$2: loaded 3 times (x 77B)
Class com.sun.xml.bind.v2.model.core.PropertyKind                                     : loaded 3 times (x 77B)
Class com.squareup.kotlinpoet.Annotatable                                             : loaded 3 times (x 68B)
Class dagger.internal.codegen.validation.BindingElementValidator                      : loaded 3 times (x 76B)
Class dagger.spi.internal.shaded.androidx.room.jarjarred.kotlinx.metadata.Attributes$isNullCheckPredicate$2: loaded 3 times (x 135B)
Class dagger.internal.codegen.base.DaggerSuperficialValidation$ValidationException    : loaded 3 times (x 81B)
Class dagger.internal.codegen.ProcessingEnvironmentModule_FilerFactory                : loaded 3 times (x 75B)
Class dagger.hilt.android.processor.internal.AndroidClassNames                        : loaded 3 times (x 69B)
Class dagger.internal.codegen.writing.AnnotationCreatorGenerator                      : loaded 3 times (x 78B)
Class com.sun.xml.bind.WhiteSpaceProcessor                                            : loaded 3 times (x 69B)
Class com.sun.xml.bind.v2.model.annotation.AbstractInlineAnnotationReaderImpl         : loaded 3 times (x 102B)
Class com.squareup.kotlinpoet.TagMap$Companion                                        : loaded 3 times (x 69B)
Class dagger.hilt.processor.internal.ProcessorErrorHandler                            : loaded 3 times (x 70B)
Class javax.xml.bind.DatatypeConverterInterface                                       : loaded 3 times (x 68B)
Class [Ldagger.spi.internal.shaded.kotlinx.metadata.internal.metadata.jvm.JvmProtoBuf$StringTableTypes$Record$Operation;: loaded 3 times (x 67B)
Class dagger.internal.codegen.kotlin.AutoValue_KotlinMetadata                         : loaded 3 times (x 78B)
Class com.android.tools.build.jetifier.core.pom.PomRewriteRule$Companion              : loaded 3 times (x 69B)
Class com.android.tools.build.jetifier.core.PackageMap$PackageRule$JsonData           : loaded 3 times (x 70B)
Class com.sun.xml.bind.v2.model.nav.ReflectionNavigator$1                             : loaded 3 times (x 79B)
Class com.sun.xml.bind.v2.model.nav.ReflectionNavigator$2                             : loaded 3 times (x 79B)
Class com.sun.xml.bind.v2.model.nav.ReflectionNavigator$3                             : loaded 3 times (x 75B)
Class dagger.internal.codegen.bindinggraphvalidation.MissingBindingValidator_Factory  : loaded 3 times (x 75B)
Class dagger.internal.codegen.base.Formatter                                          : loaded 3 times (x 83B)
Class com.sun.xml.bind.v2.runtime.property.SingleReferenceNodeProperty                : loaded 3 times (x 100B)
Class dagger.internal.codegen.validation.BindsMethodValidator$Validator               : loaded 3 times (x 78B)
Class dagger.internal.codegen.compileroption.FeatureStatus                            : loaded 3 times (x 77B)
Class com.sun.xml.bind.v2.model.nav.ReflectionNavigator$5                             : loaded 3 times (x 75B)
Class com.google.common.collect.SortedSetMultimap                                     : loaded 3 times (x 68B)
Class dagger.spi.internal.shaded.androidx.room.jarjarred.kotlinx.metadata.KmVersionRequirementLevel: loaded 3 times (x 77B)
Class dagger.spi.internal.shaded.androidx.room.jarjarred.kotlinx.metadata.internal.metadata.ProtoBuf$ValueParameterOrBuilder: loaded 3 times (x 68B)
Class com.google.gson.JsonSyntaxException                                             : loaded 3 times (x 80B)
Class dagger.spi.internal.shaded.kotlinx.metadata.internal.protobuf.ByteString        : loaded 3 times (x 106B)
Class kotlin.collections.CollectionsKt___CollectionsKt$asSequence$$inlined$Sequence$1 : loaded 3 times (x 73B)
Class com.sun.xml.bind.v2.model.nav.ReflectionNavigator$6                             : loaded 3 times (x 79B)
Class [Ldagger.spi.internal.shaded.androidx.room.jarjarred.kotlinx.metadata.Visibility;: loaded 3 times (x 67B)
Class dagger.spi.internal.shaded.androidx.room.jarjarred.kotlinx.metadata.internal.metadata.ProtoBuf$Class$Kind$1: loaded 3 times (x 72B)
Class dagger.spi.internal.shaded.androidx.room.compiler.codegen.XTypeName             : loaded 3 times (x 73B)
Class dagger.hilt.processor.internal.root.ir.InvalidRootsException                    : loaded 3 times (x 80B)
Class com.google.common.cache.CacheLoader$InvalidCacheLoadException                   : loaded 3 times (x 80B)
Class androidx.room.util.SimpleJavaVersion$compareTo$$inlined$thenBy$2                : loaded 3 times (x 88B)
Class com.sun.xml.bind.v2.model.nav.ReflectionNavigator$BinderArg                     : loaded 3 times (x 71B)
Class dagger.internal.codegen.compileroption.CompilerOptions                          : loaded 3 times (x 92B)
Class com.google.gson.JsonNull                                                        : loaded 3 times (x 90B)
Class com.sun.xml.bind.v2.model.impl.RuntimeMapPropertyInfoImpl                       : loaded 3 times (x 135B)
Class dagger.spi.internal.shaded.androidx.room.jarjarred.kotlinx.metadata.KmTypeProjection: loaded 3 times (x 70B)
Class com.sun.xml.bind.v2.runtime.property.SingleReferenceNodeProperty$1              : loaded 3 times (x 83B)
Class dagger.internal.codegen.xprocessing.XTypes                                      : loaded 3 times (x 69B)
Class com.google.gson.internal.bind.TypeAdapters$22                                   : loaded 3 times (x 73B)
Class androidx.room.util.SimpleJavaVersion$compareTo$$inlined$thenBy$1                : loaded 3 times (x 88B)
Class com.google.gson.internal.bind.TreeTypeAdapter                                   : loaded 3 times (x 73B)
Class kotlin.io.FileTreeWalk$FileTreeWalkIterator$WhenMappings                        : loaded 3 times (x 69B)
Class com.sun.xml.bind.api.impl.NameUtil                                              : loaded 3 times (x 78B)
Class dagger.spi.internal.shaded.kotlinx.metadata.internal.metadata.ProtoBuf$Type$Argument$Projection$1: loaded 3 times (x 72B)
Class com.google.common.collect.ExplicitOrdering                                      : loaded 3 times (x 113B)
Class [Lnet.ltgt.gradle.incap.IncrementalAnnotationProcessorType;                     : loaded 3 times (x 67B)
Class dagger.spi.internal.shaded.kotlinx.metadata.KmClass                             : loaded 3 times (x 96B)
Class dagger.spi.internal.shaded.kotlinx.metadata.internal.protobuf.InvalidProtocolBufferException: loaded 3 times (x 82B)
Class com.android.tools.build.jetifier.core.config.Config                             : loaded 3 times (x 70B)
Class [Lcom.sun.xml.bind.v2.model.core.ID;                                            : loaded 3 times (x 67B)
Class dagger.spi.internal.shaded.androidx.room.jarjarred.kotlinx.metadata.internal.ReadersKt: loaded 3 times (x 69B)
Class com.squareup.kotlinpoet.ClassName$special$$inlined$compareBy$1                  : loaded 3 times (x 87B)
Class dagger.internal.codegen.bindinggraphvalidation.SetMultibindingValidator         : loaded 3 times (x 83B)
Class dagger.spi.internal.shaded.kotlinx.metadata.internal.metadata.ProtoBuf$TypeParameterOrBuilder: loaded 3 times (x 68B)
Class dagger.spi.internal.shaded.androidx.room.compiler.processing.KClassExtKt        : loaded 3 times (x 69B)
Class com.google.gson.internal.bind.ArrayTypeAdapter                                  : loaded 3 times (x 72B)
Class com.android.tools.build.jetifier.core.type.TypesMap                             : loaded 3 times (x 70B)
Class javax.xml.bind.annotation.XmlTransient                                          : loaded 3 times (x 68B)
Class [Lcom.sun.xml.bind.v2.model.annotation.Locatable;                               : loaded 3 times (x 67B)
Class javax.xml.bind.annotation.XmlAttachmentRef                                      : loaded 3 times (x 68B)
Class dagger.spi.internal.shaded.auto.common.MoreTypes$ArrayTypeVisitor               : loaded 3 times (x 100B)
Class com.google.common.cache.LocalCache$LoadingValueReference                        : loaded 3 times (x 94B)
Class dagger.spi.internal.shaded.androidx.room.jarjarred.kotlinx.metadata.jvm.internal.JvmClassExtension: loaded 3 times (x 91B)
Class dagger.internal.codegen.binding.DependencyRequestFormatter                      : loaded 3 times (x 84B)
Class dagger.spi.internal.shaded.kotlinx.metadata.internal.metadata.ProtoBuf$ValueParameter: loaded 3 times (x 126B)
Class com.sun.xml.bind.v2.runtime.unmarshaller.ChildLoader                            : loaded 3 times (x 70B)
Class dagger.internal.codegen.base.ElementFormatter                                   : loaded 3 times (x 83B)
Class dagger.internal.codegen.writing.FactoryGenerator                                : loaded 3 times (x 75B)
Class com.sun.xml.bind.v2.runtime.NameBuilder                                         : loaded 3 times (x 70B)
Class androidx.room.processor.Context$BooleanProcessorOptions                         : loaded 3 times (x 78B)
Class dagger.spi.internal.shaded.kotlinx.metadata.internal.protobuf.SmallSortedMap$Entry: loaded 3 times (x 86B)
Class dagger.spi.internal.shaded.kotlinx.metadata.FlagsKt                             : loaded 3 times (x 69B)
Class com.sun.xml.bind.v2.model.impl.ModelBuilder                                     : loaded 3 times (x 90B)
Class dagger.spi.internal.shaded.androidx.room.jarjarred.kotlinx.metadata.KmValueParameter: loaded 3 times (x 75B)
Class dagger.spi.internal.shaded.androidx.room.compiler.processing.CommonProcessorDelegate$processRound$currentElementsDeferredByStep$1$previousRoundDeferredElementsByAnnotation$1: loaded 3 times (x 76B)
Class dagger.internal.codegen.compileroption.ValidationType                           : loaded 3 times (x 77B)
Class dagger.hilt.processor.internal.aliasof.AliasOfProcessor                         : loaded 3 times (x 98B)
Class dagger.internal.codegen.processingstep.ProcessingStepsModule_ProcessingStepsFactory: loaded 3 times (x 75B)
Class dagger.internal.codegen.DelegateComponentProcessor_SourceFileGeneratorsModule_MembersInjectorGeneratorFactory: loaded 3 times (x 75B)
Class dagger.spi.internal.shaded.androidx.room.jarjarred.kotlinx.metadata.internal.metadata.ProtoBuf$Annotation$1: loaded 3 times (x 142B)
Class com.google.gson.annotations.SerializedName                                      : loaded 3 times (x 68B)
Class dagger.internal.codegen.validation.MembersInjectionValidator                    : loaded 3 times (x 70B)
Class com.google.common.collect.NullsFirstOrdering                                    : loaded 3 times (x 113B)
Class dagger.spi.internal.shaded.kotlinx.metadata.internal.metadata.ProtoBuf$Constructor$1: loaded 3 times (x 142B)
Class dagger.internal.codegen.binding.KeyFactory                                      : loaded 3 times (x 70B)
Class [Lcom.google.gson.ToNumberStrategy;                                             : loaded 3 times (x 67B)
Class dagger.spi.internal.shaded.androidx.room.jarjarred.kotlinx.metadata.internal.protobuf.BoundedByteString: loaded 3 times (x 110B)
Class dagger.hilt.processor.internal.originatingelement.OriginatingElementProcessor   : loaded 3 times (x 98B)
Class com.google.gson.internal.bind.TypeAdapters$19                                   : loaded 3 times (x 73B)
Class com.google.gson.internal.bind.TypeAdapters$23                                   : loaded 3 times (x 73B)
Class dagger.internal.codegen.binding.AutoValue_ModuleDescriptor                      : loaded 3 times (x 83B)
Class dagger.internal.codegen.writing.UnwrappedMapKeyGenerator_Factory                : loaded 3 times (x 75B)
Class dagger.internal.SingleCheck                                                     : loaded 3 times (x 73B)
Class com.android.tools.build.jetifier.core.proguard.ProGuardTypesMap$expandedRules$2 : loaded 3 times (x 77B)
Class [Lcom.google.common.cache.LocalCache$Strength;                                  : loaded 3 times (x 67B)
Class com.google.gson.JsonElement                                                     : loaded 3 times (x 90B)
Class com.sun.xml.bind.v2.model.impl.PropertyInfoImpl                                 : loaded 3 times (x 106B)
Class [Lcom.google.gson.FieldNamingStrategy;                                          : loaded 3 times (x 67B)
Class com.google.gson.internal.bind.TypeAdapters$18                                   : loaded 3 times (x 73B)
Class dagger.internal.codegen.processingstep.SuperficialValidator                     : loaded 3 times (x 73B)
Class dagger.spi.internal.shaded.androidx.room.compiler.processing.javac.kotlin.KmBaseTypeContainer: loaded 3 times (x 68B)
Class dagger.spi.internal.shaded.androidx.room.compiler.processing.XRoundEnv          : loaded 3 times (x 68B)
Class [Ldagger.internal.codegen.compileroption.ProcessingEnvironmentCompilerOptions$CommandLineOption;: loaded 3 times (x 67B)
Class dagger.spi.internal.shaded.androidx.room.jarjarred.kotlinx.metadata.jvm.internal.JvmMetadataExtensions: loaded 3 times (x 101B)
Class com.google.gson.internal.bind.TypeAdapters$17                                   : loaded 3 times (x 73B)
Class dagger.spi.internal.shaded.androidx.room.jarjarred.kotlinx.metadata.internal.metadata.ProtoBuf$Expression$ConstantValue: loaded 3 times (x 80B)
Class dagger.internal.codegen.base.SourceFileGenerationException                      : loaded 3 times (x 80B)
Class com.sun.xml.bind.v2.runtime.unmarshaller.UnmarshallingContext                   : loaded 3 times (x 101B)
Class dagger.spi.internal.shaded.auto.common.MoreElements                             : loaded 3 times (x 69B)
Class com.google.gson.internal.bind.TypeAdapters$16                                   : loaded 3 times (x 73B)
Class com.sun.xml.bind.v2.runtime.reflect.PrimitiveArrayListerBoolean                 : loaded 3 times (x 74B)
Class com.sun.xml.bind.v2.model.core.Ref                                              : loaded 3 times (x 70B)
Class com.sun.xml.bind.v2.runtime.LifecycleMethods                                    : loaded 3 times (x 70B)
Class dagger.spi.internal.shaded.androidx.room.jarjarred.kotlinx.metadata.internal.metadata.ProtoBuf$Property: loaded 3 times (x 146B)
Class com.google.common.collect.NaturalOrdering                                       : loaded 3 times (x 113B)
Class dagger.spi.internal.shaded.androidx.room.jarjarred.kotlinx.metadata.internal.metadata.ProtoBuf$AnnotationOrBuilder: loaded 3 times (x 68B)
Class dagger.internal.codegen.validation.ValidationReport$Builder                     : loaded 3 times (x 70B)
Class dagger.internal.codegen.base.DaggerSuperficialValidation$ValidationException$UnexpectedException: loaded 3 times (x 81B)
Class dagger.internal.codegen.componentgenerator.TopLevelImplementationComponent$Factory: loaded 3 times (x 68B)
Class dagger.spi.BindingGraphPlugin                                                   : loaded 3 times (x 68B)
Class javax.xml.bind.annotation.XmlAttribute                                          : loaded 3 times (x 68B)
Class dagger.spi.internal.shaded.androidx.room.compiler.processing.XFiler             : loaded 3 times (x 68B)
Class dagger.spi.internal.shaded.androidx.room.jarjarred.kotlinx.metadata.internal.metadata.ProtoBuf$TypeOrBuilder: loaded 3 times (x 68B)
Class com.google.common.collect.ByFunctionOrdering                                    : loaded 3 times (x 113B)
Class com.sun.xml.bind.v2.model.impl.RuntimeTypeRefImpl                               : loaded 3 times (x 94B)
Class dagger.spi.internal.shaded.androidx.room.jarjarred.kotlinx.metadata.internal.protobuf.LazyField: loaded 3 times (x 81B)
Class com.sun.xml.bind.v2.runtime.reflect.Accessor$GetterSetterReflection             : loaded 3 times (x 83B)
Class com.google.gson.internal.bind.JsonTreeReader                                    : loaded 3 times (x 96B)
Class dagger.spi.internal.shaded.androidx.room.jarjarred.kotlinx.metadata.internal.metadata.ProtoBuf$Effect$EffectType: loaded 3 times (x 80B)
Class dagger.spi.internal.shaded.androidx.room.compiler.processing.InternalXAnnotation: loaded 3 times (x 137B)
Class com.google.gson.internal.bind.TypeAdapters$15                                   : loaded 3 times (x 73B)
Class [Ldagger.internal.codegen.base.ComponentCreatorKind;                            : loaded 3 times (x 67B)
Class dagger.spi.internal.shaded.androidx.room.jarjarred.kotlinx.metadata.internal.FlagDelegatesImplKt$typeBooleanFlag$1: loaded 3 times (x 135B)
Class androidx.room.DatabaseProcessingStep                                            : loaded 3 times (x 77B)
Class dagger.spi.internal.shaded.androidx.room.compiler.processing.XProcessingEnv     : loaded 3 times (x 68B)
Class dagger.MembersInjector                                                          : loaded 3 times (x 68B)
Class com.google.gson.internal.sql.SqlTypesSupport                                    : loaded 3 times (x 69B)
Class com.google.gson.internal.bind.TypeAdapters$14                                   : loaded 3 times (x 73B)
Class com.sun.xml.bind.v2.model.nav.ReflectionNavigator$10                            : loaded 3 times (x 75B)
Class com.sun.xml.bind.v2.runtime.property.ArrayERProperty$ItemsLoader                : loaded 3 times (x 76B)
Class dagger.internal.codegen.processingstep.BindingMethodProcessingStep              : loaded 3 times (x 84B)
Class dagger.hilt.android.processor.internal.bindvalue.BindValueProcessor             : loaded 3 times (x 98B)
Class dagger.spi.internal.shaded.kotlinx.metadata.internal.metadata.jvm.JvmProtoBuf$StringTableTypes: loaded 3 times (x 108B)
Class com.sun.xml.bind.v2.model.core.ReferencePropertyInfo                            : loaded 3 times (x 68B)
Class dagger.hilt.processor.internal.root.ComponentTreeDepsProcessor                  : loaded 3 times (x 98B)
Class com.google.common.cache.LocalCache$1                                            : loaded 3 times (x 87B)
Class com.sun.xml.bind.v2.model.impl.ReferencePropertyInfoImpl                        : loaded 3 times (x 125B)
Class dagger.spi.internal.shaded.androidx.room.compiler.processing.javac.JavacConstructorElement$parameters$2: loaded 3 times (x 77B)
Class com.google.common.cache.LocalCache$2                                            : loaded 3 times (x 140B)
Class dagger.spi.internal.shaded.kotlinx.metadata.internal.metadata.ProtoBuf$TypeParameter$1: loaded 3 times (x 142B)
Class dagger.spi.internal.shaded.androidx.room.compiler.processing.javac.kotlin.KmValueParameterContainer: loaded 3 times (x 70B)
Class dagger.spi.internal.shaded.androidx.room.compiler.processing.javac.kotlin.KmClassContainer$Companion: loaded 3 times (x 69B)
Class kotlin.collections.AbstractIterator$WhenMappings                                : loaded 3 times (x 69B)
Class [Ldagger.spi.internal.shaded.androidx.room.jarjarred.kotlinx.metadata.internal.metadata.ProtoBuf$Effect$InvocationKind;: loaded 3 times (x 67B)
Class dagger.spi.internal.shaded.androidx.room.jarjarred.kotlinx.metadata.internal.protobuf.RopeByteString: loaded 3 times (x 108B)
Class dagger.spi.internal.shaded.kotlinx.metadata.internal.metadata.ProtoBuf$ClassOrBuilder: loaded 3 times (x 68B)
Class dagger.spi.internal.shaded.kotlinx.metadata.internal.metadata.ProtoBuf$TypeOrBuilder: loaded 3 times (x 68B)
Class dagger.internal.codegen.base.ContributionType$HasContributionType               : loaded 3 times (x 68B)
Class com.google.gson.internal.bind.TypeAdapters$13                                   : loaded 3 times (x 73B)
Class com.sun.xml.bind.v2.runtime.property.SingleElementNodeProperty                  : loaded 3 times (x 100B)
Class dagger.spi.internal.shaded.kotlinx.metadata.KmExtensionVisitor                  : loaded 3 times (x 68B)
Class dagger.spi.internal.shaded.androidx.room.jarjarred.kotlinx.metadata.internal.metadata.jvm.deserialization.JvmNameResolverKt: loaded 3 times (x 69B)
Class com.sun.xml.bind.v2.runtime.JAXBContextImpl$6                                   : loaded 3 times (x 89B)
Class [Lcom.google.common.collect.LinkedHashMultimap$ValueEntry;                      : loaded 3 times (x 67B)
Class dagger.spi.internal.shaded.kotlinx.metadata.internal.metadata.jvm.JvmProtoBuf$JvmPropertySignature: loaded 3 times (x 112B)
Class dagger.spi.internal.shaded.kotlinx.metadata.jvm.KotlinClassMetadata$Class       : loaded 3 times (x 70B)
Class dagger.internal.codegen.validation.ComponentCreatorValidator_Factory            : loaded 3 times (x 75B)
Class com.sun.xml.bind.DatatypeConverterImpl                                          : loaded 3 times (x 109B)
Class com.sun.xml.bind.v2.model.runtime.RuntimeEnumLeafInfo                           : loaded 3 times (x 68B)
Class dagger.internal.codegen.binding.MultibindingDeclaration_Factory_Factory         : loaded 3 times (x 75B)
Class dagger.spi.internal.shaded.androidx.room.jarjarred.kotlinx.metadata.internal.metadata.ProtoBuf$VersionRequirement$1: loaded 3 times (x 142B)
Class kotlin.collections.AbstractList$IteratorImpl                                    : loaded 3 times (x 80B)
Class dagger.spi.internal.shaded.androidx.room.jarjarred.kotlinx.metadata.jvm.internal.JvmConstructorExtension: loaded 3 times (x 81B)
Class dagger.spi.internal.shaded.androidx.room.jarjarred.kotlinx.metadata.internal.protobuf.GeneratedMessageLite$ExtensionDescriptor: loaded 3 times (x 82B)
Class dagger.internal.codegen.validation.BindingMethodValidator$Abstractness          : loaded 3 times (x 77B)
Class dagger.spi.internal.shaded.androidx.room.compiler.processing.javac.JavacTypeElement$packageElement$2: loaded 3 times (x 77B)
Class com.google.gson.internal.bind.TypeAdapters$24                                   : loaded 3 times (x 73B)
Class com.sun.xml.bind.v2.runtime.JAXBContextImpl$5                                   : loaded 3 times (x 72B)
Class com.google.gson.internal.bind.TypeAdapters$12                                   : loaded 3 times (x 73B)
Class dagger.internal.codegen.validation.BindsInstanceParameterValidator              : loaded 3 times (x 76B)
Class com.sun.xml.bind.v2.runtime.JAXBContextImpl$3                                   : loaded 3 times (x 72B)
Class com.google.gson.internal.bind.TypeAdapters$11                                   : loaded 3 times (x 73B)
Class dagger.spi.internal.shaded.kotlinx.metadata.internal.metadata.jvm.deserialization.JvmProtoBufUtil: loaded 3 times (x 69B)
Class dagger.internal.codegen.validation.DependencyRequestValidator                   : loaded 3 times (x 70B)
Class com.sun.xml.bind.v2.model.impl.RuntimeReferencePropertyInfoImpl                 : loaded 3 times (x 139B)
Class javax.xml.bind.annotation.XmlRootElement                                        : loaded 3 times (x 68B)
Class dagger.spi.internal.shaded.androidx.room.jarjarred.kotlinx.metadata.Attributes$isNegated$2: loaded 3 times (x 135B)
Class dagger.hilt.processor.internal.Components                                       : loaded 3 times (x 69B)
Class com.google.gson.internal.bind.TypeAdapters$10                                   : loaded 3 times (x 73B)
Class com.sun.xml.bind.v2.runtime.reflect.Lister                                      : loaded 3 times (x 74B)
Class com.google.gson.internal.bind.CollectionTypeAdapterFactory$Adapter              : loaded 3 times (x 72B)
Class dagger.internal.codegen.model.BindingGraph$Node                                 : loaded 3 times (x 68B)
Class [Ljavax.xml.bind.annotation.XmlAccessOrder;                                     : loaded 3 times (x 67B)
Class dagger.spi.internal.shaded.androidx.room.jarjarred.kotlinx.metadata.internal.extensions.KmTypeExtension: loaded 3 times (x 68B)
Class com.sun.xml.bind.v2.runtime.ElementBeanInfoImpl$IntercepterLoader               : loaded 3 times (x 79B)
Class com.sun.xml.bind.v2.model.annotation.XmlSchemaTypeQuick                         : loaded 3 times (x 91B)
Class dagger.spi.internal.shaded.androidx.room.jarjarred.kotlinx.metadata.internal.metadata.jvm.deserialization.JvmMetadataVersion$Companion: loaded 3 times (x 69B)
Class com.sun.xml.bind.v2.model.impl.ClassInfoImpl$ConflictException                  : loaded 3 times (x 80B)
Class javax.xml.bind.Marshaller                                                       : loaded 3 times (x 68B)
Class com.google.gson.internal.bind.TypeAdapters$25                                   : loaded 3 times (x 73B)
Class dagger.internal.codegen.validation.BindingMethodValidator$ExceptionSuperclass$1 : loaded 3 times (x 79B)
Class com.sun.xml.bind.v2.runtime.JAXBContextImpl$2                                   : loaded 3 times (x 76B)
Class com.google.common.collect.CompoundOrdering                                      : loaded 3 times (x 113B)
Class dagger.spi.internal.shaded.androidx.room.compiler.processing.javac.JavacTypeElement$Companion$WhenMappings: loaded 3 times (x 69B)
Class dagger.internal.codegen.validation.BindingMethodValidator$ExceptionSuperclass$2 : loaded 3 times (x 79B)
Class com.sun.xml.bind.v2.runtime.property.ArrayERProperty                            : loaded 3 times (x 102B)
Class dagger.internal.codegen.validation.BindingMethodValidator$ExceptionSuperclass$3 : loaded 3 times (x 79B)
Class com.google.common.cache.CacheBuilder                                            : loaded 3 times (x 70B)
Class com.sun.xml.bind.v2.runtime.unmarshaller.XmlVisitor$TextPredictor               : loaded 3 times (x 68B)
Class dagger.spi.internal.shaded.androidx.room.jarjarred.kotlinx.metadata.internal.protobuf.FieldSet$FieldDescriptorLite: loaded 3 times (x 68B)
Class [Ldagger.spi.internal.shaded.androidx.room.jarjarred.kotlinx.metadata.KmVersionRequirementVersionKind;: loaded 3 times (x 67B)
Class dagger.internal.codegen.kotlin.KotlinMetadataUtil                               : loaded 3 times (x 70B)
Class com.google.common.collect.LinkedHashMultimap$ValueSetLink                       : loaded 3 times (x 68B)
Class dagger.spi.internal.shaded.androidx.room.compiler.processing.XAnnotated         : loaded 3 times (x 68B)
Class dagger.spi.internal.shaded.androidx.room.jarjarred.kotlinx.metadata.KmExtensionVisitor: loaded 3 times (x 68B)
Class com.sun.xml.bind.v2.model.annotation.Init                                       : loaded 3 times (x 69B)
Class com.squareup.kotlinpoet.TypeName$Companion                                      : loaded 3 times (x 69B)
Class com.sun.xml.bind.v2.runtime.JAXBContextImpl$1                                   : loaded 3 times (x 76B)
Class dagger.internal.codegen.validation.InjectValidator_Factory                      : loaded 3 times (x 75B)
Class dagger.spi.internal.shaded.androidx.room.compiler.processing.XMessager          : loaded 3 times (x 71B)
Class dagger.spi.internal.shaded.androidx.room.jarjarred.kotlinx.metadata.internal.metadata.ProtoBuf$VersionRequirement$Level: loaded 3 times (x 80B)
Class com.google.gson.internal.bind.TypeAdapters$26                                   : loaded 3 times (x 73B)
Class com.sun.xml.bind.v2.model.impl.ArrayInfoImpl                                    : loaded 3 times (x 96B)
Class com.sun.xml.bind.v2.model.core.ClassInfo                                        : loaded 3 times (x 68B)
Class dagger.spi.internal.shaded.androidx.room.jarjarred.kotlinx.metadata.jvm.KotlinClassMetadata$Class: loaded 3 times (x 70B)
Class com.sun.xml.bind.v2.runtime.AttributeAccessor                                   : loaded 3 times (x 68B)
Class dagger.spi.internal.shaded.androidx.room.jarjarred.kotlinx.metadata.internal.metadata.jvm.JvmProtoBuf$JvmMethodSignature$1: loaded 3 times (x 142B)
Class dagger.spi.internal.shaded.kotlinx.metadata.internal.metadata.jvm.JvmProtoBuf$JvmFieldSignatureOrBuilder: loaded 3 times (x 68B)
Class com.google.common.collect.ImmutableMap$MapViewOfValuesAsSingletonSets$1         : loaded 3 times (x 80B)
Class [Ljavax.xml.bind.annotation.XmlElement;                                         : loaded 3 times (x 67B)
Class com.google.gson.internal.JsonReaderInternalAccess                               : loaded 3 times (x 70B)
Class dagger.spi.internal.shaded.androidx.room.jarjarred.kotlinx.metadata.internal.protobuf.SmallSortedMap$1: loaded 3 times (x 128B)
Class dagger.internal.codegen.bindinggraphvalidation.BindingGraphValidationModule     : loaded 3 times (x 68B)
Class dagger.spi.internal.shaded.auto.common.MoreTypes$CastingTypeVisitor             : loaded 3 times (x 100B)
Class com.sun.xml.bind.v2.runtime.BridgeAdapter                                       : loaded 3 times (x 85B)
Class dagger.spi.internal.shaded.androidx.room.jarjarred.kotlinx.metadata.internal.metadata.ProtoBuf$Property$1: loaded 3 times (x 142B)
Class dagger.spi.internal.shaded.androidx.room.jarjarred.kotlinx.metadata.internal.metadata.deserialization.VersionRequirement: loaded 3 times (x 70B)
Class dagger.spi.internal.shaded.androidx.room.jarjarred.kotlinx.metadata.internal.metadata.deserialization.Flags: loaded 3 times (x 69B)
Class com.sun.xml.bind.v2.runtime.property.ArrayReferenceNodeProperty$MixedTextLoader : loaded 3 times (x 76B)
Class com.sun.istack.FinalArrayList                                                   : loaded 3 times (x 169B)
Class com.sun.xml.bind.v2.runtime.reflect.PrimitiveArrayListerDouble                  : loaded 3 times (x 74B)
Class dagger.internal.codegen.ProcessingEnvironmentModule_ProcessingOptionsFactory    : loaded 3 times (x 75B)
Class com.squareup.javapoet.LineWrapper                                               : loaded 3 times (x 70B)
Class com.sun.xml.bind.api.CompositeStructure                                         : loaded 3 times (x 70B)
Class dagger.spi.internal.shaded.androidx.room.compiler.processing.javac.kotlin.KmClassContainer$functionByDescriptor$2: loaded 3 times (x 77B)
Class dagger.hilt.processor.internal.aliasof.AliasOfProcessingStep                    : loaded 3 times (x 85B)
Class com.google.common.collect.AbstractMapBasedMultimap$WrappedCollection            : loaded 3 times (x 122B)
Class dagger.spi.internal.shaded.androidx.room.jarjarred.kotlinx.metadata.KmDeclarationContainer: loaded 3 times (x 68B)
Class com.google.common.base.Ticker                                                   : loaded 3 times (x 70B)
Class dagger.spi.internal.shaded.kotlinx.metadata.internal.metadata.ProtoBuf$Contract : loaded 3 times (x 105B)
Class dagger.spi.internal.shaded.androidx.room.compiler.processing.javac.kotlin.KmFunctionContainerImpl: loaded 3 times (x 98B)
Class dagger.spi.internal.shaded.androidx.room.jarjarred.kotlinx.metadata.internal.protobuf.ExtensionRegistryLite$ObjectIntPair: loaded 3 times (x 70B)
Class dagger.spi.internal.shaded.kotlinx.metadata.internal.metadata.jvm.JvmProtoBuf$StringTableTypes$RecordOrBuilder: loaded 3 times (x 68B)
Class dagger.spi.internal.shaded.androidx.room.jarjarred.kotlinx.metadata.Attributes$visibility$6: loaded 3 times (x 135B)
Class com.sun.xml.bind.v2.util.ByteArrayOutputStreamEx                                : loaded 3 times (x 92B)
Class dagger.spi.internal.shaded.androidx.room.jarjarred.kotlinx.metadata.internal.metadata.ProtoBuf$Contract$1: loaded 3 times (x 142B)
Class dagger.spi.internal.shaded.androidx.room.jarjarred.kotlinx.metadata.internal.metadata.ProtoBuf$VersionRequirementTableOrBuilder: loaded 3 times (x 68B)
Class dagger.internal.codegen.processingstep.ComponentProcessingStep_Factory          : loaded 3 times (x 75B)
Class dagger.spi.internal.shaded.androidx.room.compiler.processing.javac.JavacType$typeName$2: loaded 3 times (x 77B)
Class dagger.spi.internal.shaded.androidx.room.compiler.processing.javac.JavacAnnotation$type$2: loaded 3 times (x 77B)
Class dagger.spi.internal.shaded.kotlinx.metadata.internal.metadata.jvm.JvmProtoBuf$JvmFieldSignature: loaded 3 times (x 106B)
Class javax.xml.bind.annotation.XmlAccessOrder                                        : loaded 3 times (x 77B)
Class com.sun.xml.bind.api.RawAccessor                                                : loaded 3 times (x 71B)
Class com.google.gson.TypeAdapterFactory                                              : loaded 3 times (x 68B)
Class dagger.spi.internal.shaded.androidx.room.jarjarred.kotlinx.metadata.internal.metadata.ProtoBuf$ValueParameter$1: loaded 3 times (x 142B)
Class dagger.internal.codegen.compileroption.ProcessingEnvironmentCompilerOptions$CommandLineOption: loaded 3 times (x 68B)
Class dagger.spi.internal.shaded.androidx.room.jarjarred.kotlinx.metadata.internal.metadata.deserialization.VersionRequirement$Companion: loaded 3 times (x 69B)
Class dagger.spi.internal.shaded.androidx.room.jarjarred.kotlinx.metadata.internal.protobuf.MessageLite: loaded 3 times (x 68B)
Class dagger.spi.internal.shaded.androidx.room.compiler.processing.XProcessingEnvConfig$Companion: loaded 3 times (x 69B)
Class dagger.internal.codegen.model.DaggerProcessingEnv                               : loaded 3 times (x 72B)
Class dagger.internal.codegen.compileroption.ProcessingEnvironmentCompilerOptions$Feature: loaded 3 times (x 88B)
Class javax.xml.bind.ValidationEvent                                                  : loaded 3 times (x 68B)
Class com.google.gson.reflect.TypeToken                                               : loaded 3 times (x 73B)
Class dagger.spi.internal.shaded.androidx.room.jarjarred.kotlinx.metadata.internal.metadata.deserialization.ProtoTypeTableUtilKt: loaded 3 times (x 69B)
Class dagger.spi.internal.shaded.kotlinx.metadata.jvm.JvmMetadataUtil$annotationImpl$kotlin_Metadata$0: loaded 3 times (x 86B)
Class [Lcom.squareup.javapoet.TypeSpec$Kind;                                          : loaded 3 times (x 67B)
Class dagger.spi.internal.shaded.kotlinx.metadata.internal.protobuf.ByteString$Output : loaded 3 times (x 84B)
Class dagger.spi.internal.shaded.kotlinx.metadata.internal.metadata.deserialization.BinaryVersion$Companion: loaded 3 times (x 69B)
Class dagger.internal.codegen.binding.BindingGraphConverter                           : loaded 3 times (x 70B)
Class com.sun.xml.bind.v2.model.annotation.AnnotationSource                           : loaded 3 times (x 68B)
Class com.google.gson.internal.bind.ReflectiveTypeAdapterFactory$Adapter              : loaded 3 times (x 75B)
Class com.google.common.collect.Maps$EntryFunction                                    : loaded 3 times (x 89B)
Class [Ldagger.hilt.processor.internal.root.RootType;                                 : loaded 3 times (x 67B)
Class dagger.hilt.android.processor.internal.customtestapplication.CustomTestApplicationProcessingStep: loaded 3 times (x 85B)
Class dagger.spi.internal.shaded.androidx.room.jarjarred.kotlinx.metadata.Attributes$visibility$2: loaded 3 times (x 135B)
Class com.sun.xml.bind.v2.runtime.unmarshaller.Scope                                  : loaded 3 times (x 70B)
Class dagger.internal.codegen.binding.OptionalBindingDeclaration$Factory              : loaded 3 times (x 71B)
Class com.sun.xml.bind.AccessorFactory                                                : loaded 3 times (x 68B)
Class dagger.internal.codegen.writing.MembersInjectorGenerator                        : loaded 3 times (x 75B)
Class dagger.internal.codegen.processingstep.MapKeyProcessingStep                     : loaded 3 times (x 84B)
Class com.google.gson.internal.bind.TypeAdapters$27                                   : loaded 3 times (x 73B)
Class javax.xml.bind.PropertyException                                                : loaded 3 times (x 83B)
Class dagger.spi.internal.shaded.androidx.room.compiler.processing.javac.JavacFieldElement$syntheticMethodForAnnotations$2: loaded 3 times (x 77B)
Class dagger.internal.codegen.binding.SourceFiles                                     : loaded 3 times (x 69B)
Class javax.xml.bind.annotation.XmlSchema                                             : loaded 3 times (x 68B)
Class dagger.internal.codegen.validation.InjectBindingRegistryImpl$BindingsCollection : loaded 3 times (x 70B)
Class com.sun.xml.bind.api.impl.NameConverter$Standard                                : loaded 3 times (x 91B)
Class com.sun.xml.bind.v2.model.nav.ParameterizedTypeImpl                             : loaded 3 times (x 83B)
Class com.sun.xml.bind.InternalAccessorFactory                                        : loaded 3 times (x 68B)
Class dagger.spi.internal.shaded.androidx.room.jarjarred.kotlinx.metadata.jvm.internal.JvmPropertyExtension: loaded 3 times (x 86B)
Class com.sun.xml.bind.api.ErrorListener                                              : loaded 3 times (x 68B)
Class com.android.tools.build.jetifier.core.rule.RewriteRule$Companion                : loaded 3 times (x 69B)
Class kotlin.io.FileTreeWalk                                                          : loaded 3 times (x 73B)
Class dagger.internal.codegen.validation.InjectBindingRegistryImpl_Factory            : loaded 3 times (x 75B)
Class [Lcom.sun.xml.bind.v2.runtime.property.PropertyImpl;                            : loaded 3 times (x 67B)
Class com.sun.xml.bind.v2.runtime.property.PropertyImpl                               : loaded 3 times (x 100B)
Class kotlin.sequences.TransformingSequence                                           : loaded 3 times (x 73B)
Class com.squareup.kotlinpoet.UtilKt                                                  : loaded 3 times (x 69B)
Class com.squareup.javapoet.FieldSpec$Builder                                         : loaded 3 times (x 70B)
Class com.sun.xml.bind.unmarshaller.InfosetScanner                                    : loaded 3 times (x 68B)
Class com.sun.xml.bind.v2.model.core.Element                                          : loaded 3 times (x 68B)
Class androidx.room.compiler.processing.XFiler                                        : loaded 3 times (x 68B)
Class dagger.spi.internal.shaded.kotlinx.metadata.internal.protobuf.FieldSet$1        : loaded 3 times (x 69B)
Class dagger.spi.internal.shaded.kotlinx.metadata.internal.protobuf.CodedOutputStream$ByteBufferOutputStream: loaded 3 times (x 84B)
Class com.squareup.javapoet.AnnotationSpec$Builder                                    : loaded 3 times (x 70B)
Class dagger.internal.codegen.validation.BindingElementValidator$AllowsMultibindings  : loaded 3 times (x 77B)
Class com.sun.xml.bind.v2.model.impl.ClassInfoImpl                                    : loaded 3 times (x 135B)
Class com.google.gson.internal.sql.SqlTimestampTypeAdapter$1                          : loaded 3 times (x 73B)
Class com.squareup.javapoet.LineWrapper$FlushType                                     : loaded 3 times (x 77B)
Class dagger.spi.internal.shaded.androidx.room.compiler.processing.javac.kotlin.KmClassContainer$superType$2: loaded 3 times (x 77B)
Class com.google.gson.internal.bind.TypeAdapters$28                                   : loaded 3 times (x 73B)
Class dagger.spi.internal.shaded.kotlinx.metadata.internal.metadata.jvm.deserialization.JvmNameResolverKt: loaded 3 times (x 69B)
Class dagger.internal.codegen.processingstep.ComponentProcessingStep                  : loaded 3 times (x 84B)
Class dagger.spi.internal.shaded.androidx.room.jarjarred.kotlinx.metadata.KmConstructorExtensionVisitor: loaded 3 times (x 68B)
Class [Ldagger.spi.model.DaggerProcessingEnv$Backend;                                 : loaded 3 times (x 67B)
Class dagger.hilt.android.processor.internal.androidentrypoint.Generators             : loaded 3 times (x 69B)
Class dagger.spi.internal.shaded.androidx.room.compiler.processing.javac.JavacConstructorElement$executableType$2: loaded 3 times (x 77B)
Class dagger.spi.internal.shaded.androidx.room.jarjarred.kotlinx.metadata.internal.metadata.jvm.deserialization.JvmNameResolver: loaded 3 times (x 78B)
Class com.sun.xml.bind.v2.model.core.TypeRef                                          : loaded 3 times (x 68B)
Class dagger.spi.internal.shaded.kotlinx.metadata.internal.metadata.ProtoBuf$Type$1   : loaded 3 times (x 142B)
Class dagger.spi.internal.shaded.kotlinx.metadata.internal.metadata.ProtoBuf$Class$1  : loaded 3 times (x 142B)
Class com.google.common.cache.AbstractCache$StatsCounter                              : loaded 3 times (x 68B)
Class com.sun.xml.bind.v2.model.impl.RuntimeElementPropertyInfoImpl                   : loaded 3 times (x 137B)
Class com.sun.xml.bind.v2.runtime.BridgeContextImpl                                   : loaded 3 times (x 75B)
Class dagger.spi.internal.shaded.androidx.room.jarjarred.kotlinx.metadata.internal.metadata.ProtoBuf$VersionRequirementTable: loaded 3 times (x 105B)
Class dagger.spi.internal.shaded.androidx.room.jarjarred.kotlinx.metadata.internal.protobuf.GeneratedMessageLite: loaded 3 times (x 99B)
Class dagger.spi.internal.shaded.kotlinx.metadata.internal.protobuf.UninitializedMessageException: loaded 3 times (x 82B)
Class com.google.common.collect.Maps$EntryFunction$1                                  : loaded 3 times (x 89B)
Class dagger.spi.internal.shaded.androidx.room.compiler.processing.XMemberContainer   : loaded 3 times (x 68B)
Class dagger.spi.internal.shaded.auto.common.MoreTypes$DeclaredTypeVisitor            : loaded 3 times (x 100B)
Class com.google.common.collect.Maps$EntryFunction$2                                  : loaded 3 times (x 89B)
Class dagger.spi.internal.shaded.androidx.room.jarjarred.kotlinx.metadata.internal.protobuf.CodedOutputStream: loaded 3 times (x 70B)
Class dagger.internal.codegen.processingstep.MultibindingAnnotationsProcessingStep_Factory: loaded 3 times (x 75B)
Class com.sun.xml.bind.v2.model.annotation.XmlAttributeQuick                          : loaded 3 times (x 91B)
Class dagger.internal.codegen.validation.ValidationBindingGraphPlugins_Factory        : loaded 3 times (x 75B)
Class com.google.common.collect.ImmutableMap$MapViewOfValuesAsSingletonSets$1$1       : loaded 3 times (x 81B)
Class com.sun.xml.bind.v2.runtime.unmarshaller.LocatorEx                              : loaded 3 times (x 68B)
Class javax.xml.bind.JAXBContext                                                      : loaded 3 times (x 76B)
Class dagger.spi.internal.shaded.kotlinx.metadata.internal.protobuf.RopeByteString$RopeInputStream: loaded 3 times (x 90B)
Class dagger.internal.codegen.validation.ProvidesMethodValidator_Factory              : loaded 3 times (x 75B)
Class dagger.spi.internal.shaded.androidx.room.compiler.processing.javac.JavacTypeElement$allFieldsIncludingPrivateSupers$1: loaded 3 times (x 77B)
Class com.google.gson.internal.Streams$AppendableWriter                               : loaded 3 times (x 97B)
Class com.squareup.javapoet.TypeSpec$Kind                                             : loaded 3 times (x 77B)
Class dagger.spi.internal.shaded.androidx.room.compiler.processing.javac.JavacTypeElement$allMethods$1: loaded 3 times (x 77B)
Class com.sun.xml.bind.v2.runtime.property.ArrayElementProperty                       : loaded 3 times (x 103B)
Class dagger.spi.internal.shaded.kotlinx.metadata.internal.protobuf.CodedOutputStream$OutOfSpaceException: loaded 3 times (x 80B)
Class dagger.internal.codegen.writing.ProducerFactoryGenerator_Factory                : loaded 3 times (x 75B)
Class dagger.internal.codegen.ServiceLoaders$1                                        : loaded 3 times (x 69B)
Class dagger.spi.internal.shaded.androidx.room.jarjarred.kotlinx.metadata.KmVersionRequirementVisitor: loaded 3 times (x 73B)
Class com.sun.xml.bind.v2.runtime.unmarshaller.LeafPropertyXsiLoader                  : loaded 3 times (x 76B)
Class com.squareup.javapoet.JavaFile                                                  : loaded 3 times (x 70B)
Class [Ldagger.spi.internal.shaded.androidx.room.jarjarred.kotlinx.metadata.internal.metadata.ProtoBuf$Modality;: loaded 3 times (x 67B)
Class dagger.internal.codegen.binding.DependencyRequestFormatter_Factory              : loaded 3 times (x 75B)
Class com.google.gson.internal.LinkedTreeMap$EntrySet$1                               : loaded 3 times (x 79B)
Class dagger.spi.internal.shaded.androidx.room.jarjarred.kotlinx.metadata.internal.metadata.ProtoBuf$ValueParameter: loaded 3 times (x 126B)
Class com.sun.xml.bind.api.impl.NameConverter$1                                       : loaded 3 times (x 91B)
Class com.google.common.collect.Ordering                                              : loaded 3 times (x 112B)
Class dagger.spi.internal.shaded.androidx.room.jarjarred.kotlinx.metadata.internal.metadata.deserialization.VersionRequirement$Companion$WhenMappings: loaded 3 times (x 69B)
Class dagger.spi.internal.shaded.kotlinx.metadata.internal.metadata.ProtoBuf$Function$1: loaded 3 times (x 142B)
Class com.google.gson.internal.bind.JsonAdapterAnnotationTypeAdapterFactory           : loaded 3 times (x 73B)
Class com.sun.xml.bind.v2.runtime.reflect.Utils$1                                     : loaded 3 times (x 75B)
Class com.sun.xml.bind.api.impl.NameConverter$2                                       : loaded 3 times (x 91B)
Class javax.xml.bind.annotation.XmlType                                               : loaded 3 times (x 68B)
Class dagger.spi.internal.shaded.androidx.room.compiler.processing.javac.JavacBasicAnnotationProcessor$steps$2: loaded 3 times (x 77B)
Class dagger.spi.internal.shaded.androidx.room.compiler.processing.XHasModifiers      : loaded 3 times (x 68B)
Class com.google.common.cache.LocalCache$Strength$1                                   : loaded 3 times (x 79B)
Class dagger.spi.internal.shaded.androidx.room.compiler.processing.util.MemoizedSequence$delegateIterator$2: loaded 3 times (x 77B)
Class com.google.gson.GsonBuilder                                                     : loaded 3 times (x 70B)
Class com.google.common.cache.LocalCache$Strength$2                                   : loaded 3 times (x 79B)
Class [[Ldagger.internal.codegen.compileroption.ProcessingEnvironmentCompilerOptions$CommandLineOption;: loaded 3 times (x 67B)
Class com.google.common.cache.LocalCache$Strength$3                                   : loaded 3 times (x 79B)
Class dagger.spi.internal.shaded.kotlinx.metadata.internal.extensions.MetadataExtensions$Companion: loaded 3 times (x 69B)
Class androidx.room.compiler.processing.javac.JavacBasicAnnotationProcessor           : loaded 3 times (x 96B)
Class javax.xml.bind.annotation.XmlRegistry                                           : loaded 3 times (x 68B)
Class com.sun.xml.bind.v2.runtime.unmarshaller.DomLoader                              : loaded 3 times (x 76B)
Class javax.xml.bind.annotation.XmlAccessType                                         : loaded 3 times (x 77B)
Class dagger.hilt.android.processor.internal.androidentrypoint.AndroidEntryPointMetadata$Type: loaded 3 times (x 70B)
Class dagger.spi.internal.shaded.androidx.room.compiler.processing.XEquality$Companion: loaded 3 times (x 69B)
Class com.squareup.javapoet.MethodSpec                                                : loaded 3 times (x 70B)
Class dagger.internal.codegen.base.DaggerSuperficialValidation                        : loaded 3 times (x 70B)
Class dagger.internal.codegen.validation.BindsInstanceMethodValidator_Factory         : loaded 3 times (x 75B)
Class dagger.spi.internal.shaded.androidx.room.jarjarred.kotlinx.metadata.jvm.internal.JvmExceptionUtilsKt: loaded 3 times (x 69B)
Class com.sun.xml.bind.v2.runtime.reflect.PrimitiveArrayListerByte                    : loaded 3 times (x 74B)
Class com.sun.xml.bind.v2.runtime.reflect.AdaptedAccessor                             : loaded 3 times (x 83B)
Class dagger.spi.internal.shaded.androidx.room.jarjarred.kotlinx.metadata.internal.metadata.jvm.JvmProtoBuf$JvmMethodSignature$Builder: loaded 3 times (x 132B)
Class dagger.spi.internal.shaded.androidx.room.jarjarred.kotlinx.metadata.internal.metadata.ProtoBuf$VersionRequirement$VersionKind$1: loaded 3 times (x 72B)
Class com.sun.xml.bind.v2.runtime.IllegalAnnotationsException$Builder                 : loaded 3 times (x 75B)
Class com.google.common.base.Absent                                                   : loaded 3 times (x 78B)
Class dagger.spi.internal.shaded.androidx.room.compiler.processing.javac.JavacRoundEnv: loaded 3 times (x 76B)
Class dagger.internal.codegen.compileroption.ProcessingEnvironmentCompilerOptions$Validation: loaded 3 times (x 91B)
Class com.google.common.cache.LocalCache$EntryFactory$8                               : loaded 3 times (x 81B)
Class dagger.spi.internal.shaded.androidx.room.compiler.processing.javac.JavacAnnotationValueKt: loaded 3 times (x 69B)
Class dagger.hilt.processor.internal.earlyentrypoint.EarlyEntryPointProcessor         : loaded 3 times (x 98B)
Class dagger.spi.internal.shaded.androidx.room.compiler.processing.javac.DefaultJavacType: loaded 3 times (x 185B)
Class dagger.spi.internal.shaded.kotlinx.metadata.internal.metadata.ProtoBuf$VersionRequirementOrBuilder: loaded 3 times (x 68B)
Class dagger.spi.internal.shaded.kotlinx.metadata.internal.metadata.jvm.JvmProtoBuf$JvmPropertySignature$1: loaded 3 times (x 142B)
Class dagger.internal.codegen.writing.ProducerFactoryGenerator$MultiArgFutureTransform: loaded 3 times (x 76B)
Class com.sun.xml.bind.v2.model.runtime.RuntimeTypeInfo                               : loaded 3 times (x 68B)
Class dagger.spi.internal.shaded.androidx.room.jarjarred.kotlinx.metadata.Modality    : loaded 3 times (x 77B)
Class dagger.spi.internal.shaded.kotlinx.metadata.internal.metadata.jvm.deserialization.JvmNameResolverBase: loaded 3 times (x 78B)
Class dagger.spi.internal.shaded.kotlinx.metadata.internal.metadata.jvm.JvmProtoBuf$StringTableTypesOrBuilder: loaded 3 times (x 68B)
Class javax.xml.bind.annotation.XmlMixed                                              : loaded 3 times (x 68B)
Class com.google.gson.ToNumberStrategy                                                : loaded 3 times (x 68B)
Class dagger.internal.codegen.bindinggraphvalidation.InjectBindingValidator           : loaded 3 times (x 83B)
Class com.google.common.collect.Iterators$EmptyModifiableIterator                     : loaded 3 times (x 84B)
Class dagger.internal.codegen.bindinggraphvalidation.NullableBindingValidator         : loaded 3 times (x 83B)
Class dagger.internal.codegen.bindinggraphvalidation.SubcomponentFactoryMethodValidator_Factory$InstanceHolder: loaded 3 times (x 69B)
Class dagger.spi.internal.shaded.androidx.room.compiler.processing.javac.JavacElement$docComment$2: loaded 3 times (x 77B)
Class com.sun.xml.bind.v2.runtime.property.Utils$1                                    : loaded 3 times (x 75B)
Class com.sun.xml.bind.v2.runtime.reflect.Accessor$1                                  : loaded 3 times (x 83B)
Class dagger.hilt.android.processor.internal.androidentrypoint.InjectorEntryPointGenerator: loaded 3 times (x 70B)
Class com.google.common.collect.Multimaps                                             : loaded 3 times (x 69B)
Class com.sun.xml.bind.v2.runtime.reflect.Accessor$2                                  : loaded 3 times (x 85B)
Class dagger.spi.internal.shaded.androidx.room.jarjarred.kotlinx.metadata.KmFunctionVisitor: loaded 3 times (x 79B)
Class dagger.spi.internal.shaded.kotlinx.metadata.internal.protobuf.WireFormat$FieldType$4: loaded 3 times (x 81B)
Class com.google.common.cache.LocalCache$EntryFactory$7                               : loaded 3 times (x 81B)
Class dagger.hilt.processor.internal.ClassNames                                       : loaded 3 times (x 69B)
Class com.google.common.collect.AbstractMapBasedMultimap$AsMap$AsMapEntries           : loaded 3 times (x 136B)
Class dagger.spi.internal.shaded.androidx.room.compiler.processing.javac.JavacMethodElement$typeParameters$2: loaded 3 times (x 77B)
Class com.sun.xml.bind.v2.runtime.property.ArrayReferenceNodeProperty                 : loaded 3 times (x 102B)
Class dagger.spi.internal.shaded.androidx.room.jarjarred.kotlinx.metadata.internal.metadata.ProtoBuf$Effect$EffectType$1: loaded 3 times (x 72B)
Class com.sun.xml.bind.api.AccessorException                                          : loaded 3 times (x 80B)
Class dagger.spi.internal.shaded.kotlinx.metadata.internal.protobuf.WireFormat$FieldType$3: loaded 3 times (x 81B)
Class dagger.spi.internal.shaded.androidx.room.jarjarred.kotlinx.metadata.internal.metadata.jvm.JvmProtoBuf$StringTableTypes$Record$Operation$1: loaded 3 times (x 72B)
Class dagger.spi.internal.shaded.androidx.room.compiler.processing.javac.kotlin.KmClassContainer$typeParameters$2: loaded 3 times (x 77B)
Class com.google.common.cache.CacheLoader$UnsupportedLoadingOperationException        : loaded 3 times (x 80B)
Class com.google.gson.internal.bind.TypeAdapters$1                                    : loaded 3 times (x 73B)
Class com.google.gson.JsonIOException                                                 : loaded 3 times (x 80B)
Class [Ldagger.spi.internal.shaded.androidx.room.jarjarred.kotlinx.metadata.internal.metadata.ProtoBuf$Type$Argument$Projection;: loaded 3 times (x 67B)
Class com.google.gson.internal.bind.TypeAdapters$2                                    : loaded 3 times (x 73B)
Class dagger.internal.codegen.binding.BindsTypeChecker_Factory                        : loaded 3 times (x 75B)
Class com.sun.xml.bind.v2.model.impl.RuntimeModelBuilder                              : loaded 3 times (x 98B)
Class com.google.gson.internal.bind.TypeAdapters$3                                    : loaded 3 times (x 73B)
Class com.google.common.cache.LocalCache$EntryFactory$6                               : loaded 3 times (x 81B)
Class dagger.spi.internal.shaded.androidx.room.compiler.processing.javac.JavacType    : loaded 3 times (x 185B)
Class dagger.spi.internal.shaded.kotlinx.metadata.internal.metadata.ProtoBuf$Class    : loaded 3 times (x 178B)
Class dagger.spi.internal.shaded.kotlinx.metadata.internal.metadata.ProtoBuf$Type     : loaded 3 times (x 143B)
Class com.google.common.cache.LocalCache$EntryFactory$5                               : loaded 3 times (x 81B)
Class [Ldagger.internal.codegen.validation.BindingElementValidator$AllowsScoping;     : loaded 3 times (x 67B)
Class com.sun.xml.bind.v2.model.runtime.RuntimeElementPropertyInfo                    : loaded 3 times (x 68B)
Class com.google.gson.internal.bind.TypeAdapters$4                                    : loaded 3 times (x 73B)
Class dagger.internal.codegen.xprocessing.XTypes$1                                    : loaded 3 times (x 69B)
Class dagger.spi.internal.shaded.androidx.room.jarjarred.kotlinx.metadata.jvm.internal.JvmExtensionNodesKt: loaded 3 times (x 69B)
Class dagger.spi.internal.shaded.androidx.room.jarjarred.kotlinx.metadata.internal.metadata.ProtoBuf$PropertyOrBuilder: loaded 3 times (x 68B)
Class [Lcom.google.common.collect.Maps$EntryFunction;                                 : loaded 3 times (x 67B)
Class dagger.spi.internal.shaded.kotlinx.metadata.internal.protobuf.WireFormat$FieldType$2: loaded 3 times (x 81B)
Class com.google.gson.internal.bind.TypeAdapters$29                                   : loaded 3 times (x 73B)
Class com.google.gson.internal.bind.TypeAdapters$5                                    : loaded 3 times (x 73B)
Class com.google.common.cache.LocalCache$EntryFactory$4                               : loaded 3 times (x 81B)
Class dagger.spi.internal.shaded.kotlinx.metadata.internal.protobuf.WireFormat$FieldType$1: loaded 3 times (x 81B)
Class com.google.gson.internal.bind.TypeAdapters$6                                    : loaded 3 times (x 73B)
Class com.google.gson.Gson                                                            : loaded 3 times (x 70B)
Class android.databinding.tool.CompilerArguments$Type                                 : loaded 3 times (x 77B)
Class dagger.internal.codegen.validation.AnyBindingMethodValidator_Factory            : loaded 3 times (x 75B)
Class com.google.gson.internal.bind.TypeAdapters$7                                    : loaded 3 times (x 73B)
Class dagger.spi.internal.shaded.androidx.room.jarjarred.kotlinx.metadata.jvm.JvmTypeExtensionVisitor: loaded 3 times (x 78B)
Class dagger.spi.internal.shaded.kotlinx.metadata.internal.metadata.jvm.deserialization.UtfEncodingKt: loaded 3 times (x 69B)
Class com.google.gson.internal.bind.TypeAdapters$8                                    : loaded 3 times (x 73B)
Class dagger.spi.internal.shaded.androidx.room.compiler.processing.javac.kotlin.KmFunctionContainer: loaded 3 times (x 68B)
Class dagger.spi.internal.shaded.androidx.room.jarjarred.kotlinx.metadata.internal.metadata.deserialization.VersionRequirementTable$Companion: loaded 3 times (x 69B)
Class dagger.internal.codegen.bindinggraphvalidation.BindingGraphValidationModule_ProvidePluginsFactory: loaded 3 times (x 75B)
Class com.google.gson.internal.bind.TypeAdapters$9                                    : loaded 3 times (x 73B)
Class com.sun.xml.bind.v2.runtime.property.SingleMapNodeProperty                      : loaded 3 times (x 100B)
Class dagger.spi.internal.shaded.androidx.room.compiler.processing.javac.JavacMethodElement$returnType$2: loaded 3 times (x 77B)
Class dagger.internal.codegen.model.BindingGraph                                      : loaded 3 times (x 91B)
Class com.google.gson.internal.bind.CollectionTypeAdapterFactory                      : loaded 3 times (x 73B)
Class dagger.internal.codegen.binding.ProvisionBinding                                : loaded 3 times (x 93B)
Class com.sun.xml.bind.v2.runtime.property.UnmarshallerChain                          : loaded 3 times (x 70B)
Class dagger.spi.internal.shaded.androidx.room.compiler.processing.XNullability       : loaded 3 times (x 77B)
Class dagger.spi.internal.shaded.androidx.room.compiler.processing.javac.JavacFieldElement$kotlinMetadata$2: loaded 3 times (x 77B)
Class com.android.tools.build.jetifier.core.utils.StdOutLogConsumer                   : loaded 3 times (x 75B)
Class dagger.spi.internal.shaded.androidx.room.compiler.processing.javac.JavacTypeElement$DefaultJavacTypeElement: loaded 3 times (x 296B)
Class com.google.common.cache.LocalCache$EntryFactory$3                               : loaded 3 times (x 81B)
Class dagger.spi.internal.shaded.androidx.room.compiler.processing.javac.JavacMethodElement$propertyName$2: loaded 3 times (x 77B)
Class [Ldagger.spi.internal.shaded.androidx.room.compiler.processing.XProcessingEnv$Backend;: loaded 3 times (x 67B)
Class kotlin.collections.builders.ListBuilder$Companion                               : loaded 3 times (x 69B)
Class dagger.spi.internal.shaded.androidx.room.jarjarred.kotlinx.metadata.internal.metadata.ProtoBuf$Constructor$1: loaded 3 times (x 142B)
Class dagger.internal.codegen.validation.DiagnosticMessageGenerator$Factory           : loaded 3 times (x 70B)
Class dagger.internal.codegen.binding.OptionalBindingDeclaration                      : loaded 3 times (x 72B)
Class [Ldagger.internal.codegen.validation.BindingMethodValidator$Abstractness;       : loaded 3 times (x 67B)
Class com.android.tools.build.jetifier.core.rule.RewriteRule                          : loaded 3 times (x 70B)
Class dagger.spi.internal.shaded.androidx.room.jarjarred.kotlinx.metadata.internal.protobuf.AbstractMessageLite$Builder$LimitedInputStream: loaded 3 times (x 90B)
Class [Lkotlin.io.FileWalkDirection;                                                  : loaded 3 times (x 67B)
Class dagger.spi.internal.shaded.auto.common.GeneratedAnnotations                     : loaded 3 times (x 69B)
Class com.sun.xml.bind.v2.model.impl.RuntimeBuiltinLeafInfoImpl$10$1                  : loaded 3 times (x 354B)
Class dagger.hilt.android.processor.internal.bindvalue.AutoValue_BindValueMetadata    : loaded 3 times (x 72B)
Class com.google.common.cache.LocalCache$EntryFactory$2                               : loaded 3 times (x 81B)
Class dagger.spi.internal.shaded.androidx.room.jarjarred.kotlinx.metadata.internal.FlagDelegatesImplKt$propertyAccessorBooleanFlag$1: loaded 3 times (x 135B)
Class dagger.hilt.processor.internal.kotlin.KotlinMetadataFactory_Factory             : loaded 3 times (x 74B)
Class com.android.tools.build.jetifier.core.type.JavaType$Companion                   : loaded 3 times (x 69B)
Class com.google.gson.internal.ObjectConstructor                                      : loaded 3 times (x 68B)
Class javax.xml.bind.annotation.DomHandler                                            : loaded 3 times (x 68B)
Class kotlin.comparisons.NaturalOrderComparator                                       : loaded 3 times (x 86B)
Class com.google.gson.JsonPrimitive                                                   : loaded 3 times (x 91B)
Class dagger.internal.codegen.processingstep.BindingMethodProcessingStep_Factory      : loaded 3 times (x 75B)
Class com.sun.xml.bind.v2.runtime.ClassBeanInfoImpl                                   : loaded 3 times (x 90B)
Class com.google.gson.FieldNamingPolicy$7                                             : loaded 3 times (x 81B)
Class dagger.spi.internal.shaded.androidx.room.jarjarred.kotlinx.metadata.internal.ReadContext: loaded 3 times (x 70B)
Class kotlin.jvm.internal.markers.KMutableListIterator                                : loaded 3 times (x 68B)
Class dagger.internal.codegen.DelegateComponentProcessor$Injector$Factory             : loaded 3 times (x 68B)
Class dagger.internal.codegen.processingstep.AssistedInjectProcessingStep_Factory     : loaded 3 times (x 75B)
Class com.google.common.cache.LocalCache$EntryFactory$1                               : loaded 3 times (x 81B)
Class com.squareup.javapoet.CodeBlock                                                 : loaded 3 times (x 70B)
Class dagger.internal.codegen.validation.ModuleValidator$ModuleMethodKind             : loaded 3 times (x 77B)
Class com.google.gson.internal.sql.SqlDateTypeAdapter$1                               : loaded 3 times (x 73B)
Class com.google.gson.FieldNamingPolicy$6                                             : loaded 3 times (x 81B)
Class com.google.gson.stream.JsonReader$1                                             : loaded 3 times (x 70B)
Class dagger.spi.internal.shaded.androidx.room.jarjarred.kotlinx.metadata.internal.metadata.jvm.deserialization.JvmProtoBufUtil: loaded 3 times (x 69B)
Class dagger.spi.internal.shaded.androidx.room.compiler.processing.javac.kotlin.KmClassContainer$functionList$2: loaded 3 times (x 77B)
Class dagger.spi.internal.shaded.kotlinx.metadata.internal.protobuf.MessageLite$Builder: loaded 3 times (x 68B)
Class dagger.spi.internal.shaded.androidx.room.jarjarred.kotlinx.metadata.KmVersionRequirement: loaded 3 times (x 73B)
Class com.sun.xml.bind.v2.runtime.InternalBridge                                      : loaded 3 times (x 85B)
Class com.google.common.cache.Weigher                                                 : loaded 3 times (x 68B)
Class dagger.spi.internal.shaded.androidx.room.compiler.processing.XParameterizable   : loaded 3 times (x 68B)
Class [Ldagger.spi.internal.shaded.androidx.room.jarjarred.kotlinx.metadata.internal.metadata.ProtoBuf$Visibility;: loaded 3 times (x 67B)
Class dagger.spi.internal.shaded.auto.common.MoreTypes$TypeEquivalence                : loaded 3 times (x 80B)
Class dagger.internal.codegen.validation.ProvidesMethodValidator                      : loaded 3 times (x 76B)
Class [Lkotlin.reflect.jvm.internal.impl.builtins.functions.FunctionClassKind;        : loaded 3 times (x 67B)
Class dagger.internal.codegen.writing.AnnotationCreatorGenerator_Factory              : loaded 3 times (x 75B)
Class dagger.internal.codegen.base.ClearableCache                                     : loaded 3 times (x 68B)
Class com.sun.xml.bind.v2.ContextFactory                                              : loaded 3 times (x 69B)
Class kotlin.sequences.TransformingSequence$iterator$1                                : loaded 3 times (x 77B)
Class dagger.spi.internal.shaded.androidx.room.jarjarred.kotlinx.metadata.jvm.JvmFunctionExtensionVisitor: loaded 3 times (x 78B)
Class dagger.hilt.processor.internal.HiltCompilerOptions                              : loaded 3 times (x 69B)
Class kotlin.io.FileWalkDirection                                                     : loaded 3 times (x 77B)
Class dagger.internal.codegen.processingstep.ComponentHjarProcessingStep_Factory      : loaded 3 times (x 75B)
Class dagger.internal.codegen.ServiceLoaders                                          : loaded 3 times (x 69B)
Class dagger.internal.codegen.bindinggraphvalidation.DependsOnProductionExecutorValidator_Factory: loaded 3 times (x 75B)
Class dagger.spi.internal.shaded.androidx.room.compiler.processing.javac.JavacElement$equalityItems$2: loaded 3 times (x 77B)
Class dagger.spi.internal.shaded.androidx.room.compiler.processing.javac.kotlin.JvmDescriptorTypeVisitor: loaded 3 times (x 97B)
Class dagger.spi.internal.shaded.androidx.room.jarjarred.kotlinx.metadata.internal.metadata.deserialization.Flags$EnumLiteFlagField: loaded 3 times (x 74B)
Class dagger.spi.internal.shaded.androidx.room.jarjarred.kotlinx.metadata.jvm.JvmMemberSignatureKt: loaded 3 times (x 69B)
Class com.android.tools.build.jetifier.core.proguard.ProGuardTypesMap$JsonData        : loaded 3 times (x 70B)
Class com.sun.xml.bind.v2.model.impl.MapPropertyInfoImpl                              : loaded 3 times (x 117B)
Class com.squareup.kotlinpoet.TypeName                                                : loaded 3 times (x 84B)
Class dagger.internal.codegen.model.RequestKind                                       : loaded 3 times (x 77B)
Class dagger.internal.codegen.validation.DiagnosticMessageGenerator_Factory_Factory   : loaded 3 times (x 75B)
Class com.sun.xml.bind.v2.model.impl.RuntimeBuiltinLeafInfoImpl$UUIDImpl              : loaded 3 times (x 134B)
Class [Lcom.google.common.collect.LinkedHashMultimap$ValueSetLink;                    : loaded 3 times (x 67B)
Class com.google.common.collect.AllEqualOrdering                                      : loaded 3 times (x 112B)
Class dagger.spi.internal.shaded.androidx.room.jarjarred.kotlinx.metadata.internal.protobuf.AbstractMessageLite$Builder: loaded 3 times (x 120B)
Class [Lcom.squareup.javapoet.LineWrapper$FlushType;                                  : loaded 3 times (x 67B)
Class dagger.internal.codegen.validation.BindingMethodValidator                       : loaded 3 times (x 76B)
Class dagger.internal.codegen.writing.MembersInjectorGenerator_Factory                : loaded 3 times (x 75B)
Class dagger.spi.internal.shaded.androidx.room.compiler.processing.javac.JavacMethodElement$executableType$2: loaded 3 times (x 77B)
Class com.google.common.collect.AbstractMapBasedMultimap$WrappedList                  : loaded 3 times (x 165B)
Class com.google.common.collect.ComparatorOrdering                                    : loaded 3 times (x 113B)
Class com.sun.xml.bind.v2.runtime.ElementBeanInfoImpl$1                               : loaded 3 times (x 104B)
Class com.google.gson.FieldNamingPolicy$5                                             : loaded 3 times (x 81B)
Class dagger.internal.codegen.writing.ProducerFactoryGenerator$SingleArgFutureTransform: loaded 3 times (x 76B)
Class com.sun.istack.SAXParseException2                                               : loaded 3 times (x 86B)
Class dagger.spi.internal.shaded.kotlinx.metadata.internal.metadata.ProtoBuf$ConstructorOrBuilder: loaded 3 times (x 68B)
Class dagger.internal.codegen.writing.InaccessibleMapKeyProxyGenerator                : loaded 3 times (x 75B)
Class dagger.hilt.android.processor.internal.viewmodel.ViewModelValidationPluginKt    : loaded 3 times (x 69B)
Class dagger.spi.internal.shaded.androidx.room.compiler.processing.InternalXAnnotationKt: loaded 3 times (x 69B)
Class com.google.gson.internal.$Gson$Types                                            : loaded 3 times (x 69B)
Class dagger.spi.internal.shaded.androidx.room.compiler.processing.XVariableElement   : loaded 3 times (x 68B)
Class dagger.spi.internal.shaded.androidx.room.jarjarred.kotlinx.metadata.internal.extensions.KmPropertyExtension: loaded 3 times (x 68B)
Class com.google.common.cache.ReferenceEntry                                          : loaded 3 times (x 68B)
Class dagger.spi.internal.shaded.kotlinx.metadata.internal.protobuf.AbstractParser    : loaded 3 times (x 142B)
Class dagger.internal.codegen.validation.SpiModelBindingGraphConverter$DiagnosticReporterImpl: loaded 3 times (x 74B)
Class com.sun.xml.bind.v2.model.annotation.XmlTypeQuick                               : loaded 3 times (x 93B)
Class dagger.internal.codegen.validation.SpiModelBindingGraphConverter$1              : loaded 3 times (x 69B)
Class dagger.spi.internal.shaded.androidx.room.compiler.processing.javac.JavacType$xTypeName$2: loaded 3 times (x 77B)
Class dagger.internal.codegen.bindinggraphvalidation.ProvisionDependencyOnProducerBindingValidator_Factory$InstanceHolder: loaded 3 times (x 69B)
Class com.google.gson.FieldNamingPolicy$4                                             : loaded 3 times (x 81B)
Class com.google.gson.FieldNamingPolicy$3                                             : loaded 3 times (x 81B)
Class [Ldagger.spi.internal.shaded.androidx.room.jarjarred.kotlinx.metadata.internal.protobuf.Internal$EnumLite;: loaded 3 times (x 67B)
Class com.sun.xml.bind.api.Bridge                                                     : loaded 3 times (x 83B)
Class com.google.common.graph.Traverser$1                                             : loaded 3 times (x 72B)
Class com.sun.xml.bind.v2.runtime.unmarshaller.Intercepter                            : loaded 3 times (x 68B)
Class com.sun.xml.bind.v2.model.annotation.XmlSchemaQuick                             : loaded 3 times (x 93B)
Class dagger.spi.internal.shaded.kotlinx.metadata.internal.metadata.ProtoBuf$VersionRequirementTable: loaded 3 times (x 105B)
Class dagger.internal.codegen.processingstep.MonitoringModuleGenerator                : loaded 3 times (x 75B)
Class [Lcom.google.common.base.Function;                                              : loaded 3 times (x 67B)
Class com.google.common.collect.LexicographicalOrdering                               : loaded 3 times (x 113B)
Class com.google.common.graph.Traverser$2                                             : loaded 3 times (x 72B)
Class dagger.internal.codegen.binding.MultibindingDeclaration$Factory                 : loaded 3 times (x 70B)
Class com.sun.xml.bind.v2.runtime.Coordinator                                         : loaded 3 times (x 81B)
Class dagger.spi.internal.shaded.androidx.room.jarjarred.kotlinx.metadata.internal.FlagDelegatesImplKt$propertyBooleanFlag$1: loaded 3 times (x 135B)
Class dagger.spi.internal.shaded.androidx.room.jarjarred.kotlinx.metadata.internal.protobuf.Internal$EnumLite: loaded 3 times (x 68B)
Class dagger.spi.internal.shaded.androidx.room.jarjarred.kotlinx.metadata.internal.metadata.jvm.deserialization.JvmMetadataVersion: loaded 3 times (x 72B)
Class dagger.spi.internal.shaded.androidx.room.jarjarred.kotlinx.metadata.internal.BooleanFlagDelegate: loaded 3 times (x 70B)
Class dagger.internal.codegen.validation.InjectBindingRegistryImpl                    : loaded 3 times (x 79B)
Class dagger.spi.internal.shaded.kotlinx.metadata.internal.protobuf.BoundedByteString : loaded 3 times (x 110B)
Class dagger.internal.codegen.processingstep.AssistedFactoryProcessingStep_Factory    : loaded 3 times (x 75B)
Class javax.xml.bind.annotation.XmlID                                                 : loaded 3 times (x 68B)
Class com.sun.xml.bind.v2.model.nav.ReflectionNavigator                               : loaded 3 times (x 121B)
Class [Lcom.google.gson.ReflectionAccessFilter$FilterResult;                          : loaded 3 times (x 67B)
Class com.squareup.kotlinpoet.WildcardTypeName                                        : loaded 3 times (x 84B)
Class dagger.internal.codegen.bindinggraphvalidation.DependsOnProductionExecutorValidator: loaded 3 times (x 83B)
Class dagger.spi.internal.shaded.androidx.room.jarjarred.kotlinx.metadata.jvm.JvmPropertyExtensionVisitor: loaded 3 times (x 80B)
Class dagger.internal.codegen.DaggerDelegateComponentProcessor_Injector               : loaded 3 times (x 73B)
Class com.google.gson.FieldNamingPolicy$2                                             : loaded 3 times (x 81B)
Class [Lcom.sun.xml.bind.v2.runtime.Location;                                         : loaded 3 times (x 67B)
Class dagger.spi.internal.shaded.androidx.room.jarjarred.kotlinx.metadata.internal.protobuf.CodedOutputStream$ByteBufferOutputStream: loaded 3 times (x 84B)
Class dagger.hilt.processor.internal.HiltCompilerOptions$EnumOption                   : loaded 3 times (x 70B)
Class com.google.gson.internal.bind.TypeAdapters$34$1                                 : loaded 3 times (x 72B)
Class com.sun.xml.bind.v2.model.annotation.XmlTransientQuick                          : loaded 3 times (x 88B)
Class com.sun.xml.bind.v2.model.runtime.RuntimeBuiltinLeafInfo                        : loaded 3 times (x 68B)
Class dagger.spi.internal.shaded.kotlinx.metadata.internal.protobuf.WireFormat$FieldType: loaded 3 times (x 81B)
Class dagger.internal.codegen.model.BindingGraph$MaybeBinding                         : loaded 3 times (x 68B)
Class kotlin.jvm.internal.FunctionReferenceImpl                                       : loaded 3 times (x 120B)
Class com.squareup.kotlinpoet.TagMap                                                  : loaded 3 times (x 77B)
Class com.sun.xml.bind.v2.model.runtime.RuntimeElementInfo                            : loaded 3 times (x 68B)
Class com.google.gson.FieldNamingPolicy$1                                             : loaded 3 times (x 81B)
Class com.google.gson.internal.$Gson$Types$ParameterizedTypeImpl                      : loaded 3 times (x 79B)
Class com.sun.xml.bind.v2.runtime.property.AttributeProperty                          : loaded 3 times (x 103B)
Class dagger.spi.internal.shaded.androidx.room.jarjarred.kotlinx.metadata.Flag        : loaded 3 times (x 70B)
Class com.squareup.kotlinpoet.Taggable                                                : loaded 3 times (x 68B)
Class dagger.internal.codegen.writing.FactoryGenerator_Factory                        : loaded 3 times (x 75B)
Class dagger.internal.codegen.base.ElementFormatter_Factory                           : loaded 3 times (x 74B)
Class com.sun.xml.bind.v2.runtime.reflect.AdaptedLister                               : loaded 3 times (x 75B)
Class dagger.spi.internal.shaded.androidx.room.jarjarred.kotlinx.metadata.internal.protobuf.ByteString$ByteIterator: loaded 3 times (x 68B)
Class [Ldagger.hilt.processor.internal.optionvalues.BooleanValue;                     : loaded 3 times (x 67B)
Class dagger.internal.codegen.kotlin.KotlinMetadata$BaseMetadata                      : loaded 3 times (x 72B)
Class [Ldagger.spi.internal.shaded.androidx.room.jarjarred.kotlinx.metadata.internal.metadata.ProtoBuf$VersionRequirement$VersionKind;: loaded 3 times (x 67B)
Class dagger.spi.internal.shaded.androidx.room.jarjarred.kotlinx.metadata.internal.protobuf.WireFormat: loaded 3 times (x 69B)
Class dagger.spi.internal.shaded.androidx.room.compiler.processing.javac.JavacBasicAnnotationProcessor$commonDelegate$2: loaded 3 times (x 77B)
Class dagger.Lazy                                                                     : loaded 3 times (x 68B)
Class dagger.internal.codegen.processingstep.MultibindingAnnotationsProcessingStep    : loaded 3 times (x 84B)
Class [Lcom.sun.xml.bind.v2.model.impl.ClassInfoImpl$PropertyGroup;                   : loaded 3 times (x 67B)
Class dagger.internal.codegen.binding.BindingFactory                                  : loaded 3 times (x 70B)
Class com.sun.xml.bind.v2.model.core.NonElementRef                                    : loaded 3 times (x 68B)
Class dagger.internal.codegen.validation.MembersInjectionValidator_Factory            : loaded 3 times (x 75B)
Class dagger.internal.codegen.binding.MembersInjectionBinding                         : loaded 3 times (x 83B)
Class dagger.internal.codegen.base.DaggerSuperficialValidation$ValidationException$KnownErrorType: loaded 3 times (x 81B)
Class dagger.spi.internal.shaded.kotlinx.metadata.internal.protobuf.GeneratedMessageLite$ExtendableMessage: loaded 3 times (x 111B)
Class [Ldagger.internal.codegen.compileroption.FeatureStatus;                         : loaded 3 times (x 67B)
Class dagger.spi.internal.shaded.kotlinx.metadata.internal.metadata.ProtoBuf$Property : loaded 3 times (x 146B)
Class dagger.spi.internal.shaded.androidx.room.compiler.processing.javac.JavacProcessingEnv$typeElementStore$1: loaded 3 times (x 77B)
Class com.sun.xml.bind.v2.runtime.unmarshaller.DefaultIDResolver                      : loaded 3 times (x 74B)
Class androidx.room.processor.Context                                                 : loaded 3 times (x 70B)
Class dagger.spi.internal.shaded.androidx.room.jarjarred.kotlinx.metadata.KmClass     : loaded 3 times (x 96B)
Class dagger.spi.internal.shaded.androidx.room.compiler.processing.javac.JavacProcessingEnv$typeElementStore$2: loaded 3 times (x 76B)
Class com.sun.xml.bind.v2.ClassFactory$1                                              : loaded 3 times (x 78B)
Class dagger.spi.internal.shaded.auto.common.Overrides$ExplicitOverrides              : loaded 3 times (x 74B)
Class dagger.spi.internal.shaded.androidx.room.compiler.processing.javac.JavacProcessingEnv$typeElementStore$3: loaded 3 times (x 77B)
Class [Landroidx.room.processor.Context$BooleanProcessorOptions;                      : loaded 3 times (x 67B)
Class dagger.spi.internal.shaded.kotlinx.metadata.internal.protobuf.MessageLite       : loaded 3 times (x 68B)
Class dagger.internal.codegen.binding.KeyFactory_Factory                              : loaded 3 times (x 75B)
Class [Ldagger.spi.internal.shaded.androidx.room.jarjarred.kotlinx.metadata.internal.metadata.ProtoBuf$VersionRequirement$Level;: loaded 3 times (x 67B)
Class [Ldagger.spi.internal.shaded.kotlinx.metadata.internal.protobuf.Internal$EnumLite;: loaded 3 times (x 67B)
Class dagger.spi.internal.shaded.androidx.room.jarjarred.kotlinx.metadata.internal.metadata.ProtoBuf$VersionRequirementTable$1: loaded 3 times (x 142B)
Class dagger.spi.internal.shaded.androidx.room.jarjarred.kotlinx.metadata.internal.metadata.jvm.JvmProtoBuf$StringTableTypes$RecordOrBuilder: loaded 3 times (x 68B)
Class dagger.spi.internal.shaded.androidx.room.jarjarred.kotlinx.metadata.Visibility  : loaded 3 times (x 77B)
Class javax.xml.bind.Unmarshaller                                                     : loaded 3 times (x 68B)
Class dagger.spi.internal.shaded.androidx.room.jarjarred.kotlinx.metadata.internal.protobuf.GeneratedMessageLite$1: loaded 3 times (x 69B)
Class com.sun.xml.bind.v2.model.impl.DummyPropertyInfo                                : loaded 3 times (x 68B)
Class com.google.gson.JsonArray                                                       : loaded 3 times (x 98B)
Class dagger.spi.internal.shaded.androidx.room.jarjarred.kotlinx.metadata.internal.metadata.ProtoBuf$Effect$InvocationKind$1: loaded 3 times (x 72B)
Class dagger.internal.codegen.processingstep.ModuleProcessingStep                     : loaded 3 times (x 84B)
Class dagger.spi.internal.shaded.androidx.room.compiler.processing.XElement           : loaded 3 times (x 68B)
Class com.sun.xml.bind.v2.runtime.unmarshaller.XmlVisitor                             : loaded 3 times (x 68B)
Class dagger.internal.codegen.ProcessingEnvironmentModule                             : loaded 3 times (x 68B)
Class dagger.spi.internal.shaded.androidx.room.compiler.processing.javac.JavacTypeElement$superInterfaces$2: loaded 3 times (x 77B)
Class com.google.gson.internal.bind.ReflectiveTypeAdapterFactory                      : loaded 3 times (x 73B)
Class com.google.gson.LongSerializationPolicy                                         : loaded 3 times (x 78B)
Class com.squareup.javapoet.LineWrapper$RecordingAppendable                           : loaded 3 times (x 75B)
Class kotlin.collections.AbstractIterator                                             : loaded 3 times (x 81B)
Class dagger.spi.internal.shaded.androidx.room.jarjarred.kotlinx.metadata.internal.FlagImpl: loaded 3 times (x 70B)
Class com.google.common.cache.CacheLoader$FunctionToCacheLoader                       : loaded 3 times (x 73B)
Class com.google.common.collect.LinkedHashMultimap$ValueSet                           : loaded 3 times (x 140B)
Class dagger.spi.model.BindingGraph$Edge                                              : loaded 3 times (x 68B)
Class dagger.spi.internal.shaded.androidx.room.jarjarred.kotlinx.metadata.KmType      : loaded 3 times (x 81B)
Class com.google.common.cache.CacheBuilder$1                                          : loaded 3 times (x 83B)
Class dagger.internal.codegen.binding.$AutoValue_MultibindingDeclaration              : loaded 3 times (x 77B)
Class dagger.spi.internal.shaded.androidx.room.compiler.processing.CommonProcessorDelegate$processRound$currentElementsDeferredByStep$1$stepDeferredElementsByAnnotation$1: loaded 3 times (x 76B)
Class com.google.common.base.Splitter$Strategy                                        : loaded 3 times (x 68B)
Class com.google.common.cache.CacheBuilder$2                                          : loaded 3 times (x 70B)
Class dagger.internal.codegen.processingstep.InjectProcessingStep_Factory             : loaded 3 times (x 75B)
Class dagger.internal.codegen.binding.BindingGraph$TopLevelBindingGraph               : loaded 3 times (x 97B)
Class com.sun.xml.bind.v2.runtime.ValueListBeanInfoImpl                               : loaded 3 times (x 87B)
Class com.google.gson.internal.$Gson$Preconditions                                    : loaded 3 times (x 69B)
Class com.google.common.util.concurrent.ExecutionError                                : loaded 3 times (x 80B)
Class dagger.hilt.processor.internal.definecomponent.DefineComponentProcessor         : loaded 3 times (x 98B)
Class com.sun.xml.bind.v2.model.impl.ModelBuilder$1                                   : loaded 3 times (x 74B)
Class dagger.spi.internal.shaded.kotlinx.metadata.internal.metadata.ProtoBuf$FunctionOrBuilder: loaded 3 times (x 68B)
Class [Ldagger.spi.internal.shaded.androidx.room.jarjarred.kotlinx.metadata.ClassKind;: loaded 3 times (x 67B)
Class dagger.spi.internal.shaded.androidx.room.compiler.processing.XExecutableElement : loaded 3 times (x 68B)
Class com.sun.xml.bind.v2.runtime.property.ArrayElementLeafProperty                   : loaded 3 times (x 103B)
Class dagger.internal.codegen.DelegateComponentProcessor                              : loaded 3 times (x 70B)
Class dagger.internal.codegen.binding.AutoValue_OptionalBindingDeclaration            : loaded 3 times (x 73B)
Class dagger.spi.internal.shaded.kotlinx.metadata.internal.metadata.ProtoBuf$Package  : loaded 3 times (x 127B)
Class com.android.tools.build.jetifier.core.rule.RewriteRule$JsonData                 : loaded 3 times (x 70B)
Class androidx.room.compiler.processing.javac.JavacBasicAnnotationProcessor$commonDelegate$2: loaded 3 times (x 77B)
Class [Lcom.google.common.cache.RemovalListener;                                      : loaded 3 times (x 67B)
Class com.sun.xml.bind.v2.model.impl.RuntimeBuiltinLeafInfoImpl$28                    : loaded 3 times (x 74B)
Class com.google.common.base.Predicates$CompositionPredicate                          : loaded 3 times (x 86B)
Class dagger.spi.internal.shaded.androidx.room.jarjarred.kotlinx.metadata.jvm.JvmTypeExtensionVisitor$Companion: loaded 3 times (x 69B)
Class dagger.spi.internal.shaded.kotlinx.metadata.internal.metadata.ProtoBuf$TypeParameter: loaded 3 times (x 128B)
Class javax.xml.bind.annotation.XmlElementWrapper                                     : loaded 3 times (x 68B)
Class dagger.internal.codegen.binding.$AutoValue_DelegateDeclaration                  : loaded 3 times (x 81B)
Class dagger.spi.internal.shaded.kotlinx.metadata.internal.metadata.ProtoBuf$ValueParameterOrBuilder: loaded 3 times (x 68B)
Class com.sun.xml.bind.v2.model.impl.RuntimeBuiltinLeafInfoImpl$27                    : loaded 3 times (x 134B)
Class dagger.spi.internal.shaded.kotlinx.metadata.internal.protobuf.WireFormat$JavaType: loaded 3 times (x 77B)
Class com.google.gson.internal.ConstructorConstructor                                 : loaded 3 times (x 70B)
Class dagger.spi.internal.shaded.kotlinx.metadata.jvm.JvmClassExtensionVisitor$Companion: loaded 3 times (x 69B)
Class com.sun.xml.bind.v2.model.impl.TypeRefImpl                                      : loaded 3 times (x 85B)
Class dagger.spi.internal.shaded.kotlinx.metadata.internal.metadata.ProtoBuf$ContractOrBuilder: loaded 3 times (x 68B)
Class com.sun.xml.bind.v2.model.impl.RuntimeBuiltinLeafInfoImpl$26                    : loaded 3 times (x 134B)
Class kotlin.io.FileTreeWalk$FileTreeWalkIterator                                     : loaded 3 times (x 81B)
Class com.google.gson.internal.LinkedTreeMap$Node                                     : loaded 3 times (x 77B)
Class dagger.spi.internal.shaded.kotlinx.metadata.internal.metadata.ProtoBuf$Type$Argument: loaded 3 times (x 108B)
Class dagger.spi.internal.shaded.androidx.room.jarjarred.kotlinx.metadata.internal.extensions.MetadataExtensions$Companion$INSTANCES$2: loaded 3 times (x 76B)
Class com.sun.xml.bind.v2.model.impl.TypeInfoSetImpl                                  : loaded 3 times (x 109B)
Class dagger.spi.internal.shaded.androidx.room.jarjarred.kotlinx.metadata.internal.metadata.ProtoBuf$Type$Argument: loaded 3 times (x 108B)
Class dagger.internal.codegen.compileroption.ProcessingEnvironmentCompilerOptions$EnumOption: loaded 3 times (x 68B)
Class com.sun.xml.bind.v2.model.annotation.MethodLocatable                            : loaded 3 times (x 76B)
Class kotlin.sequences.SequencesKt___SequencesKt$filterNotNull$1                      : loaded 3 times (x 76B)
Class com.sun.xml.bind.v2.util.TypeCast                                               : loaded 3 times (x 69B)
Class [Ldagger.internal.codegen.validation.ValidationBindingGraphPlugin;              : loaded 3 times (x 67B)
Class com.sun.xml.bind.v2.runtime.output.Pcdata                                       : loaded 3 times (x 86B)
Class com.sun.xml.bind.v2.model.impl.RuntimeBuiltinLeafInfoImpl$24                    : loaded 3 times (x 135B)
Class [Lcom.sun.xml.bind.v2.runtime.property.StructureLoaderBuilder;                  : loaded 3 times (x 67B)
Class dagger.spi.internal.shaded.kotlinx.metadata.internal.protobuf.AbstractMessageLite$Builder$LimitedInputStream: loaded 3 times (x 90B)
Class dagger.hilt.android.processor.internal.customtestapplication.CustomTestApplicationProcessor: loaded 3 times (x 98B)
Class com.sun.istack.SAXException2                                                    : loaded 3 times (x 81B)
Class dagger.spi.internal.shaded.kotlinx.metadata.internal.metadata.jvm.JvmProtoBuf$StringTableTypes$Record$Operation: loaded 3 times (x 80B)
Class dagger.spi.internal.shaded.androidx.room.compiler.processing.XType              : loaded 3 times (x 68B)
Class com.sun.xml.bind.v2.model.impl.RuntimeBuiltinLeafInfoImpl$23                    : loaded 3 times (x 134B)
Class dagger.spi.internal.shaded.androidx.room.jarjarred.kotlinx.metadata.internal.metadata.jvm.deserialization.ClassMapperLite: loaded 3 times (x 69B)
Class dagger.spi.internal.shaded.androidx.room.jarjarred.kotlinx.metadata.internal.metadata.jvm.deserialization.JvmNameResolverBase$WhenMappings: loaded 3 times (x 69B)
Class com.sun.xml.bind.v2.model.impl.RuntimeBuiltinLeafInfoImpl$22                    : loaded 3 times (x 134B)
Class dagger.spi.internal.shaded.kotlinx.metadata.internal.metadata.jvm.JvmProtoBuf$JvmFieldSignature$1: loaded 3 times (x 142B)
Class com.squareup.javapoet.JavaFile$Builder                                          : loaded 3 times (x 70B)
Class androidx.room.compiler.processing.javac.JavacProcessingEnv$messager$2           : loaded 3 times (x 77B)
Class androidx.room.compiler.processing.XProcessingStep                               : loaded 3 times (x 68B)
Class com.sun.xml.bind.v2.model.impl.RuntimeBuiltinLeafInfoImpl$StringImplImpl        : loaded 3 times (x 134B)
Class dagger.internal.codegen.binding.ModuleDescriptor                                : loaded 3 times (x 78B)
Class [Lcom.google.common.cache.LocalCache$Segment;                                   : loaded 3 times (x 67B)
Class com.sun.xml.bind.v2.model.impl.RuntimeBuiltinLeafInfoImpl$21                    : loaded 3 times (x 134B)
Class [Ldagger.hilt.android.processor.internal.androidentrypoint.AndroidEntryPointMetadata$AndroidType;: loaded 3 times (x 67B)
Class com.sun.xml.bind.v2.model.impl.ElementPropertyInfoImpl$1                        : loaded 3 times (x 160B)
Class javax.activation.DataHandler                                                    : loaded 3 times (x 90B)
Class com.squareup.javapoet.FieldSpec                                                 : loaded 3 times (x 70B)
Class dagger.spi.internal.shaded.androidx.room.compiler.processing.javac.JavacAnnotation$declaredAnnotationValues$2: loaded 3 times (x 77B)
Class dagger.spi.internal.shaded.kotlinx.metadata.jvm.internal.JvmMetadataExtensions  : loaded 3 times (x 101B)
Class dagger.internal.codegen.binding.MethodSignatureFormatter$1                      : loaded 3 times (x 85B)
Class dagger.internal.codegen.binding.ComponentDescriptor_Factory_Factory             : loaded 3 times (x 75B)
Class com.sun.xml.bind.v2.runtime.unmarshaller.SAXConnector$TagNameImpl               : loaded 3 times (x 73B)
Class [Landroid.databinding.tool.CompilerArguments$Type;                              : loaded 3 times (x 67B)
Class dagger.spi.internal.shaded.androidx.room.jarjarred.kotlinx.metadata.internal.metadata.ProtoBuf$Type$1: loaded 3 times (x 142B)
Class com.sun.xml.bind.v2.model.impl.RuntimeBuiltinLeafInfoImpl$20                    : loaded 3 times (x 134B)
Class dagger.spi.internal.shaded.kotlinx.metadata.internal.metadata.ProtoBuf$TypeParameter$Variance$1: loaded 3 times (x 72B)
Class dagger.internal.codegen.validation.BindsInstanceParameterValidator_Factory      : loaded 3 times (x 75B)
Class dagger.spi.internal.shaded.kotlinx.metadata.KmExtensionType                     : loaded 3 times (x 70B)
Class kotlin.sequences.FilteringSequence                                              : loaded 3 times (x 73B)
Class com.sun.xml.bind.v2.model.annotation.Quick                                      : loaded 3 times (x 86B)
Class android.databinding.tool.processing.ScopedException                             : loaded 3 times (x 84B)
Class dagger.spi.internal.shaded.kotlinx.metadata.Flag                                : loaded 3 times (x 69B)
Class dagger.hilt.processor.internal.generatesrootinput.GeneratesRootInputs           : loaded 3 times (x 70B)
Class com.google.common.base.Splitter$1$1                                             : loaded 3 times (x 84B)
Class dagger.internal.codegen.binding.InjectionAnnotations_Factory                    : loaded 3 times (x 75B)
Class com.sun.xml.bind.v2.model.impl.AnyTypeImpl                                      : loaded 3 times (x 87B)
Class dagger.spi.internal.shaded.androidx.room.jarjarred.kotlinx.metadata.internal.ReadUtilsKt: loaded 3 times (x 69B)
Class dagger.spi.internal.shaded.kotlinx.metadata.KmDeclarationContainer              : loaded 3 times (x 68B)
Class dagger.internal.codegen.model.DiagnosticReporter                                : loaded 3 times (x 73B)
Class com.sun.xml.bind.v2.model.core.ErrorHandler                                     : loaded 3 times (x 68B)
Class dagger.spi.internal.shaded.androidx.room.jarjarred.kotlinx.metadata.KmVersion   : loaded 3 times (x 69B)
Class dagger.spi.internal.shaded.androidx.room.jarjarred.kotlinx.metadata.internal.metadata.ProtoBuf$VersionRequirement: loaded 3 times (x 114B)
Class dagger.spi.internal.shaded.kotlinx.metadata.internal.protobuf.RopeByteString    : loaded 3 times (x 108B)
Class dagger.spi.internal.shaded.kotlinx.metadata.internal.metadata.jvm.deserialization.JvmMetadataVersion$Companion: loaded 3 times (x 69B)
Class [Ldagger.internal.codegen.model.RequestKind;                                    : loaded 3 times (x 67B)
Class com.sun.xml.bind.v2.model.core.PropertyInfo                                     : loaded 3 times (x 68B)
Class com.sun.xml.bind.v2.model.impl.RuntimeBuiltinLeafInfoImpl$1                     : loaded 3 times (x 74B)
Class dagger.internal.codegen.validation.DiagnosticReporterFactory$DiagnosticReporterImpl: loaded 3 times (x 74B)
Class com.android.tools.build.jetifier.core.utils.Log                                 : loaded 3 times (x 69B)
Class com.sun.xml.bind.v2.model.impl.RuntimeBuiltinLeafInfoImpl$2                     : loaded 3 times (x 134B)
Class dagger.spi.internal.shaded.androidx.room.compiler.processing.javac.kotlin.KmData: loaded 3 times (x 68B)
Class dagger.internal.codegen.DelegateComponentProcessor_SourceFileGeneratorsModule_ModuleConstructorProxyGeneratorFactory: loaded 3 times (x 75B)
Class com.sun.xml.bind.v2.runtime.Name                                                : loaded 3 times (x 73B)
Class com.sun.xml.bind.v2.model.impl.RuntimeBuiltinLeafInfoImpl$3                     : loaded 3 times (x 134B)
Class com.squareup.javapoet.MethodSpec$Builder                                        : loaded 3 times (x 70B)
Class dagger.spi.internal.shaded.kotlinx.metadata.internal.protobuf.LazyFieldLite     : loaded 3 times (x 80B)
Class dagger.internal.codegen.validation.ModuleValidator                              : loaded 3 times (x 70B)
Class dagger.internal.codegen.processingstep.AssistedProcessingStep_Factory           : loaded 3 times (x 75B)
Class com.sun.xml.bind.v2.model.impl.RuntimeBuiltinLeafInfoImpl$4                     : loaded 3 times (x 134B)
Class com.squareup.kotlinpoet.TypeNames                                               : loaded 3 times (x 69B)
Class dagger.spi.internal.shaded.kotlinx.metadata.internal.extensions.MetadataExtensions$Companion$INSTANCES$2: loaded 3 times (x 76B)
Class dagger.spi.internal.shaded.androidx.room.jarjarred.kotlinx.metadata.internal.protobuf.SmallSortedMap$Entry: loaded 3 times (x 86B)
Class dagger.spi.internal.shaded.kotlinx.metadata.internal.metadata.ProtoBuf$AnnotationOrBuilder: loaded 3 times (x 68B)
Class dagger.spi.internal.shaded.androidx.room.compiler.processing.compat.XConverters : loaded 3 times (x 69B)
Class dagger.internal.codegen.base.AutoValue_ComponentAnnotation                      : loaded 3 times (x 74B)
Class com.sun.xml.bind.v2.model.impl.RuntimeBuiltinLeafInfoImpl$5                     : loaded 3 times (x 134B)
Class dagger.internal.codegen.validation.BindingGraphValidator_Factory                : loaded 3 times (x 75B)
Class dagger.spi.internal.shaded.kotlinx.metadata.internal.metadata.jvm.JvmProtoBuf$StringTableTypes$Record$1: loaded 3 times (x 142B)
Class com.sun.xml.bind.v2.runtime.reflect.ListIterator                                : loaded 3 times (x 68B)
Class dagger.internal.codegen.binding.BindingGraphFactory_Factory                     : loaded 3 times (x 75B)
Class com.sun.xml.bind.v2.model.annotation.XmlElementDeclQuick                        : loaded 3 times (x 94B)
Class com.sun.xml.bind.v2.model.impl.RuntimeBuiltinLeafInfoImpl$6                     : loaded 3 times (x 134B)
Class com.google.devtools.ksp.symbol.KSNode                                           : loaded 3 times (x 68B)
Class dagger.internal.codegen.validation.DependencyRequestValidator_Factory           : loaded 3 times (x 75B)
Class dagger.internal.codegen.binding.OptionalBindingDeclaration_Factory_Factory      : loaded 3 times (x 75B)
Class com.sun.xml.bind.v2.model.impl.RuntimeBuiltinLeafInfoImpl$7                     : loaded 3 times (x 134B)
Class com.google.gson.internal.bind.DateTypeAdapter                                   : loaded 3 times (x 72B)
Class dagger.spi.internal.shaded.androidx.room.compiler.processing.XExecutableType    : loaded 3 times (x 68B)
Class com.sun.xml.bind.v2.model.impl.RuntimeBuiltinLeafInfoImpl$8                     : loaded 3 times (x 134B)
Class com.squareup.javapoet.CodeWriter                                                : loaded 3 times (x 70B)
Class dagger.internal.codegen.binding.AutoValue_ComponentDescriptor                   : loaded 3 times (x 88B)
Class com.sun.xml.bind.v2.model.impl.RuntimeBuiltinLeafInfoImpl$9                     : loaded 3 times (x 134B)
Class [Ljavax.xml.bind.annotation.XmlAccessType;                                      : loaded 3 times (x 67B)
Class dagger.internal.codegen.bindinggraphvalidation.CompositeBindingGraphPlugin_Factory_Impl: loaded 3 times (x 73B)
Class kotlin.collections.builders.ListBuilder$Itr                                     : loaded 3 times (x 92B)
Class com.sun.xml.bind.v2.runtime.unmarshaller.Loader                                 : loaded 3 times (x 75B)
Class dagger.spi.internal.shaded.androidx.room.jarjarred.kotlinx.metadata.internal.FlagDelegatesImplKt$valueParameterBooleanFlag$1: loaded 3 times (x 135B)
Class dagger.spi.internal.shaded.androidx.room.compiler.processing.javac.JavacTypeElement$_declaredFields$2: loaded 3 times (x 77B)
Class com.sun.xml.bind.v2.runtime.property.ArrayERProperty$ReceiverImpl               : loaded 3 times (x 73B)
Class com.sun.xml.bind.v2.model.core.NonElement                                       : loaded 3 times (x 68B)
Class dagger.spi.internal.shaded.androidx.room.jarjarred.kotlinx.metadata.internal.protobuf.InvalidProtocolBufferException: loaded 3 times (x 82B)
Class dagger.spi.internal.shaded.androidx.room.jarjarred.kotlinx.metadata.internal.metadata.ProtoBuf$Function: loaded 3 times (x 147B)
Class dagger.internal.codegen.validation.ModuleValidator_Factory                      : loaded 3 times (x 75B)
Class com.sun.xml.bind.v2.runtime.unmarshaller.LeafPropertyLoader                     : loaded 3 times (x 76B)
Class dagger.spi.internal.shaded.kotlinx.metadata.internal.metadata.ProtoBuf$TypeTableOrBuilder: loaded 3 times (x 68B)
Class dagger.spi.internal.shaded.kotlinx.metadata.internal.protobuf.SmallSortedMap$1  : loaded 3 times (x 128B)
Class dagger.internal.codegen.processingstep.BindsInstanceProcessingStep              : loaded 3 times (x 84B)
Class dagger.internal.codegen.bindinggraphvalidation.SetMultibindingValidator_Factory : loaded 3 times (x 74B)
Class dagger.internal.codegen.binding.DelegateDeclaration                             : loaded 3 times (x 78B)
Class com.google.gson.internal.Primitives                                             : loaded 3 times (x 69B)
Class dagger.internal.codegen.processingstep.MonitoringModuleProcessingStep_Factory   : loaded 3 times (x 75B)
Class dagger.spi.internal.shaded.androidx.room.jarjarred.kotlinx.metadata.internal.extensions.ExtensionUtilsKt: loaded 3 times (x 69B)
Class dagger.spi.internal.shaded.kotlinx.metadata.internal.protobuf.GeneratedMessageLite: loaded 3 times (x 99B)
Class dagger.spi.internal.shaded.androidx.room.jarjarred.kotlinx.metadata.internal.protobuf.CodedInputStream: loaded 3 times (x 70B)
Class dagger.internal.codegen.processingstep.ComponentHjarProcessingStep              : loaded 3 times (x 84B)
Class dagger.internal.codegen.bindinggraphvalidation.DuplicateBindingsValidator_Factory: loaded 3 times (x 75B)
Class com.sun.xml.bind.v2.model.runtime.RuntimeLeafInfo                               : loaded 3 times (x 68B)
Class dagger.spi.internal.shaded.androidx.room.jarjarred.kotlinx.metadata.internal.extensions.KmConstructorExtension: loaded 3 times (x 68B)
Class [Lcom.google.gson.FieldNamingPolicy;                                            : loaded 3 times (x 67B)
Class com.google.gson.internal.bind.MapTypeAdapterFactory$Adapter                     : loaded 3 times (x 72B)
Class dagger.spi.internal.shaded.kotlinx.metadata.internal.metadata.ProtoBuf$VersionRequirementTable$1: loaded 3 times (x 142B)
Class com.android.tools.build.jetifier.core.pom.PomDependency                         : loaded 3 times (x 70B)
Class com.sun.xml.bind.v2.runtime.property.PropertyFactory                            : loaded 3 times (x 69B)
Class com.sun.xml.bind.v2.runtime.unmarshaller.UnmarshallingContext$ExpectedTypeRootLoader: loaded 3 times (x 78B)
Class com.squareup.javapoet.TypeName                                                  : loaded 3 times (x 79B)
Class dagger.spi.internal.shaded.androidx.room.jarjarred.kotlinx.metadata.ClassKind   : loaded 3 times (x 77B)
Class [Ldagger.spi.internal.shaded.androidx.room.jarjarred.kotlinx.metadata.internal.protobuf.WireFormat$FieldType;: loaded 3 times (x 67B)
Class com.google.common.graph.Network                                                 : loaded 3 times (x 68B)
Class com.squareup.javapoet.JavaFile$1                                                : loaded 3 times (x 77B)
Class com.google.gson.internal.Streams                                                : loaded 3 times (x 69B)
Class kotlin.sequences.FilteringSequence$iterator$1                                   : loaded 3 times (x 77B)
Class com.android.tools.build.jetifier.core.pom.DependencyVersionsMap$Companion       : loaded 3 times (x 69B)
Class com.sun.xml.bind.v2.runtime.unmarshaller.SAXConnector                           : loaded 3 times (x 99B)
Class com.sun.xml.bind.v2.runtime.unmarshaller.UnmarshallingContext$State             : loaded 3 times (x 70B)
Class javax.xml.bind.annotation.XmlInlineBinaryData                                   : loaded 3 times (x 68B)
Class dagger.internal.codegen.DelegateComponentProcessor_SourceFileGeneratorsModule_ProducerFactoryGeneratorFactory: loaded 3 times (x 75B)
Class [Landroidx.room.compiler.processing.XProcessingEnv$Backend;                     : loaded 3 times (x 67B)
Class com.google.common.util.concurrent.UncheckedExecutionException                   : loaded 3 times (x 80B)
Class dagger.internal.codegen.binding.MethodSignatureFormatter_Factory                : loaded 3 times (x 75B)
Class com.sun.xml.bind.v2.runtime.Location                                            : loaded 3 times (x 68B)
Class dagger.spi.internal.shaded.androidx.room.jarjarred.kotlinx.metadata.internal.metadata.ProtoBuf$Function$1: loaded 3 times (x 142B)
Class dagger.spi.internal.shaded.androidx.room.jarjarred.kotlinx.metadata.internal.protobuf.CodedOutputStream$OutOfSpaceException: loaded 3 times (x 80B)
Class dagger.spi.internal.shaded.kotlinx.metadata.internal.protobuf.AbstractMessageLite$Builder: loaded 3 times (x 120B)
Class com.google.devtools.ksp.symbol.KSAnnotated                                      : loaded 3 times (x 68B)
Class dagger.hilt.processor.internal.kotlin.KotlinMetadataFactory                     : loaded 3 times (x 70B)
Class com.google.common.collect.AbstractMapBasedMultimap$AsMap                        : loaded 3 times (x 126B)
Class [Landroidx.room.processor.Context$ProcessorOptions;                             : loaded 3 times (x 67B)
Class com.google.gson.JsonObject                                                      : loaded 3 times (x 91B)
Class dagger.internal.codegen.kotlin.KotlinMetadataUtil_Factory                       : loaded 3 times (x 75B)
Class com.google.gson.stream.MalformedJsonException                                   : loaded 3 times (x 80B)
Class com.google.common.cache.LocalCache$EntryFactory                                 : loaded 3 times (x 81B)
Class dagger.internal.codegen.DelegateComponentProcessor_SourceFileGeneratorsModule_FactoryGeneratorFactory: loaded 3 times (x 75B)
Class com.google.gson.stream.JsonReader                                               : loaded 3 times (x 95B)
Class [Lcom.squareup.javapoet.ClassName;                                              : loaded 3 times (x 67B)
Class com.sun.xml.bind.v2.model.annotation.SecureLoader                               : loaded 3 times (x 69B)
Class dagger.internal.codegen.binding.SourceFiles_Factory                             : loaded 3 times (x 74B)
Class dagger.internal.codegen.compileroption.ProcessingEnvironmentCompilerOptions$KeyOnlyOption: loaded 3 times (x 84B)
Class com.squareup.kotlinpoet.ClassNames                                              : loaded 3 times (x 69B)
Class com.sun.xml.bind.v2.runtime.unmarshaller.LocatorExWrapper                       : loaded 3 times (x 84B)
Class com.sun.xml.bind.v2.model.impl.SingleTypePropertyInfoImpl                       : loaded 3 times (x 111B)
Class dagger.internal.codegen.base.ComponentCreatorKind                               : loaded 3 times (x 77B)
Class dagger.internal.codegen.validation.ComponentHierarchyValidator                  : loaded 3 times (x 70B)
Class com.sun.xml.bind.v2.runtime.reflect.NullSafeAccessor                            : loaded 3 times (x 83B)
Class com.sun.xml.bind.v2.runtime.reflect.PrimitiveArrayListerFloat                   : loaded 3 times (x 74B)
Class com.google.gson.internal.Excluder$1                                             : loaded 3 times (x 72B)
Class dagger.internal.DoubleCheck                                                     : loaded 3 times (x 76B)
Class dagger.spi.internal.shaded.androidx.room.jarjarred.kotlinx.metadata.internal.protobuf.ByteString: loaded 3 times (x 106B)
Class com.google.gson.internal.ReflectionAccessFilterHelper                           : loaded 3 times (x 69B)
Class dagger.spi.internal.shaded.androidx.room.compiler.processing.javac.JavacMethodElement$name$2: loaded 3 times (x 77B)
Class dagger.spi.internal.shaded.androidx.room.compiler.processing.util.NamingUtilsKt : loaded 3 times (x 69B)
Class dagger.spi.internal.shaded.androidx.room.compiler.processing.ksp.KSTypeJavaPoetExtKt: loaded 3 times (x 69B)
Class com.google.gson.internal.bind.TypeAdapterRuntimeTypeWrapper                     : loaded 3 times (x 72B)
Class androidx.room.compiler.processing.XProcessingEnv$Backend                        : loaded 3 times (x 77B)
Class dagger.spi.internal.shaded.androidx.room.jarjarred.kotlinx.metadata.internal.FlagDelegatesImplKt$functionBooleanFlag$1: loaded 3 times (x 135B)
Class dagger.internal.codegen.validation.ExternalBindingGraphPlugins_Factory          : loaded 3 times (x 75B)
Class [Lcom.squareup.javapoet.TypeName;                                               : loaded 3 times (x 67B)
Class com.sun.xml.bind.v2.model.nav.TypeVisitor                                       : loaded 3 times (x 74B)
Class dagger.spi.internal.shaded.androidx.room.compiler.processing.javac.JavacMethodElement$kotlinDefaultImplClass$2: loaded 3 times (x 77B)
Class dagger.spi.internal.shaded.androidx.room.compiler.processing.javac.kotlin.KmVisibility: loaded 3 times (x 68B)
Class com.google.gson.internal.LinkedTreeMap                                          : loaded 3 times (x 121B)
Class com.google.gson.internal.UnsafeAllocator                                        : loaded 3 times (x 70B)
Class com.google.gson.LongSerializationPolicy$2                                       : loaded 3 times (x 78B)
Class dagger.spi.internal.shaded.androidx.room.compiler.processing.javac.kotlin.KmClassContainer$primaryConstructorSignature$2: loaded 3 times (x 77B)
Class dagger.spi.internal.shaded.androidx.room.compiler.processing.javac.JavacAnnotationValue$value$2: loaded 3 times (x 77B)
Class [Ldagger.internal.codegen.model.BindingGraphPlugin;                             : loaded 3 times (x 67B)
Class com.sun.xml.bind.v2.model.impl.RuntimeBuiltinLeafInfoImpl                       : loaded 3 times (x 131B)
Class dagger.spi.internal.shaded.androidx.room.compiler.processing.KnownTypeNames     : loaded 3 times (x 69B)
Class com.sun.xml.bind.v2.model.runtime.RuntimePropertyInfo                           : loaded 3 times (x 68B)
Class androidx.room.compiler.processing.javac.JavacBasicAnnotationProcessor$xEnv$2    : loaded 3 times (x 77B)
Class dagger.spi.model.BindingGraph$Node                                              : loaded 3 times (x 68B)
Class com.sun.xml.bind.v2.model.annotation.XmlElementRefQuick                         : loaded 3 times (x 92B)
Class dagger.spi.internal.shaded.androidx.room.compiler.processing.javac.JavacTypeElement$type$2: loaded 3 times (x 77B)
Class dagger.spi.internal.shaded.androidx.room.compiler.codegen.XClassName$Companion  : loaded 3 times (x 69B)
Class com.sun.xml.bind.v2.runtime.Transducer                                          : loaded 3 times (x 68B)
Class dagger.internal.codegen.bindinggraphvalidation.ProvisionDependencyOnProducerBindingValidator_Factory: loaded 3 times (x 74B)
Class com.sun.xml.bind.v2.model.annotation.XmlElementRefsQuick                        : loaded 3 times (x 89B)
Class com.google.gson.LongSerializationPolicy$1                                       : loaded 3 times (x 78B)
Class dagger.spi.internal.shaded.androidx.room.jarjarred.kotlinx.metadata.internal.metadata.jvm.JvmProtoBuf$StringTableTypesOrBuilder: loaded 3 times (x 68B)
Class dagger.spi.internal.shaded.androidx.room.jarjarred.kotlinx.metadata.KmVersionRequirementVersionKind: loaded 3 times (x 77B)
Class dagger.hilt.processor.internal.aggregateddeps.AggregatedDepsProcessor           : loaded 3 times (x 98B)
Class dagger.hilt.processor.internal.uninstallmodules.UninstallModulesProcessor       : loaded 3 times (x 98B)
Class com.google.gson.internal.bind.ReflectiveTypeAdapterFactory$1                    : loaded 3 times (x 77B)
Class com.sun.xml.bind.v2.runtime.LeafBeanInfoImpl                                    : loaded 3 times (x 87B)
Class dagger.spi.internal.shaded.kotlinx.metadata.internal.metadata.jvm.deserialization.JvmMetadataVersion: loaded 3 times (x 71B)
Class dagger.internal.codegen.bindinggraphvalidation.IncompatiblyScopedBindingsValidator_Factory: loaded 3 times (x 75B)
Class com.sun.xml.bind.AccessorFactoryImpl                                            : loaded 3 times (x 79B)
Class com.google.common.cache.LocalCache                                              : loaded 3 times (x 185B)
Class com.google.common.cache.LocalCache$Segment                                      : loaded 3 times (x 152B)
Class com.squareup.kotlinpoet.ClassName                                               : loaded 3 times (x 87B)
Class [Lcom.sun.xml.bind.v2.runtime.property.Property;                                : loaded 3 times (x 67B)
Class com.google.common.base.Splitter$SplittingIterator                               : loaded 3 times (x 82B)
Class com.squareup.kotlinpoet.ClassName$special$$inlined$thenBy$1                     : loaded 3 times (x 88B)
Class dagger.spi.internal.shaded.androidx.room.jarjarred.kotlinx.metadata.Attributes$hasAnnotations$10: loaded 3 times (x 135B)
Class com.squareup.kotlinpoet.ClassName$special$$inlined$thenBy$2                     : loaded 3 times (x 88B)
Class dagger.spi.internal.shaded.androidx.room.compiler.processing.javac.JavacFieldElement$getter$2: loaded 3 times (x 77B)
Class com.android.tools.build.jetifier.core.PackageMap$Companion                      : loaded 3 times (x 69B)
Class com.google.gson.internal.reflect.ReflectionHelper$RecordNotSupportedHelper      : loaded 3 times (x 76B)
Class dagger.spi.internal.shaded.androidx.room.jarjarred.kotlinx.metadata.internal.metadata.ProtoBuf$Class: loaded 3 times (x 178B)
Class com.squareup.javapoet.Util                                                      : loaded 3 times (x 69B)
Class dagger.spi.internal.shaded.kotlinx.metadata.internal.protobuf.GeneratedMessageLite$GeneratedExtension: loaded 3 times (x 77B)
Class dagger.spi.internal.shaded.kotlinx.metadata.jvm.internal.JvmClassExtension      : loaded 3 times (x 91B)
Class dagger.spi.internal.shaded.androidx.room.jarjarred.kotlinx.metadata.internal.metadata.jvm.deserialization.JvmNameResolverBase$Companion: loaded 3 times (x 69B)
Class androidx.room.compiler.processing.javac.JavacBasicAnnotationProcessor$steps$2   : loaded 3 times (x 77B)
Class dagger.spi.internal.shaded.androidx.room.jarjarred.kotlinx.metadata.internal.protobuf.SmallSortedMap$EmptySet$2: loaded 3 times (x 76B)
Class com.sun.xml.bind.v2.runtime.unmarshaller.Receiver                               : loaded 3 times (x 68B)
Class dagger.spi.internal.shaded.androidx.room.jarjarred.kotlinx.metadata.jvm.JvmFieldSignature: loaded 3 times (x 72B)
Class dagger.spi.internal.shaded.androidx.room.jarjarred.kotlinx.metadata.Attributes$hasAnnotations$14: loaded 3 times (x 135B)
Class dagger.spi.internal.shaded.androidx.room.compiler.processing.XAnnotation        : loaded 3 times (x 68B)
Class com.squareup.javapoet.TypeVariableName                                          : loaded 3 times (x 79B)
Class com.google.common.graph.BaseGraph                                               : loaded 3 times (x 68B)
Class com.google.gson.annotations.JsonAdapter                                         : loaded 3 times (x 68B)
Class dagger.internal.codegen.bindinggraphvalidation.DependencyCycleValidator_Factory : loaded 3 times (x 75B)
Class dagger.spi.internal.shaded.androidx.room.compiler.codegen.XClassName            : loaded 3 times (x 73B)
Class com.squareup.kotlinpoet.ClassName$Companion                                     : loaded 3 times (x 69B)
Class dagger.internal.codegen.validation.ComponentDescriptorValidator                 : loaded 3 times (x 70B)
Class net.ltgt.gradle.incap.IncrementalAnnotationProcessorType                        : loaded 3 times (x 77B)
Class dagger.spi.internal.shaded.androidx.room.compiler.processing.XFiler$Mode        : loaded 3 times (x 77B)
Class dagger.spi.internal.shaded.androidx.room.jarjarred.kotlinx.metadata.internal.protobuf.SmallSortedMap$EmptySet$1: loaded 3 times (x 76B)
Class dagger.spi.internal.shaded.androidx.room.jarjarred.kotlinx.metadata.internal.metadata.jvm.JvmProtoBuf$StringTableTypes$Record: loaded 3 times (x 117B)
Class [Ldagger.spi.internal.shaded.androidx.room.jarjarred.kotlinx.metadata.internal.protobuf.WireFormat$JavaType;: loaded 3 times (x 67B)
Class [Lcom.google.common.cache.Weigher;                                              : loaded 3 times (x 67B)
Class dagger.internal.codegen.bindinggraphvalidation.MissingBindingValidator          : loaded 3 times (x 83B)
Class com.google.common.cache.LocalCache$LocalManualCache$1                           : loaded 3 times (x 73B)
Class dagger.spi.model.DaggerProcessingEnv                                            : loaded 3 times (x 73B)
Class dagger.internal.codegen.validation.DiagnosticReporterFactory                    : loaded 3 times (x 70B)
Class dagger.internal.codegen.validation.MultibindsMethodValidator$Validator          : loaded 3 times (x 78B)
Class dagger.spi.internal.shaded.kotlinx.metadata.internal.protobuf.CodedOutputStream : loaded 3 times (x 70B)
Class kotlin.ranges.IntProgressionIterator                                            : loaded 3 times (x 80B)
Class com.google.gson.internal.LinkedTreeMap$EntrySet                                 : loaded 3 times (x 134B)
Class dagger.internal.codegen.DelegateComponentProcessor$SourceFileGeneratorsModule   : loaded 3 times (x 68B)
Class com.google.common.base.Splitter                                                 : loaded 3 times (x 70B)
Class dagger.spi.internal.shaded.androidx.room.compiler.processing.javac.VisitorData  : loaded 3 times (x 70B)
Class dagger.spi.internal.shaded.androidx.room.jarjarred.kotlinx.metadata.Attributes$hasAnnotations$18: loaded 3 times (x 135B)
Class dagger.spi.internal.shaded.androidx.room.compiler.processing.javac.JavacArrayType$componentType$2: loaded 3 times (x 77B)
Class dagger.spi.internal.shaded.androidx.room.jarjarred.kotlinx.metadata.NodesKt     : loaded 3 times (x 69B)
Class com.sun.xml.bind.v2.runtime.reflect.PrimitiveArrayListerLong                    : loaded 3 times (x 74B)
Class dagger.spi.internal.shaded.kotlinx.metadata.jvm.JvmMetadataUtil                 : loaded 3 times (x 69B)
Class dagger.internal.codegen.binding.ContributionBinding                             : loaded 3 times (x 88B)
Class dagger.spi.internal.shaded.androidx.room.jarjarred.kotlinx.metadata.internal.protobuf.MessageLite$Builder: loaded 3 times (x 68B)
Class dagger.internal.codegen.processingstep.TypeCheckingProcessingStep               : loaded 3 times (x 84B)
Class javax.xml.bind.annotation.XmlAnyElement                                         : loaded 3 times (x 68B)
Class com.sun.xml.bind.v2.model.impl.TypeInfoImpl                                     : loaded 3 times (x 83B)
Class dagger.spi.internal.shaded.androidx.room.jarjarred.kotlinx.metadata.internal.ReadersKt$WhenMappings: loaded 3 times (x 69B)
Class dagger.spi.internal.shaded.kotlinx.metadata.KmClassVisitor                      : loaded 3 times (x 90B)
Class dagger.spi.internal.shaded.androidx.room.jarjarred.kotlinx.metadata.internal.FlagDelegatesImplKt: loaded 3 times (x 69B)
Class dagger.internal.codegen.kotlin.KotlinMetadata$ClassMetadata                     : loaded 3 times (x 76B)
Class dagger.spi.internal.shaded.kotlinx.metadata.internal.metadata.ProtoBuf$ValueParameter$1: loaded 3 times (x 142B)
Class kotlin.reflect.jvm.internal.ReflectProperties$LazyVal                           : loaded 3 times (x 73B)
Class android.databinding.tool.util.Preconditions                                     : loaded 3 times (x 69B)
Class javax.xml.bind.Binder                                                           : loaded 3 times (x 83B)
Class com.sun.xml.bind.v2.runtime.BinderImpl                                          : loaded 3 times (x 84B)
Class com.sun.xml.bind.v2.TODO                                                        : loaded 3 times (x 69B)
Class javax.xml.bind.helpers.DefaultValidationEventHandler                            : loaded 3 times (x 73B)
Class dagger.spi.internal.shaded.kotlinx.metadata.jvm.JvmDeclarationContainerExtensionVisitor: loaded 3 times (x 79B)
Class dagger.spi.internal.shaded.androidx.room.jarjarred.kotlinx.metadata.internal.metadata.deserialization.VersionRequirementTable: loaded 3 times (x 70B)
Class androidx.room.util.SimpleJavaVersion$Companion                                  : loaded 3 times (x 69B)
Class com.sun.xml.bind.v2.model.annotation.AnnotationReader                           : loaded 3 times (x 68B)
Class dagger.spi.internal.shaded.androidx.room.compiler.processing.javac.JavacTypeElement$kotlinMetadata$2: loaded 3 times (x 77B)
Class com.squareup.javapoet.ClassName                                                 : loaded 3 times (x 82B)
Class [Lcom.google.common.cache.LocalCache$EntryFactory;                              : loaded 3 times (x 67B)
Class com.sun.xml.bind.v2.model.impl.RuntimeBuiltinLeafInfoImpl$19                    : loaded 3 times (x 134B)
Class dagger.hilt.processor.internal.kotlin.DaggerKotlinMetadataUtils_MetadataComponent$Builder: loaded 3 times (x 69B)
Class androidx.room.compiler.processing.XProcessingEnv$Companion                      : loaded 3 times (x 69B)
Class dagger.spi.internal.shaded.androidx.room.compiler.processing.InternalXAnnotated : loaded 3 times (x 68B)
Class dagger.internal.codegen.kotlin.KotlinMetadataFactory_Factory                    : loaded 3 times (x 74B)
Class com.google.common.base.Objects                                                  : loaded 3 times (x 69B)
Class com.sun.xml.bind.v2.model.annotation.XmlValueQuick                              : loaded 3 times (x 88B)
Class dagger.internal.codegen.bindinggraphvalidation.SubcomponentFactoryMethodValidator_Factory: loaded 3 times (x 74B)
Class dagger.spi.internal.shaded.androidx.room.compiler.processing.XTypeElement       : loaded 3 times (x 68B)
Class com.squareup.javapoet.CodeBlock$Builder                                         : loaded 3 times (x 70B)
Class javax.xml.bind.annotation.XmlElements                                           : loaded 3 times (x 68B)
Class com.google.gson.internal.bind.NumberTypeAdapter                                 : loaded 3 times (x 72B)
Class com.google.gson.ToNumberPolicy                                                  : loaded 3 times (x 81B)
Class dagger.spi.internal.shaded.androidx.room.compiler.processing.javac.JavacAnnotationValue$1: loaded 3 times (x 77B)
Class dagger.spi.internal.shaded.androidx.room.compiler.processing.javac.JavacBasicAnnotationProcessor$2: loaded 3 times (x 77B)
Class dagger.spi.internal.shaded.androidx.room.compiler.processing.XArrayType         : loaded 3 times (x 68B)
Class com.sun.xml.bind.v2.model.impl.RuntimeBuiltinLeafInfoImpl$18                    : loaded 3 times (x 134B)
Class com.sun.xml.bind.v2.runtime.reflect.PrimitiveArrayListerInteger                 : loaded 3 times (x 74B)
Class com.sun.xml.bind.v2.runtime.property.TagAndType                                 : loaded 3 times (x 70B)
Class dagger.spi.internal.shaded.androidx.room.jarjarred.kotlinx.metadata.internal.metadata.ProtoBuf$Constructor: loaded 3 times (x 122B)
Class dagger.hilt.processor.internal.root.RootType                                    : loaded 3 times (x 77B)
Class android.databinding.annotationprocessor.ProcessDataBinding$Callback             : loaded 3 times (x 68B)
Class [Lkotlin.collections.State;                                                     : loaded 3 times (x 67B)
Class dagger.spi.internal.shaded.kotlinx.metadata.internal.protobuf.GeneratedMessageLite$ExtendableMessageOrBuilder: loaded 3 times (x 68B)
Class dagger.spi.internal.shaded.androidx.room.compiler.processing.javac.JavacRoundEnv$rootElements$2: loaded 3 times (x 77B)
Class com.sun.xml.bind.v2.runtime.property.Utils                                      : loaded 3 times (x 69B)
Class com.sun.xml.bind.v2.runtime.reflect.Accessor                                    : loaded 3 times (x 83B)
Class com.sun.xml.bind.v2.model.impl.ModelBuilderI                                    : loaded 3 times (x 68B)
Class dagger.spi.internal.shaded.androidx.room.jarjarred.kotlinx.metadata.internal.metadata.ProtoBuf$Effect$InvocationKind: loaded 3 times (x 80B)
Class dagger.spi.internal.shaded.androidx.room.compiler.processing.XTypeKt            : loaded 3 times (x 69B)
Class dagger.spi.internal.shaded.androidx.room.compiler.processing.InternalXAnnotationValue$Companion: loaded 3 times (x 69B)
Class dagger.spi.internal.shaded.kotlinx.metadata.internal.protobuf.GeneratedMessageLite$1: loaded 3 times (x 69B)
Class dagger.spi.internal.shaded.kotlinx.metadata.internal.metadata.ProtoBuf$TypeTable$1: loaded 3 times (x 142B)
Class com.android.tools.build.jetifier.core.pom.DependencyVersionsMap                 : loaded 3 times (x 70B)
Class dagger.internal.codegen.validation.MapKeyValidator_Factory                      : loaded 3 times (x 75B)
Class androidx.room.compiler.processing.javac.JavacFiler                              : loaded 3 times (x 76B)
Class com.android.tools.build.jetifier.core.pom.PomRewriteRule$JsonData               : loaded 3 times (x 70B)
Class com.sun.xml.bind.v2.model.annotation.RuntimeAnnotationReader                    : loaded 3 times (x 68B)
Class dagger.spi.internal.shaded.androidx.room.jarjarred.kotlinx.metadata.KmPropertyExtensionVisitor: loaded 3 times (x 68B)
Class dagger.spi.internal.shaded.androidx.room.compiler.processing.javac.JavacProcessingEnv$WhenMappings: loaded 3 times (x 69B)
Class dagger.internal.codegen.binding.InjectionSiteFactory_Factory                    : loaded 3 times (x 75B)
Class com.sun.xml.bind.v2.model.impl.RuntimeBuiltinLeafInfoImpl$17                    : loaded 3 times (x 134B)
Class com.sun.xml.bind.v2.runtime.unmarshaller.XsiNilLoader$Single                    : loaded 3 times (x 78B)
Class dagger.hilt.processor.internal.kotlin.KotlinMetadataFactory_Factory$InstanceHolder: loaded 3 times (x 69B)
Class dagger.internal.codegen.binding.DelegateDeclaration$Factory                     : loaded 3 times (x 70B)
Class com.android.tools.build.jetifier.core.pom.PomRewriteRule                        : loaded 3 times (x 70B)
Class dagger.spi.internal.shaded.androidx.room.jarjarred.kotlinx.metadata.KmFunctionExtensionVisitor: loaded 3 times (x 68B)
Class com.google.gson.internal.bind.ObjectTypeAdapter                                 : loaded 3 times (x 72B)
Class com.sun.istack.Pool                                                             : loaded 3 times (x 68B)
Class [Ldagger.internal.codegen.compileroption.ProcessingEnvironmentCompilerOptions$EnumOption;: loaded 3 times (x 67B)
Class dagger.spi.internal.shaded.androidx.room.jarjarred.kotlinx.metadata.internal.metadata.ProtoBuf$ConstructorOrBuilder: loaded 3 times (x 68B)
Class dagger.spi.internal.shaded.androidx.room.jarjarred.kotlinx.metadata.internal.protobuf.FieldSet$1: loaded 3 times (x 69B)
Class dagger.spi.internal.shaded.kotlinx.metadata.internal.metadata.ProtoBuf$Annotation: loaded 3 times (x 107B)
Class dagger.spi.internal.shaded.androidx.room.jarjarred.kotlinx.metadata.Attributes$hasAnnotations$22: loaded 3 times (x 135B)
Class dagger.internal.codegen.binding.BindingGraphFactory                             : loaded 3 times (x 73B)
Class dagger.spi.internal.shaded.androidx.room.jarjarred.kotlinx.metadata.internal.FlagDelegatesImplKt$constructorBooleanFlag$1: loaded 3 times (x 135B)
Class dagger.internal.codegen.compileroption.ProcessingEnvironmentCompilerOptions     : loaded 3 times (x 93B)
Class com.sun.xml.bind.v2.model.impl.RuntimeBuiltinLeafInfoImpl$16                    : loaded 3 times (x 134B)
Class dagger.spi.internal.shaded.androidx.room.compiler.processing.javac.JavacTypeElement$className$2: loaded 3 times (x 77B)
Class dagger.internal.codegen.binding.InjectBindingRegistry                           : loaded 3 times (x 68B)
Class dagger.internal.codegen.xprocessing.XTypes$XTypeEquivalence                     : loaded 3 times (x 82B)
Class dagger.spi.internal.shaded.androidx.room.jarjarred.kotlinx.metadata.Attributes$hasAnnotations$26: loaded 3 times (x 135B)
Class dagger.spi.internal.shaded.androidx.room.compiler.processing.javac.JavacTypeElement$_declaredMethods$2: loaded 3 times (x 77B)
Class dagger.internal.codegen.componentgenerator.ComponentHjarGenerator               : loaded 3 times (x 75B)
Class com.sun.xml.bind.v2.model.runtime.RuntimeTypeRef                                : loaded 3 times (x 68B)
Class com.squareup.javapoet.ParameterSpec                                             : loaded 3 times (x 70B)
Class com.sun.xml.bind.v2.model.annotation.XmlRootElementQuick                        : loaded 3 times (x 90B)
Class dagger.spi.internal.shaded.androidx.room.jarjarred.kotlinx.metadata.internal.protobuf.AbstractParser: loaded 3 times (x 142B)
Class com.sun.xml.bind.v2.model.impl.RuntimeBuiltinLeafInfoImpl$15                    : loaded 3 times (x 134B)
Class dagger.spi.internal.shaded.kotlinx.metadata.internal.protobuf.AbstractMessageLite: loaded 3 times (x 96B)
Class dagger.spi.internal.shaded.kotlinx.metadata.jvm.KotlinClassMetadata$Companion   : loaded 3 times (x 69B)
Class dagger.internal.codegen.kotlin.KotlinMetadata                                   : loaded 3 times (x 76B)
Class com.sun.xml.bind.v2.runtime.property.ArrayElementNodeProperty                   : loaded 3 times (x 103B)
Class kotlin.collections.MapWithDefaultImpl                                           : loaded 3 times (x 124B)
Class com.sun.xml.bind.v2.model.runtime.RuntimeElement                                : loaded 3 times (x 68B)
Class dagger.spi.internal.shaded.kotlinx.metadata.jvm.JvmClassExtensionVisitor        : loaded 3 times (x 85B)
Class [Ldagger.spi.internal.shaded.androidx.room.jarjarred.kotlinx.metadata.KmVariance;: loaded 3 times (x 67B)
Class org.apache.commons.io.IOCase                                                    : loaded 3 times (x 78B)
Class dagger.spi.internal.shaded.androidx.room.compiler.codegen.XTypeNameKt           : loaded 3 times (x 69B)
Class com.sun.xml.bind.v2.model.annotation.XmlElementQuick                            : loaded 3 times (x 94B)
Class com.google.common.collect.AbstractMapBasedMultimap$WrappedSet                   : loaded 3 times (x 140B)
Class org.apache.commons.io.CloseableURLConnection                                    : loaded 3 times (x 115B)
Class dagger.spi.internal.shaded.androidx.room.compiler.processing.javac.kotlin.KmClassContainer$constructorList$2: loaded 3 times (x 77B)
Class dagger.spi.internal.shaded.kotlinx.metadata.internal.metadata.jvm.JvmProtoBuf   : loaded 3 times (x 69B)
Class dagger.internal.codegen.validation.ComponentHierarchyValidator_Factory          : loaded 3 times (x 75B)
Class com.google.gson.internal.bind.ObjectTypeAdapter$1                               : loaded 3 times (x 74B)
Class dagger.spi.internal.shaded.androidx.room.jarjarred.kotlinx.metadata.internal.metadata.jvm.deserialization.JvmMemberSignature: loaded 3 times (x 72B)
Class com.sun.xml.bind.v2.model.annotation.LocatableAnnotation                        : loaded 3 times (x 83B)
Class dagger.spi.internal.shaded.androidx.room.jarjarred.kotlinx.metadata.jvm.JvmMethodSignature: loaded 3 times (x 72B)
Class com.sun.xml.bind.v2.runtime.reflect.Accessor$ReadOnlyFieldReflection            : loaded 3 times (x 83B)
Class dagger.spi.internal.shaded.kotlinx.metadata.internal.metadata.ProtoBuf$PropertyOrBuilder: loaded 3 times (x 68B)
Class com.squareup.javapoet.ParameterizedTypeName                                     : loaded 3 times (x 79B)
Class com.google.common.collect.LinkedHashMultimap                                    : loaded 3 times (x 173B)
Class com.sun.xml.bind.v2.model.impl.RuntimeBuiltinLeafInfoImpl$14                    : loaded 3 times (x 134B)
Class dagger.internal.codegen.binding.DelegateDeclaration_Factory_Factory             : loaded 3 times (x 75B)
Class com.sun.xml.bind.v2.model.impl.ClassInfoImpl$PropertyGroup                      : loaded 3 times (x 77B)
Class javax.xml.bind.annotation.XmlAnyAttribute                                       : loaded 3 times (x 68B)
Class kotlin.Triple                                                                   : loaded 3 times (x 70B)
Class com.sun.xml.bind.v2.model.core.TypeInfo                                         : loaded 3 times (x 68B)
Class [Ldagger.spi.internal.shaded.androidx.room.jarjarred.kotlinx.metadata.MemberKind;: loaded 3 times (x 67B)
Class com.sun.xml.bind.v2.model.core.BuiltinLeafInfo                                  : loaded 3 times (x 68B)
Class dagger.hilt.processor.internal.optionvalues.BooleanValue                        : loaded 3 times (x 77B)
Class dagger.spi.internal.shaded.kotlinx.metadata.internal.metadata.deserialization.BinaryVersion: loaded 3 times (x 71B)
Class dagger.internal.codegen.processingstep.ModuleProcessingStep_Factory             : loaded 3 times (x 75B)
Class com.sun.xml.bind.v2.model.impl.LeafInfoImpl                                     : loaded 3 times (x 100B)
Class dagger.internal.codegen.xprocessing.XAnnotationValues                           : loaded 3 times (x 69B)
Class com.google.common.cache.CacheLoader                                             : loaded 3 times (x 72B)
Class dagger.internal.codegen.validation.ProducesMethodValidator$Validator            : loaded 3 times (x 78B)
Class dagger.internal.codegen.base.DaggerSuperficialValidation_Factory                : loaded 3 times (x 75B)
Class com.sun.xml.bind.v2.model.impl.RuntimeBuiltinLeafInfoImpl$13                    : loaded 3 times (x 135B)
Class com.android.tools.build.jetifier.core.type.JavaType                             : loaded 3 times (x 70B)
Class com.sun.xml.bind.v2.runtime.unmarshaller.XsiNilLoader                           : loaded 3 times (x 78B)
Class dagger.internal.codegen.binding.InjectionSiteFactory                            : loaded 3 times (x 70B)
Class dagger.internal.codegen.writing.ProducerFactoryGenerator$NoArgFutureTransform   : loaded 3 times (x 76B)
Class com.sun.xml.bind.v2.model.impl.RuntimeBuiltinLeafInfoImpl$12                    : loaded 3 times (x 134B)
Class dagger.internal.codegen.binding.BindingFactory_Factory                          : loaded 3 times (x 75B)
Class com.sun.xml.bind.v2.runtime.property.Property                                   : loaded 3 times (x 68B)
Class dagger.spi.internal.shaded.kotlinx.metadata.internal.protobuf.SmallSortedMap$EmptySet: loaded 3 times (x 69B)
Class dagger.internal.codegen.validation.ValidationBindingGraphPlugin                 : loaded 3 times (x 83B)
Class com.google.common.cache.LocalCache$LocalLoadingCache                            : loaded 3 times (x 132B)
Class dagger.spi.internal.shaded.androidx.room.compiler.processing.javac.JavacVariableElement: loaded 3 times (x 198B)
Class com.sun.xml.bind.v2.model.impl.GetterSetterPropertySeed                         : loaded 3 times (x 88B)
Class com.sun.xml.bind.v2.model.impl.ValuePropertyInfoImpl                            : loaded 3 times (x 118B)
Class dagger.spi.internal.shaded.androidx.room.compiler.processing.javac.JavacProcessingEnv$messager$2: loaded 3 times (x 77B)
Class dagger.spi.internal.shaded.androidx.room.jarjarred.kotlinx.metadata.internal.metadata.ProtoBuf$Type$ArgumentOrBuilder: loaded 3 times (x 68B)
Class dagger.spi.internal.shaded.kotlinx.metadata.internal.protobuf.Internal$EnumLiteMap: loaded 3 times (x 68B)
Class dagger.internal.codegen.binding.MethodSignatureFormatter                        : loaded 3 times (x 84B)
Class dagger.spi.internal.shaded.androidx.room.jarjarred.kotlinx.metadata.internal.protobuf.LazyFieldLite: loaded 3 times (x 80B)
Class dagger.spi.internal.shaded.androidx.room.jarjarred.kotlinx.metadata.internal.metadata.ProtoBuf$Type: loaded 3 times (x 143B)
Class com.sun.xml.bind.v2.runtime.JAXBContextImpl                                     : loaded 3 times (x 88B)
Class dagger.spi.internal.shaded.kotlinx.metadata.internal.protobuf.FieldSet          : loaded 3 times (x 70B)
Class dagger.internal.codegen.validation.BindingMethodValidator$MethodValidator       : loaded 3 times (x 78B)
Class com.android.tools.build.jetifier.core.PackageMap                                : loaded 3 times (x 70B)
Class com.sun.xml.bind.v2.model.impl.RuntimeBuiltinLeafInfoImpl$11                    : loaded 3 times (x 134B)
Class dagger.internal.codegen.binding.ComponentDescriptor                             : loaded 3 times (x 85B)
Class com.sun.xml.bind.v2.model.impl.RuntimeBuiltinLeafInfoImpl$10                    : loaded 3 times (x 134B)
Class com.sun.xml.bind.v2.util.QNameMap                                               : loaded 3 times (x 70B)
Class dagger.hilt.processor.internal.root.RootProcessor                               : loaded 3 times (x 98B)
Class [Lcom.sun.xml.bind.v2.util.QNameMap$Entry;                                      : loaded 3 times (x 67B)
Class com.google.gson.FieldNamingPolicy                                               : loaded 3 times (x 81B)
Class dagger.spi.internal.shaded.androidx.room.jarjarred.kotlinx.metadata.internal.metadata.deserialization.BinaryVersion: loaded 3 times (x 72B)
Class dagger.spi.internal.shaded.androidx.room.jarjarred.kotlinx.metadata.internal.metadata.ProtoBuf$TypeTable: loaded 3 times (x 107B)
Class com.sun.xml.bind.v2.runtime.unmarshaller.DefaultValueLoaderDecorator            : loaded 3 times (x 76B)
Class javax.xml.bind.annotation.XmlAccessorType                                       : loaded 3 times (x 68B)
Class org.apache.commons.io.output.NullWriter                                         : loaded 3 times (x 97B)
Class dagger.spi.internal.shaded.androidx.room.compiler.processing.javac.JavacTypeElement$superClass$2: loaded 3 times (x 77B)
Class com.google.common.cache.Cache                                                   : loaded 3 times (x 68B)
Class javax.xml.bind.annotation.adapters.XmlJavaTypeAdapter                           : loaded 3 times (x 68B)
Class com.sun.xml.bind.v2.runtime.unmarshaller.TagName                                : loaded 3 times (x 73B)
Class dagger.spi.internal.shaded.kotlinx.metadata.internal.protobuf.ExtensionRegistryLite: loaded 3 times (x 72B)
Class com.sun.xml.bind.v2.runtime.property.SingleMapNodeProperty$1                    : loaded 3 times (x 76B)
Class dagger.internal.InstanceFactory                                                 : loaded 3 times (x 78B)
Class dagger.spi.internal.shaded.kotlinx.metadata.jvm.KotlinClassMetadata$Class$classData$2: loaded 3 times (x 77B)
Class dagger.internal.codegen.bindinggraphvalidation.InjectBindingValidator_Factory   : loaded 3 times (x 75B)
Class com.android.tools.build.jetifier.core.utils.LogLevel                            : loaded 3 times (x 77B)
Class com.sun.xml.bind.v2.runtime.property.SingleMapNodeProperty$2                    : loaded 3 times (x 76B)
Class com.sun.xml.bind.v2.model.impl.ElementPropertyInfoImpl                          : loaded 3 times (x 121B)
Class [Lcom.sun.xml.bind.v2.model.impl.ClassInfoImpl$SecondaryAnnotation;             : loaded 3 times (x 67B)
Class [Ldagger.spi.internal.shaded.kotlinx.metadata.internal.metadata.ProtoBuf$Type$Argument$Projection;: loaded 3 times (x 67B)
Class com.sun.xml.bind.v2.runtime.reflect.Lister$2                                    : loaded 3 times (x 75B)
Class dagger.spi.model.BindingGraphPlugin                                             : loaded 3 times (x 68B)
Class dagger.spi.internal.shaded.androidx.room.jarjarred.kotlinx.metadata.internal.protobuf.MessageLiteOrBuilder: loaded 3 times (x 68B)
Class dagger.spi.internal.shaded.androidx.room.compiler.processing.javac.JavacConstructorElement$typeParameters$2: loaded 3 times (x 77B)
Class com.sun.xml.bind.annotation.OverrideAnnotationOf                                : loaded 3 times (x 68B)
Class com.sun.xml.bind.v2.runtime.reflect.Lister$1                                    : loaded 3 times (x 74B)
Class dagger.spi.internal.shaded.androidx.room.compiler.processing.javac.JavacArrayType: loaded 3 times (x 209B)
Class dagger.internal.codegen.validation.ComponentCreatorValidator                    : loaded 3 times (x 73B)
Class dagger.spi.internal.shaded.kotlinx.metadata.internal.metadata.ProtoBuf$PackageOrBuilder: loaded 3 times (x 68B)
Class dagger.spi.internal.shaded.androidx.room.jarjarred.kotlinx.metadata.KmTypeVisitor: loaded 3 times (x 80B)
Class dagger.spi.internal.shaded.androidx.room.jarjarred.kotlinx.metadata.internal.protobuf.WireFormat$JavaType: loaded 3 times (x 77B)
Class dagger.spi.internal.shaded.androidx.room.jarjarred.kotlinx.metadata.internal.metadata.deserialization.BinaryVersion$Companion: loaded 3 times (x 69B)
Class dagger.spi.internal.shaded.androidx.room.jarjarred.kotlinx.metadata.internal.protobuf.LiteralByteString: loaded 3 times (x 110B)
Class dagger.internal.codegen.kotlin.KotlinMetadataFactory                            : loaded 3 times (x 73B)
Class com.google.common.cache.CacheStats                                              : loaded 3 times (x 69B)
Class dagger.internal.codegen.binding.ProductionBinding$Builder                       : loaded 3 times (x 88B)
Class dagger.internal.codegen.bindinggraphvalidation.SetMultibindingValidator_Factory$InstanceHolder: loaded 3 times (x 69B)
Class com.sun.xml.bind.v2.runtime.reflect.Lister$IDREFS                               : loaded 3 times (x 75B)
Class com.google.gson.internal.bind.ReflectiveTypeAdapterFactory$FieldReflectionAdapter: loaded 3 times (x 75B)
Class dagger.spi.internal.shaded.androidx.room.jarjarred.kotlinx.metadata.KmValueParameterVisitor: loaded 3 times (x 74B)
Class dagger.spi.internal.shaded.androidx.room.compiler.processing.javac.JavacBasicAnnotationProcessor: loaded 3 times (x 96B)
Class dagger.spi.internal.shaded.androidx.room.jarjarred.kotlinx.metadata.KmVariance  : loaded 3 times (x 77B)
Class android.databinding.tool.util.L                                                 : loaded 3 times (x 69B)
Class com.google.common.graph.Traverser                                               : loaded 3 times (x 71B)
Class dagger.spi.internal.shaded.androidx.room.jarjarred.kotlinx.metadata.internal.extensions.MetadataExtensions$Companion: loaded 3 times (x 69B)
Class dagger.spi.internal.shaded.androidx.room.compiler.processing.javac.JavacTypeElement$packageName$2: loaded 3 times (x 77B)
Class com.sun.xml.bind.v2.model.core.LeafInfo                                         : loaded 3 times (x 68B)
Class dagger.internal.codegen.DelegateComponentProcessor$Injector                     : loaded 3 times (x 68B)
Class com.sun.xml.bind.api.impl.NameConverter                                         : loaded 3 times (x 68B)
Class androidx.room.util.SimpleJavaVersion                                            : loaded 3 times (x 73B)
Class com.sun.xml.bind.v2.util.FlattenIterator                                        : loaded 3 times (x 77B)
Class dagger.spi.internal.shaded.androidx.room.jarjarred.kotlinx.metadata.internal.metadata.ProtoBuf$TypeParameter$1: loaded 3 times (x 142B)
Class dagger.spi.internal.shaded.androidx.room.compiler.processing.javac.kotlin.JvmAbi: loaded 3 times (x 69B)
Class dagger.spi.internal.shaded.kotlinx.metadata.internal.protobuf.Internal$EnumLite : loaded 3 times (x 68B)
Class dagger.spi.internal.shaded.androidx.room.jarjarred.kotlinx.metadata.internal.protobuf.UninitializedMessageException: loaded 3 times (x 82B)
Class com.sun.xml.bind.v2.model.impl.RuntimeBuiltinLeafInfoImpl$PcdataImpl            : loaded 3 times (x 132B)
Class dagger.spi.internal.shaded.androidx.room.compiler.processing.javac.JavacFiler   : loaded 3 times (x 76B)
Class com.google.gson.internal.reflect.ReflectionHelper                               : loaded 3 times (x 69B)
Class dagger.spi.internal.shaded.kotlinx.metadata.internal.metadata.ProtoBuf$Type$ArgumentOrBuilder: loaded 3 times (x 68B)
Class dagger.spi.internal.shaded.kotlinx.metadata.internal.metadata.jvm.deserialization.BitEncoding: loaded 3 times (x 69B)
Class dagger.spi.internal.shaded.androidx.room.compiler.processing.XEquality          : loaded 3 times (x 68B)
Class com.sun.xml.bind.v2.model.core.ElementInfo                                      : loaded 3 times (x 68B)
Class dagger.spi.internal.shaded.androidx.room.jarjarred.kotlinx.metadata.internal.protobuf.SmallSortedMap$EmptySet: loaded 3 times (x 69B)
Class dagger.internal.codegen.binding.ContributionBinding$Builder                     : loaded 3 times (x 81B)
Class dagger.spi.internal.shaded.androidx.room.compiler.processing.javac.kotlin.KmTypeContainer: loaded 3 times (x 74B)
Class javax.xml.bind.UnmarshalException                                               : loaded 3 times (x 83B)
Class dagger.spi.internal.shaded.androidx.room.jarjarred.kotlinx.metadata.internal.protobuf.ExtensionRegistryLite: loaded 3 times (x 72B)
Class dagger.internal.codegen.binding.MultibindingDeclaration                         : loaded 3 times (x 76B)
Class dagger.spi.internal.shaded.androidx.room.jarjarred.kotlinx.metadata.internal.metadata.ProtoBuf$TypeTableOrBuilder: loaded 3 times (x 68B)
Class dagger.spi.internal.shaded.androidx.room.jarjarred.kotlinx.metadata.internal.metadata.jvm.deserialization.JvmMemberSignature$Field: loaded 3 times (x 73B)
Class com.google.common.base.MoreObjects                                              : loaded 3 times (x 69B)
Class com.sun.xml.bind.v2.model.runtime.RuntimeNonElementRef                          : loaded 3 times (x 68B)
Class kotlin.io.FileTreeWalk$FileTreeWalkIterator$TopDownDirectoryState               : loaded 3 times (x 72B)
Class dagger.spi.internal.shaded.androidx.room.compiler.processing.javac.JavacElement : loaded 3 times (x 177B)
Class com.android.tools.build.jetifier.core.TypeRewriter$Companion                    : loaded 3 times (x 69B)
Class dagger.spi.internal.shaded.androidx.room.compiler.processing.XExecutableParameterElement: loaded 3 times (x 68B)
Class com.android.tools.build.jetifier.core.config.Config$JsonData                    : loaded 3 times (x 70B)
Class dagger.internal.codegen.base.$AutoValue_ComponentAnnotation                     : loaded 3 times (x 74B)
Class androidx.room.DatabaseProcessingStep$Companion                                  : loaded 3 times (x 69B)
Class dagger.internal.codegen.bindinggraphvalidation.ProvisionDependencyOnProducerBindingValidator: loaded 3 times (x 83B)
Class dagger.spi.internal.shaded.androidx.room.compiler.processing.XProcessingEnv$Companion: loaded 3 times (x 69B)
Class dagger.hilt.android.processor.internal.viewmodel.ViewModelValidationPlugin      : loaded 3 times (x 80B)
Class com.sun.istack.Pool$Impl                                                        : loaded 3 times (x 75B)
Class dagger.spi.internal.shaded.androidx.room.compiler.processing.XProcessingStep    : loaded 3 times (x 68B)
Class com.sun.xml.bind.v2.model.core.MapPropertyInfo                                  : loaded 3 times (x 68B)
Class dagger.spi.internal.shaded.kotlinx.metadata.internal.metadata.jvm.JvmProtoBuf$JvmMethodSignature$1: loaded 3 times (x 142B)
Class dagger.spi.internal.shaded.androidx.room.compiler.processing.XMethodElementKt   : loaded 3 times (x 69B)
Class androidx.room.RoomProcessor                                                     : loaded 3 times (x 96B)
Class androidx.room.compiler.processing.javac.JavacProcessingEnv$Companion            : loaded 3 times (x 69B)
Class com.google.common.base.AbstractIterator                                         : loaded 3 times (x 78B)
Class dagger.internal.codegen.processingstep.ProcessingStepsModule                    : loaded 3 times (x 68B)
Class dagger.spi.internal.shaded.androidx.room.jarjarred.kotlinx.metadata.internal.protobuf.SmallSortedMap: loaded 3 times (x 128B)
Class kotlin.reflect.jvm.internal.impl.builtins.functions.FunctionClassKind$Companion : loaded 3 times (x 69B)
Class com.sun.xml.bind.v2.model.impl.RuntimeElementInfoImpl                           : loaded 3 times (x 117B)
Class dagger.spi.internal.shaded.androidx.room.jarjarred.kotlinx.metadata.KmClassifier: loaded 3 times (x 69B)
Class dagger.spi.internal.shaded.androidx.room.jarjarred.kotlinx.metadata.internal.metadata.jvm.deserialization.BitEncoding: loaded 3 times (x 69B)
Class [Ldagger.internal.codegen.validation.BindingMethodValidator$ExceptionSuperclass;: loaded 3 times (x 67B)
Class dagger.spi.internal.shaded.androidx.room.jarjarred.kotlinx.metadata.internal.metadata.deserialization.TypeTable: loaded 3 times (x 70B)
Class com.sun.xml.bind.v2.model.annotation.Locatable                                  : loaded 3 times (x 68B)
Class com.google.gson.internal.bind.DateTypeAdapter$1                                 : loaded 3 times (x 73B)
Class dagger.spi.internal.shaded.androidx.room.compiler.processing.javac.kotlin.KmPropertyFunctionContainerImpl: loaded 3 times (x 107B)
Class com.sun.xml.bind.v2.runtime.reflect.Lister$ArrayLister                          : loaded 3 times (x 75B)
Class dagger.spi.internal.shaded.androidx.room.jarjarred.kotlinx.metadata.jvm.JvmDeclarationContainerExtensionVisitor: loaded 3 times (x 79B)
Class com.google.common.base.Equivalence$Wrapper                                      : loaded 3 times (x 70B)
Class dagger.spi.internal.shaded.androidx.room.jarjarred.kotlinx.metadata.internal.metadata.jvm.JvmProtoBuf$JvmFieldSignature$1: loaded 3 times (x 142B)
Class com.sun.xml.bind.v2.ClassFactory                                                : loaded 3 times (x 69B)
Class com.google.gson.internal.bind.TypeAdapters$31                                   : loaded 3 times (x 74B)
Class dagger.internal.codegen.validation.ComponentValidator_Factory                   : loaded 3 times (x 75B)
Class com.sun.xml.bind.v2.model.impl.AttributePropertyInfoImpl                        : loaded 3 times (x 122B)
Class com.sun.xml.bind.v2.runtime.RuntimeUtil                                         : loaded 3 times (x 69B)
Class dagger.internal.codegen.validation.BindsMethodValidator                         : loaded 3 times (x 76B)
Class com.sun.xml.bind.v2.model.core.ID                                               : loaded 3 times (x 77B)
Class com.google.gson.internal.bind.NumberTypeAdapter$1                               : loaded 3 times (x 74B)
Class com.google.gson.ToNumberPolicy$1                                                : loaded 3 times (x 81B)
Class dagger.spi.internal.shaded.androidx.room.jarjarred.kotlinx.metadata.InconsistentKotlinMetadataException: loaded 3 times (x 80B)
Class dagger.internal.codegen.binding.BindingDeclarationFormatter_Factory             : loaded 3 times (x 75B)
Class com.android.tools.build.jetifier.core.type.TypesMap$Companion                   : loaded 3 times (x 69B)
Class com.android.tools.build.jetifier.core.rule.RewriteRulesMap                      : loaded 3 times (x 70B)
Class javax.xml.bind.annotation.XmlElement$DEFAULT                                    : loaded 3 times (x 69B)
Class com.google.gson.internal.bind.TypeAdapters$32                                   : loaded 3 times (x 74B)
Class com.google.gson.ToNumberPolicy$2                                                : loaded 3 times (x 81B)
Class com.google.common.cache.CacheBuilder$OneWeigher                                 : loaded 3 times (x 80B)
Class com.google.gson.ToNumberPolicy$3                                                : loaded 3 times (x 81B)
Class dagger.spi.internal.shaded.androidx.room.jarjarred.kotlinx.metadata.internal.metadata.jvm.JvmProtoBuf$StringTableTypes: loaded 3 times (x 108B)
Class dagger.spi.internal.shaded.androidx.room.jarjarred.kotlinx.metadata.internal.metadata.jvm.JvmProtoBuf: loaded 3 times (x 69B)
Class dagger.spi.internal.shaded.androidx.room.jarjarred.kotlinx.metadata.internal.metadata.ProtoBuf$TypeTable$1: loaded 3 times (x 142B)
Class dagger.spi.internal.shaded.androidx.room.jarjarred.kotlinx.metadata.KmConstructorVisitor: loaded 3 times (x 74B)
Class dagger.spi.internal.shaded.androidx.room.compiler.processing.javac.kotlin.KmClassContainer$type$2: loaded 3 times (x 77B)
Class dagger.internal.codegen.validation.BindingMethodValidatorsModule                : loaded 3 times (x 68B)
Class com.google.gson.internal.LazilyParsedNumber                                     : loaded 3 times (x 76B)
Class com.google.gson.ToNumberPolicy$4                                                : loaded 3 times (x 81B)
Class dagger.hilt.processor.internal.definecomponent.DefineComponentProcessingStep    : loaded 3 times (x 85B)
Class dagger.internal.codegen.binding.SubcomponentDeclaration$Factory                 : loaded 3 times (x 71B)
Class dagger.spi.internal.shaded.androidx.room.jarjarred.kotlinx.metadata.internal.protobuf.Parser: loaded 3 times (x 68B)
Class dagger.spi.internal.shaded.auto.common.AnnotationMirrors$1                      : loaded 3 times (x 82B)
Class dagger.spi.internal.shaded.androidx.room.jarjarred.kotlinx.metadata.internal.metadata.ProtoBuf$MemberKind$1: loaded 3 times (x 72B)
Class com.sun.xml.bind.v2.model.runtime.RuntimeTypeInfoSet                            : loaded 3 times (x 68B)
Class org.apache.commons.io.filefilter.AbstractFileFilter                             : loaded 3 times (x 114B)
Class dagger.hilt.android.processor.internal.bindvalue.BindValueProcessingStep        : loaded 3 times (x 85B)
Class dagger.spi.internal.shaded.androidx.room.compiler.processing.javac.JavacBasicAnnotationProcessor$xEnv$2: loaded 3 times (x 77B)
Class dagger.hilt.processor.internal.BaseProcessingStep                               : loaded 3 times (x 85B)
Class dagger.spi.internal.shaded.androidx.room.compiler.processing.javac.JavacArrayType$equalityItems$2: loaded 3 times (x 77B)
Class dagger.internal.codegen.xprocessing.XAnnotations                                : loaded 3 times (x 69B)
Class com.google.gson.internal.bind.ReflectiveTypeAdapterFactory$RecordAdapter        : loaded 3 times (x 75B)
Class dagger.spi.internal.shaded.androidx.room.compiler.processing.javac.kotlin.JvmDescriptorTypeVisitor$WhenMappings: loaded 3 times (x 69B)
Class kotlin.UnsafeLazyImpl                                                           : loaded 3 times (x 74B)
Class com.sun.xml.bind.api.BridgeContext                                              : loaded 3 times (x 74B)
Class [Lcom.google.common.cache.CacheBuilder$OneWeigher;                              : loaded 3 times (x 67B)
Class com.squareup.kotlinpoet.TypeName$cachedString$2                                 : loaded 3 times (x 77B)
Class androidx.room.compiler.processing.XProcessingEnvConfig$Builder                  : loaded 3 times (x 70B)
Class dagger.spi.internal.shaded.kotlinx.metadata.internal.metadata.jvm.JvmProtoBuf$JvmPropertySignatureOrBuilder: loaded 3 times (x 68B)
Class dagger.internal.codegen.base.ComponentAnnotation                                : loaded 3 times (x 74B)
Class androidx.room.compiler.processing.XProcessingEnvConfig$Companion                : loaded 3 times (x 69B)
Class com.sun.xml.bind.v2.model.runtime.RuntimeNonElement                             : loaded 3 times (x 68B)
Class dagger.spi.internal.shaded.androidx.room.jarjarred.kotlinx.metadata.KmConstructor: loaded 3 times (x 75B)
Class dagger.spi.internal.shaded.androidx.room.compiler.processing.XBasicAnnotationProcessor: loaded 3 times (x 68B)
Class dagger.spi.internal.shaded.kotlinx.metadata.internal.extensions.MetadataExtensions: loaded 3 times (x 68B)
Class com.google.common.cache.LocalCache$ComputingValueReference                      : loaded 3 times (x 94B)
Class com.sun.xml.bind.v2.model.impl.RuntimeAttributePropertyInfoImpl                 : loaded 3 times (x 142B)
Class dagger.spi.internal.shaded.kotlinx.metadata.internal.metadata.jvm.JvmProtoBuf$StringTableTypes$Record: loaded 3 times (x 117B)
Class javax.xml.bind.annotation.adapters.XmlJavaTypeAdapters                          : loaded 3 times (x 68B)
Class com.sun.xml.bind.v2.model.impl.RuntimeClassInfoImpl$RuntimePropertySeed         : loaded 3 times (x 82B)
Class dagger.spi.internal.shaded.androidx.room.compiler.processing.XProcessingEnvConfig: loaded 3 times (x 69B)
Class com.sun.xml.bind.v2.model.impl.TypeInfoSetImpl$1                                : loaded 3 times (x 78B)
Class dagger.internal.codegen.binding.ProductionBinding                               : loaded 3 times (x 93B)
Class dagger.spi.internal.shaded.androidx.room.compiler.processing.javac.JavacType$rawType$2: loaded 3 times (x 77B)
Class com.sun.xml.bind.v2.runtime.property.SingleElementLeafProperty                  : loaded 3 times (x 100B)
Class dagger.internal.codegen.validation.InjectValidator                              : loaded 3 times (x 73B)
Class dagger.spi.internal.shaded.androidx.room.jarjarred.kotlinx.metadata.Attributes$kind$11: loaded 3 times (x 135B)
Class dagger.spi.internal.shaded.androidx.room.compiler.processing.javac.JavacExecutableElement$Companion: loaded 3 times (x 69B)
Class com.google.gson.Gson$FutureTypeAdapter                                          : loaded 3 times (x 74B)
Class kotlin.collections.builders.ListBuilder                                         : loaded 3 times (x 167B)
Class kotlin.text.DelimitedRangesSequence$iterator$1                                  : loaded 3 times (x 77B)
Class com.sun.xml.bind.v2.model.impl.BuiltinLeafInfoImpl                              : loaded 3 times (x 103B)
Class com.sun.xml.bind.v2.model.impl.ClassInfoImpl$SecondaryAnnotation                : loaded 3 times (x 78B)
Class com.google.gson.internal.Excluder                                               : loaded 3 times (x 73B)
Class kotlin.io.FileTreeWalk$WalkState                                                : loaded 3 times (x 71B)
Class dagger.internal.codegen.bindinggraphvalidation.IncompatiblyScopedBindingsValidator: loaded 3 times (x 83B)
Class com.sun.xml.bind.v2.model.impl.Utils                                            : loaded 3 times (x 69B)
Class dagger.spi.internal.shaded.androidx.room.jarjarred.kotlinx.metadata.internal.protobuf.WireFormat$FieldType: loaded 3 times (x 81B)
Class com.google.gson.internal.bind.TypeAdapters$33                                   : loaded 3 times (x 74B)
Class dagger.spi.internal.shaded.androidx.room.jarjarred.kotlinx.metadata.jvm.JvmFunctionExtensionVisitor$Companion: loaded 3 times (x 69B)
Class com.sun.xml.bind.v2.runtime.reflect.Accessor$GetterOnlyReflection               : loaded 3 times (x 83B)
Class javax.xml.bind.annotation.XmlElementRefs                                        : loaded 3 times (x 68B)
Class javax.xml.bind.annotation.W3CDomHandler                                         : loaded 3 times (x 83B)
Class com.google.common.collect.ForwardingMapEntry                                    : loaded 3 times (x 84B)
Class dagger.internal.codegen.binding.SubcomponentDeclaration_Factory_Factory         : loaded 3 times (x 75B)
Class dagger.spi.internal.shaded.kotlinx.metadata.InconsistentKotlinMetadataException : loaded 3 times (x 80B)
Class org.apache.commons.io.output.QueueOutputStream                                  : loaded 3 times (x 85B)
Class com.sun.xml.bind.v2.model.runtime.RuntimeArrayInfo                              : loaded 3 times (x 68B)
Class dagger.internal.codegen.validation.BindsOptionalOfMethodValidator               : loaded 3 times (x 76B)
Class dagger.internal.codegen.ProcessingEnvironmentModule_MessagerFactory             : loaded 3 times (x 75B)
Class dagger.spi.internal.shaded.androidx.room.compiler.processing.XConstructorElement: loaded 3 times (x 68B)
Class dagger.spi.internal.shaded.kotlinx.metadata.internal.metadata.ProtoBuf$TypeParameter$Variance: loaded 3 times (x 80B)
Class dagger.internal.codegen.binding.$AutoValue_OptionalBindingDeclaration           : loaded 3 times (x 73B)
Class dagger.spi.internal.shaded.androidx.room.compiler.processing.javac.JavacConstructorElement: loaded 3 times (x 254B)
Class com.sun.xml.bind.v2.model.core.TypeInfoSet                                      : loaded 3 times (x 68B)
Class com.google.gson.internal.sql.SqlTimestampTypeAdapter                            : loaded 3 times (x 74B)
Class dagger.spi.internal.shaded.androidx.room.jarjarred.kotlinx.metadata.jvm.internal.JvmTypeExtension: loaded 3 times (x 84B)
Class com.google.common.base.ExtraObjectsMethodsForWeb                                : loaded 3 times (x 69B)
Class [Ldagger.spi.internal.shaded.androidx.room.jarjarred.kotlinx.metadata.Modality; : loaded 3 times (x 67B)
Class com.google.gson.internal.bind.TypeAdapters$34                                   : loaded 3 times (x 74B)
Class dagger.hilt.processor.internal.generatesrootinput.GeneratesRootInputProcessor   : loaded 3 times (x 98B)
Class com.sun.xml.bind.v2.model.impl.RuntimeClassInfoImpl                             : loaded 3 times (x 160B)
Class dagger.internal.codegen.model.BindingGraphPlugin                                : loaded 3 times (x 68B)
Class [Ldagger.internal.codegen.compileroption.ProcessingEnvironmentCompilerOptions$Feature;: loaded 3 times (x 67B)
Class [Lcom.sun.xml.bind.v2.model.annotation.Quick;                                   : loaded 3 times (x 67B)
Class dagger.spi.internal.shaded.androidx.room.compiler.processing.XEnumTypeElement   : loaded 3 times (x 68B)
Class dagger.spi.internal.shaded.androidx.room.jarjarred.kotlinx.metadata.internal.metadata.ProtoBuf$VersionRequirement$VersionKind: loaded 3 times (x 80B)
Class dagger.spi.internal.shaded.kotlinx.metadata.internal.metadata.ProtoBuf$Contract$1: loaded 3 times (x 142B)
Class dagger.spi.internal.shaded.androidx.room.jarjarred.kotlinx.metadata.internal.metadata.jvm.JvmProtoBuf$JvmFieldSignature: loaded 3 times (x 106B)
Class com.sun.xml.bind.v2.model.core.ElementPropertyInfo                              : loaded 3 times (x 68B)
Class dagger.internal.codegen.writing.UnwrappedMapKeyGenerator                        : loaded 3 times (x 78B)
Class dagger.internal.codegen.ComponentProcessor                                      : loaded 3 times (x 96B)
Class dagger.spi.internal.shaded.androidx.room.jarjarred.kotlinx.metadata.internal.metadata.ProtoBuf$Package: loaded 3 times (x 127B)
Class dagger.internal.codegen.processingstep.BindsInstanceProcessingStep_Factory      : loaded 3 times (x 75B)
Class androidx.room.compiler.processing.XProcessingEnvConfig                          : loaded 3 times (x 69B)
Class dagger.spi.internal.shaded.androidx.room.jarjarred.kotlinx.metadata.internal.metadata.jvm.JvmProtoBuf$JvmMethodSignatureOrBuilder: loaded 3 times (x 68B)
Class com.sun.xml.bind.v2.model.impl.RuntimeValuePropertyInfoImpl                     : loaded 3 times (x 133B)
Class dagger.internal.codegen.binding.$AutoValue_ComponentDescriptor                  : loaded 3 times (x 87B)
Class com.google.gson.JsonParseException                                              : loaded 3 times (x 80B)
Class javax.xml.bind.annotation.XmlSchemaTypes                                        : loaded 3 times (x 68B)
Class dagger.spi.internal.shaded.androidx.room.jarjarred.kotlinx.metadata.jvm.JvmExtensionsKt: loaded 3 times (x 69B)
Class dagger.spi.internal.shaded.androidx.room.jarjarred.kotlinx.metadata.internal.metadata.ProtoBuf$TypeParameter$Variance: loaded 3 times (x 80B)
Class dagger.spi.internal.shaded.kotlinx.metadata.internal.protobuf.CodedInputStream  : loaded 3 times (x 70B)
Class [Lcom.google.gson.LongSerializationPolicy;                                      : loaded 3 times (x 67B)
Class com.google.gson.internal.ConstructorConstructor$13                              : loaded 3 times (x 73B)
Class dagger.spi.internal.shaded.androidx.room.compiler.processing.javac.kotlin.KmPropertyContainer: loaded 3 times (x 77B)
Class dagger.spi.internal.shaded.androidx.room.compiler.processing.javac.JavacTypeElement$typeParameters$2: loaded 3 times (x 77B)
Class dagger.internal.codegen.base.ComponentCreatorAnnotation                         : loaded 3 times (x 77B)
Class com.sun.xml.bind.v2.runtime.unmarshaller.UnmarshallingContext$DefaultRootLoader : loaded 3 times (x 78B)
Class org.apache.commons.io.file.PathVisitor                                          : loaded 3 times (x 68B)
Class com.google.gson.internal.reflect.ReflectionHelper$RecordHelper                  : loaded 3 times (x 73B)
Class com.sun.xml.bind.v2.runtime.IllegalAnnotationsException                         : loaded 3 times (x 84B)
Class dagger.spi.internal.shaded.kotlinx.metadata.internal.metadata.ProtoBuf$Property$1: loaded 3 times (x 142B)
Class kotlin.collections.State                                                        : loaded 3 times (x 77B)
Class dagger.spi.internal.shaded.androidx.room.jarjarred.kotlinx.metadata.jvm.JvmClassExtensionVisitor: loaded 3 times (x 85B)
Class org.apache.commons.io.FileExistsException                                       : loaded 3 times (x 80B)
Class dagger.spi.internal.shaded.androidx.room.jarjarred.kotlinx.metadata.internal.metadata.jvm.JvmProtoBuf$JvmFieldSignatureOrBuilder: loaded 3 times (x 68B)
Class dagger.spi.internal.shaded.kotlinx.metadata.internal.metadata.ProtoBuf$Type$Argument$1: loaded 3 times (x 142B)
Class kotlin.properties.ReadOnlyProperty                                              : loaded 3 times (x 68B)
Class com.sun.xml.bind.v2.runtime.NameList                                            : loaded 3 times (x 70B)
Class dagger.spi.internal.shaded.kotlinx.metadata.internal.metadata.ProtoBuf$Function : loaded 3 times (x 147B)
Class dagger.spi.internal.shaded.androidx.room.jarjarred.kotlinx.metadata.internal.metadata.deserialization.VersionRequirement$Version: loaded 3 times (x 69B)
Class com.google.common.cache.LocalCache$Strength                                     : loaded 3 times (x 79B)
Class org.apache.commons.io.filefilter.AndFileFilter                                  : loaded 3 times (x 125B)
Class com.sun.xml.bind.v2.runtime.unmarshaller.StructureLoader                        : loaded 3 times (x 76B)
Class com.sun.xml.bind.v2.model.runtime.RuntimeAttributePropertyInfo                  : loaded 3 times (x 68B)
Class dagger.hilt.android.processor.internal.androidentrypoint.AutoValue_AndroidEntryPointMetadata: loaded 3 times (x 90B)
Class dagger.spi.internal.shaded.androidx.room.compiler.processing.javac.JavacTypeElement$xClassName$2: loaded 3 times (x 77B)
Class dagger.spi.internal.shaded.kotlinx.metadata.internal.protobuf.WireFormat        : loaded 3 times (x 69B)
Class android.databinding.tool.util.L$Client                                          : loaded 3 times (x 68B)
Class dagger.spi.internal.shaded.androidx.room.compiler.processing.javac.kotlin.KmClassContainer$superTypes$2: loaded 3 times (x 77B)
Class dagger.spi.internal.shaded.androidx.room.jarjarred.kotlinx.metadata.internal.protobuf.FieldSet: loaded 3 times (x 70B)
Class dagger.internal.codegen.validation.ProducesMethodValidator_Factory              : loaded 3 times (x 75B)
Class dagger.spi.internal.shaded.androidx.room.jarjarred.kotlinx.metadata.internal.metadata.ProtoBuf$Visibility: loaded 3 times (x 80B)
Class dagger.spi.internal.shaded.androidx.room.jarjarred.kotlinx.metadata.internal.metadata.ProtoBuf$PackageOrBuilder: loaded 3 times (x 68B)
Class [Ldagger.spi.internal.shaded.androidx.room.jarjarred.kotlinx.metadata.internal.metadata.ProtoBuf$TypeParameter$Variance;: loaded 3 times (x 67B)
Class dagger.spi.internal.shaded.kotlinx.metadata.internal.protobuf.GeneratedMessageLite$Builder: loaded 3 times (x 126B)
Class com.google.common.collect.AbstractMapBasedMultimap$KeySet                       : loaded 3 times (x 135B)
Class dagger.hilt.processor.internal.kotlin.DaggerKotlinMetadataUtils_MetadataComponent: loaded 3 times (x 69B)
Class com.sun.xml.bind.v2.runtime.ElementBeanInfoImpl                                 : loaded 3 times (x 87B)
Class com.google.common.collect.FluentIterable$3                                      : loaded 3 times (x 79B)
Class com.sun.xml.bind.v2.runtime.unmarshaller.WildcardLoader                         : loaded 3 times (x 77B)
Class dagger.internal.codegen.validation.BindsOptionalOfMethodValidator$Validator     : loaded 3 times (x 78B)
Class com.sun.xml.bind.v2.model.impl.RuntimeBuiltinLeafInfoImpl$StringImpl            : loaded 3 times (x 132B)
Class dagger.spi.internal.shaded.androidx.room.compiler.processing.util.MemoizedSequence: loaded 3 times (x 73B)
Class dagger.spi.internal.shaded.kotlinx.metadata.internal.protobuf.MessageLiteOrBuilder: loaded 3 times (x 68B)
Class com.sun.xml.bind.v2.runtime.reflect.PrimitiveArrayListerShort                   : loaded 3 times (x 74B)
Class javax.xml.bind.annotation.XmlElementRef                                         : loaded 3 times (x 68B)
Class com.google.common.collect.FluentIterable$2                                      : loaded 3 times (x 79B)
Class dagger.hilt.android.processor.internal.androidentrypoint.$AutoValue_AndroidEntryPointMetadata: loaded 3 times (x 90B)
Class dagger.spi.internal.shaded.androidx.room.jarjarred.kotlinx.metadata.KmClassVisitor: loaded 3 times (x 90B)
Class dagger.spi.internal.shaded.androidx.room.compiler.processing.javac.JavacFieldElement$enclosingElement$2: loaded 3 times (x 77B)
Class com.google.gson.internal.bind.TypeAdapters$EnumTypeAdapter                      : loaded 3 times (x 72B)
Class dagger.hilt.processor.internal.kotlin.KotlinMetadataUtils$MetadataComponent     : loaded 3 times (x 68B)
Class dagger.hilt.processor.internal.kotlin.KotlinMetadataUtils                       : loaded 3 times (x 69B)
Class dagger.spi.internal.shaded.kotlinx.metadata.internal.protobuf.ByteString$ByteIterator: loaded 3 times (x 68B)
Class javax.xml.bind.JAXBIntrospector                                                 : loaded 3 times (x 71B)
Class com.sun.xml.bind.v2.model.impl.ElementInfoImpl                                  : loaded 3 times (x 107B)
Class com.google.common.collect.AbstractMapBasedMultimap$RandomAccessWrappedList      : loaded 3 times (x 165B)
Class com.sun.xml.bind.v2.runtime.reflect.Lister$CollectionLister                     : loaded 3 times (x 75B)
Class dagger.spi.internal.shaded.androidx.room.compiler.processing.javac.JavacDeclaredType$equalityItems$2: loaded 3 times (x 77B)
Class dagger.internal.codegen.binding.ProvisionBinding$Builder                        : loaded 3 times (x 86B)
Class [Ldagger.spi.internal.shaded.kotlinx.metadata.internal.protobuf.WireFormat$JavaType;: loaded 3 times (x 67B)
Class dagger.internal.codegen.model.AutoValue_DaggerProcessingEnv                     : loaded 3 times (x 73B)
Class javax.inject.Provider                                                           : loaded 3 times (x 68B)
Class androidx.room.RoomProcessor$1                                                   : loaded 3 times (x 76B)
Class com.google.gson.ReflectionAccessFilter$FilterResult                             : loaded 3 times (x 77B)
Class dagger.internal.codegen.binding.$AutoValue_ModuleDescriptor                     : loaded 3 times (x 83B)
Class dagger.internal.codegen.base.Util                                               : loaded 3 times (x 69B)
Class com.sun.xml.bind.annotation.XmlLocation                                         : loaded 3 times (x 68B)
Class dagger.internal.codegen.DaggerDelegateComponentProcessor_Injector$TopLevelImplementationComponentFactory: loaded 3 times (x 73B)
Class com.google.gson.internal.ConstructorConstructor$16                              : loaded 3 times (x 73B)
Class javax.xml.bind.JAXBElement                                                      : loaded 3 times (x 79B)
Class dagger.spi.internal.shaded.androidx.room.jarjarred.kotlinx.metadata.jvm.internal.JvmFunctionExtension: loaded 3 times (x 83B)
Class dagger.hilt.processor.internal.generatesrootinput.GeneratesRootInputProcessingStep: loaded 3 times (x 85B)
Class com.google.common.collect.FluentIterable$1                                      : loaded 3 times (x 79B)
Class dagger.spi.internal.shaded.androidx.room.compiler.processing.javac.JavacVariableElement$type$2: loaded 3 times (x 77B)
Class dagger.spi.internal.shaded.androidx.room.compiler.processing.javac.JavacTypeElement$enclosingTypeElement$2: loaded 3 times (x 77B)
Class dagger.spi.internal.shaded.androidx.room.jarjarred.kotlinx.metadata.KmExtensionType: loaded 3 times (x 70B)
Class com.sun.xml.bind.v2.runtime.reflect.ListTransducedAccessorImpl                  : loaded 3 times (x 78B)
Class dagger.internal.codegen.kotlin.KotlinMetadataFactory_Factory$InstanceHolder     : loaded 3 times (x 69B)
Class com.google.common.graph.PredecessorsFunction                                    : loaded 3 times (x 68B)
Class com.google.gson.internal.ConstructorConstructor$18                              : loaded 3 times (x 73B)
Class com.squareup.kotlinpoet.WildcardTypeName$Companion                              : loaded 3 times (x 69B)
Class dagger.spi.internal.shaded.androidx.room.jarjarred.kotlinx.metadata.jvm.JvmConstructorExtensionVisitor: loaded 3 times (x 76B)
Class com.squareup.javapoet.ParameterSpec$Builder                                     : loaded 3 times (x 70B)
Class dagger.spi.internal.shaded.androidx.room.compiler.processing.javac.JavacProcessingEnvMessager$Companion: loaded 3 times (x 69B)
Class javax.xml.bind.annotation.XmlSeeAlso                                            : loaded 3 times (x 68B)
Class dagger.spi.internal.shaded.androidx.room.jarjarred.kotlinx.metadata.internal.metadata.deserialization.VersionRequirement$Version$Companion: loaded 3 times (x 69B)
Class com.google.common.cache.LocalCache$ValueReference                               : loaded 3 times (x 68B)
Class dagger.internal.codegen.validation.ValidationBindingGraphPlugins                : loaded 3 times (x 70B)
Class com.google.gson.internal.bind.DefaultDateTypeAdapter                            : loaded 3 times (x 72B)
Class com.google.common.cache.RemovalListener                                         : loaded 3 times (x 68B)
Class dagger.spi.internal.shaded.kotlinx.metadata.internal.protobuf.ExtensionRegistryLite$ObjectIntPair: loaded 3 times (x 70B)
Class dagger.spi.internal.shaded.androidx.room.jarjarred.kotlinx.metadata.Attributes$visibility$10: loaded 3 times (x 135B)
Class dagger.internal.codegen.extension.DaggerStreams                                 : loaded 3 times (x 69B)
Class dagger.spi.internal.shaded.androidx.room.compiler.processing.javac.XTypeElementStore: loaded 3 times (x 70B)
Class com.sun.xml.bind.v2.model.impl.ClassInfoImpl$DuplicateException                 : loaded 3 times (x 80B)
Class dagger.internal.codegen.validation.BindsInstanceElementValidator                : loaded 3 times (x 76B)
Class com.google.gson.internal.bind.ArrayTypeAdapter$1                                : loaded 3 times (x 73B)
Class dagger.internal.codegen.writing.ProducerFactoryGenerator                        : loaded 3 times (x 75B)
Class dagger.internal.codegen.processingstep.SuperficialValidator_Factory             : loaded 3 times (x 75B)
Class dagger.hilt.android.processor.internal.androidentrypoint.AndroidEntryPointProcessingStep$1: loaded 3 times (x 69B)
Class com.sun.xml.bind.v2.model.impl.RuntimeEnumLeafInfoImpl                          : loaded 3 times (x 147B)
Class dagger.spi.internal.shaded.androidx.room.compiler.processing.XProcessingEnvConfig$Builder: loaded 3 times (x 70B)
Class [Ldagger.spi.internal.shaded.androidx.room.compiler.processing.XFiler$Mode;     : loaded 3 times (x 67B)
Class dagger.spi.internal.shaded.androidx.room.jarjarred.kotlinx.metadata.internal.protobuf.WireFormat$FieldType$4: loaded 3 times (x 81B)
Class com.sun.xml.bind.v2.runtime.unmarshaller.XsiNilLoader$Array                     : loaded 3 times (x 78B)
Class javax.xml.bind.annotation.XmlMimeType                                           : loaded 3 times (x 68B)
Class com.sun.xml.bind.v2.model.impl.PropertySeed                                     : loaded 3 times (x 68B)
Class dagger.spi.internal.shaded.androidx.room.jarjarred.kotlinx.metadata.internal.metadata.ProtoBuf$Modality$1: loaded 3 times (x 72B)
Class dagger.spi.internal.shaded.androidx.room.jarjarred.kotlinx.metadata.internal.metadata.ProtoBuf$TypeParameter: loaded 3 times (x 128B)
Class com.android.tools.build.jetifier.core.type.TypesMap$JsonData                    : loaded 3 times (x 70B)
Class [Ldagger.internal.codegen.base.ComponentCreatorAnnotation;                      : loaded 3 times (x 67B)
Class org.apache.commons.io.FileUtils                                                 : loaded 3 times (x 69B)
Class dagger.spi.internal.shaded.androidx.room.jarjarred.kotlinx.metadata.internal.protobuf.WireFormat$FieldType$3: loaded 3 times (x 81B)
Class dagger.hilt.processor.internal.ProcessorErrors                                  : loaded 3 times (x 69B)
Class dagger.spi.internal.shaded.androidx.room.jarjarred.kotlinx.metadata.internal.metadata.ProtoBuf$Annotation: loaded 3 times (x 107B)
Class com.google.common.cache.CacheLoader$SupplierToCacheLoader                       : loaded 3 times (x 73B)
Class kotlin.io.FileTreeWalk$DirectoryState                                           : loaded 3 times (x 71B)
Class com.sun.xml.bind.v2.runtime.unmarshaller.XsiTypeLoader                          : loaded 3 times (x 76B)
Class dagger.hilt.android.processor.internal.androidentrypoint.AndroidEntryPointMetadata$AndroidType: loaded 3 times (x 77B)
Class dagger.spi.internal.shaded.androidx.room.jarjarred.kotlinx.metadata.internal.extensions.MetadataExtensions: loaded 3 times (x 68B)
Class [Ldagger.internal.codegen.base.ClearableCache;                                  : loaded 3 times (x 67B)
Class dagger.internal.codegen.compileroption.ProcessingEnvironmentCompilerOptions_Factory: loaded 3 times (x 75B)
Class dagger.spi.internal.shaded.androidx.room.jarjarred.kotlinx.metadata.internal.protobuf.WireFormat$FieldType$2: loaded 3 times (x 81B)
Class javax.xml.bind.annotation.XmlElementDecl                                        : loaded 3 times (x 68B)
Class com.squareup.javapoet.CodeWriter$Multiset                                       : loaded 3 times (x 70B)
Class dagger.spi.internal.shaded.androidx.room.compiler.processing.javac.JavacProcessingEnv: loaded 3 times (x 114B)
Class dagger.spi.internal.shaded.androidx.room.jarjarred.kotlinx.metadata.internal.metadata.jvm.deserialization.JvmMemberSignature$Method: loaded 3 times (x 73B)
Class com.android.tools.build.jetifier.core.config.ConfigParser                       : loaded 3 times (x 69B)
Class androidx.room.processor.Context$Companion                                       : loaded 3 times (x 69B)
Class dagger.spi.internal.shaded.kotlinx.metadata.internal.extensions.KmClassExtension: loaded 3 times (x 68B)
Class dagger.internal.codegen.validation.ComponentDescriptorValidator_Factory         : loaded 3 times (x 75B)
Class androidx.room.compiler.processing.javac.XTypeElementStore                       : loaded 3 times (x 70B)
Class dagger.spi.internal.shaded.androidx.room.jarjarred.kotlinx.metadata.internal.protobuf.AbstractMessageLite: loaded 3 times (x 96B)
Class dagger.internal.codegen.validation.MapKeyValidator                              : loaded 3 times (x 70B)
Class dagger.spi.internal.shaded.androidx.room.jarjarred.kotlinx.metadata.internal.EnumFlagDelegate: loaded 3 times (x 70B)
Class dagger.spi.internal.shaded.androidx.room.compiler.processing.InternalXAnnotation$valuesByName$2: loaded 3 times (x 77B)
Class dagger.spi.model.DiagnosticReporter                                             : loaded 3 times (x 73B)
Class [Lcom.sun.xml.bind.v2.runtime.unmarshaller.Scope;                               : loaded 3 times (x 67B)
Class dagger.internal.codegen.validation.SpiModelBindingGraphConverter                : loaded 3 times (x 69B)
Class com.google.gson.Gson$1                                                          : loaded 3 times (x 74B)
Class dagger.internal.codegen.binding.BindingDeclarationFormatter                     : loaded 3 times (x 84B)
Class javax.xml.bind.UnmarshallerHandler                                              : loaded 3 times (x 68B)
Class com.google.common.collect.LinkedHashMultimap$ValueEntry                         : loaded 3 times (x 87B)
Class com.google.gson.Gson$2                                                          : loaded 3 times (x 74B)
Class dagger.spi.internal.shaded.androidx.room.jarjarred.kotlinx.metadata.KmDeclarationContainerVisitor: loaded 3 times (x 75B)
Class dagger.spi.internal.shaded.kotlinx.metadata.internal.metadata.jvm.deserialization.JvmNameResolverBase$Companion: loaded 3 times (x 69B)
Class dagger.spi.internal.shaded.androidx.room.jarjarred.kotlinx.metadata.internal.protobuf.WireFormat$FieldType$1: loaded 3 times (x 81B)
Class com.google.gson.Gson$3                                                          : loaded 3 times (x 73B)
Class com.android.tools.build.jetifier.core.config.Config$Companion                   : loaded 3 times (x 69B)
Class com.google.gson.Gson$4                                                          : loaded 3 times (x 74B)
Class dagger.internal.codegen.writing.InaccessibleMapKeyProxyGenerator_Factory        : loaded 3 times (x 75B)
Class dagger.internal.codegen.binding.AutoValue_DelegateDeclaration                   : loaded 3 times (x 81B)
Class com.google.common.base.Splitter$1                                               : loaded 3 times (x 75B)
Class com.sun.xml.bind.v2.model.impl.Utils$1                                          : loaded 3 times (x 75B)
Class com.google.common.cache.CacheLoader$1                                           : loaded 3 times (x 73B)
Class dagger.internal.codegen.base.SourceFileGenerator                                : loaded 3 times (x 75B)
Class [Ldagger.internal.codegen.compileroption.ValidationType;                        : loaded 3 times (x 67B)
Class com.google.gson.Gson$5                                                          : loaded 3 times (x 74B)
Class [Ldagger.spi.internal.shaded.kotlinx.metadata.internal.metadata.ProtoBuf$TypeParameter$Variance;: loaded 3 times (x 67B)
Class dagger.hilt.android.processor.internal.androidentrypoint.AndroidEntryPointProcessingStep: loaded 3 times (x 85B)
Class com.google.common.collect.ReverseOrdering                                       : loaded 3 times (x 113B)
Class dagger.spi.internal.shaded.kotlinx.metadata.internal.protobuf.LazyField         : loaded 3 times (x 81B)
Class javax.xml.bind.annotation.XmlList                                               : loaded 3 times (x 68B)
Class dagger.spi.internal.shaded.androidx.room.jarjarred.kotlinx.metadata.Attributes$visibility$22: loaded 3 times (x 135B)
Class dagger.spi.internal.shaded.androidx.room.jarjarred.kotlinx.metadata.internal.metadata.jvm.deserialization.UtfEncodingKt: loaded 3 times (x 69B)
Class com.sun.xml.bind.v2.runtime.reflect.Accessor$FieldReflection                    : loaded 3 times (x 83B)
Class com.google.gson.internal.ConstructorConstructor$19                              : loaded 3 times (x 74B)
Class dagger.spi.internal.shaded.androidx.room.jarjarred.kotlinx.metadata.internal.FlagImplKt: loaded 3 times (x 69B)
Class [Ldagger.spi.internal.shaded.androidx.room.compiler.processing.XNullability;    : loaded 3 times (x 67B)
Class com.google.common.base.Ticker$1                                                 : loaded 3 times (x 70B)
Class dagger.internal.codegen.xprocessing.XAnnotationValues$1                         : loaded 3 times (x 82B)
Class dagger.spi.internal.shaded.kotlinx.metadata.internal.metadata.deserialization.NameResolver: loaded 3 times (x 68B)
Class dagger.hilt.processor.internal.BadInputException                                : loaded 3 times (x 80B)
Class com.google.gson.TypeAdapter                                                     : loaded 3 times (x 71B)
Class com.google.gson.FieldNamingStrategy                                             : loaded 3 times (x 68B)
Class javax.xml.bind.ValidationEventLocator                                           : loaded 3 times (x 68B)
Class dagger.spi.internal.shaded.androidx.room.jarjarred.kotlinx.metadata.internal.protobuf.GeneratedMessageLite$ExtendableMessage: loaded 3 times (x 111B)
Class dagger.spi.internal.shaded.androidx.room.compiler.processing.javac.JavacProcessingEnvMessager: loaded 3 times (x 71B)
Class dagger.spi.internal.shaded.androidx.room.compiler.processing.javac.JavacType$typeElement$2: loaded 3 times (x 77B)
Class com.google.common.cache.LocalCache$LocalManualCache                             : loaded 3 times (x 97B)
Class dagger.spi.internal.shaded.androidx.room.jarjarred.kotlinx.metadata.jvm.JvmMemberSignature: loaded 3 times (x 71B)
Class dagger.hilt.android.processor.internal.androidentrypoint.AndroidEntryPointProcessor: loaded 3 times (x 98B)
Class dagger.spi.internal.shaded.kotlinx.metadata.internal.metadata.jvm.deserialization.JvmNameResolver: loaded 3 times (x 78B)
Class dagger.spi.internal.shaded.androidx.room.jarjarred.kotlinx.metadata.internal.metadata.deserialization.ProtoBufUtilKt: loaded 3 times (x 69B)
Class com.google.gson.internal.LinkedTreeMap$1                                        : loaded 3 times (x 89B)
Class com.google.gson.internal.UnsafeAllocator$1                                      : loaded 3 times (x 71B)
Class dagger.spi.internal.shaded.androidx.room.jarjarred.kotlinx.metadata.internal.metadata.ProtoBuf$VersionRequirementOrBuilder: loaded 3 times (x 68B)
Class com.squareup.javapoet.LineWrapper$1                                             : loaded 3 times (x 69B)
Class dagger.internal.codegen.validation.MultibindsMethodValidator                    : loaded 3 times (x 77B)
Class dagger.hilt.processor.internal.JavacBaseProcessingStepProcessor                 : loaded 3 times (x 98B)
Class com.google.gson.internal.UnsafeAllocator$2                                      : loaded 3 times (x 71B)
Class dagger.spi.internal.shaded.androidx.room.compiler.processing.javac.JavacMethodElement$kotlinMetadata$2: loaded 3 times (x 77B)
Class com.sun.xml.bind.v2.runtime.reflect.PrimitiveArrayListerCharacter               : loaded 3 times (x 74B)
Class com.google.gson.internal.UnsafeAllocator$3                                      : loaded 3 times (x 71B)
Class com.google.gson.internal.bind.SerializationDelegatingTypeAdapter                : loaded 3 times (x 72B)
Class dagger.spi.internal.shaded.androidx.room.compiler.processing.javac.JavacExecutableElement$enclosingElement$2: loaded 3 times (x 77B)
Class javax.xml.bind.MarshalException                                                 : loaded 3 times (x 83B)
Class com.google.common.base.Predicates                                               : loaded 3 times (x 69B)
Class dagger.internal.codegen.processingstep.MonitoringModuleGenerator_Factory        : loaded 3 times (x 75B)
Class com.google.gson.internal.UnsafeAllocator$4                                      : loaded 3 times (x 70B)
Class dagger.spi.internal.shaded.androidx.room.jarjarred.kotlinx.metadata.internal.metadata.ProtoBuf$Type$Argument$Projection$1: loaded 3 times (x 72B)
Class dagger.spi.internal.shaded.androidx.room.compiler.processing.XTypeParameterElement: loaded 3 times (x 68B)
Class dagger.spi.internal.shaded.androidx.room.jarjarred.kotlinx.metadata.MemberKind  : loaded 3 times (x 77B)
Class dagger.internal.codegen.DelegateComponentProcessor_MembersInjector              : loaded 3 times (x 73B)
Class javax.xml.bind.helpers.AbstractUnmarshallerImpl                                 : loaded 3 times (x 128B)
Class [Ldagger.internal.codegen.validation.BindingElementValidator$AllowsMultibindings;: loaded 3 times (x 67B)
Class [Ldagger.spi.internal.shaded.kotlinx.metadata.Flag;                             : loaded 3 times (x 67B)
Class dagger.spi.internal.shaded.androidx.room.jarjarred.kotlinx.metadata.internal.metadata.jvm.JvmProtoBuf$StringTableTypes$Record$1: loaded 3 times (x 142B)
Class dagger.spi.internal.shaded.androidx.room.compiler.processing.javac.JavacDeclaredType: loaded 3 times (x 185B)
Class dagger.spi.internal.shaded.androidx.room.jarjarred.kotlinx.metadata.internal.metadata.jvm.JvmProtoBuf$JvmPropertySignatureOrBuilder: loaded 3 times (x 68B)
Class dagger.spi.internal.shaded.androidx.room.jarjarred.kotlinx.metadata.Flag$Common : loaded 3 times (x 69B)
Class com.google.common.collect.ImmutableSetMultimap$EntrySet                         : loaded 3 times (x 144B)
Class dagger.spi.internal.shaded.kotlinx.metadata.internal.metadata.ProtoBuf$Package$1: loaded 3 times (x 142B)
Class com.sun.xml.bind.v2.model.impl.Util                                             : loaded 3 times (x 69B)
Class com.google.common.collect.NullsLastOrdering                                     : loaded 3 times (x 113B)
Class dagger.spi.internal.shaded.androidx.room.compiler.processing.javac.kotlin.JvmDescriptorUtilsKt: loaded 3 times (x 69B)
Class [Ldagger.spi.internal.shaded.androidx.room.jarjarred.kotlinx.metadata.internal.metadata.ProtoBuf$MemberKind;: loaded 3 times (x 67B)
Class [Ldagger.spi.internal.shaded.androidx.room.jarjarred.kotlinx.metadata.internal.metadata.ProtoBuf$Expression$ConstantValue;: loaded 3 times (x 67B)
Class com.sun.xml.bind.v2.model.impl.RuntimeArrayInfoImpl                             : loaded 3 times (x 105B)
Class dagger.internal.codegen.binding.AutoValue_MultibindingDeclaration               : loaded 3 times (x 77B)
Class dagger.spi.internal.shaded.androidx.room.compiler.processing.javac.kotlin.KmClassContainer: loaded 3 times (x 77B)
Class dagger.spi.internal.shaded.kotlinx.metadata.internal.protobuf.SmallSortedMap    : loaded 3 times (x 128B)
Class com.sun.xml.bind.v2.runtime.BridgeImpl                                          : loaded 3 times (x 85B)
Class dagger.spi.internal.shaded.androidx.room.jarjarred.kotlinx.metadata.internal.metadata.ProtoBuf$FunctionOrBuilder: loaded 3 times (x 68B)
Class dagger.internal.codegen.base.DaggerSuperficialValidation$ValidationException$UnknownErrorType: loaded 3 times (x 81B)
Class dagger.spi.internal.shaded.androidx.room.compiler.processing.CommonProcessorDelegate: loaded 3 times (x 70B)
Class [Ldagger.spi.internal.shaded.kotlinx.metadata.internal.protobuf.WireFormat$FieldType;: loaded 3 times (x 67B)
Class dagger.internal.codegen.base.ElementFormatter_Factory$InstanceHolder            : loaded 3 times (x 69B)
Class com.sun.xml.bind.v2.runtime.CompositeStructureBeanInfo                          : loaded 3 times (x 96B)
Class com.sun.xml.bind.v2.runtime.AnyTypeBeanInfo                                     : loaded 3 times (x 90B)
Class dagger.spi.internal.shaded.androidx.room.jarjarred.kotlinx.metadata.Attributes$visibility$14: loaded 3 times (x 135B)
Class com.google.gson.stream.JsonWriter                                               : loaded 3 times (x 96B)
Class dagger.internal.codegen.model.Binding                                           : loaded 3 times (x 68B)
Class dagger.internal.codegen.javapoet.TypeNames                                      : loaded 3 times (x 69B)
Class dagger.hilt.android.processor.internal.viewmodel.ViewModelProcessor             : loaded 3 times (x 98B)
Class dagger.spi.internal.shaded.androidx.room.jarjarred.kotlinx.metadata.Attributes  : loaded 3 times (x 69B)
Class dagger.spi.internal.shaded.androidx.room.jarjarred.kotlinx.metadata.KmProperty  : loaded 3 times (x 79B)
Class dagger.spi.internal.shaded.androidx.room.jarjarred.kotlinx.metadata.internal.metadata.ProtoBuf$Expression$ConstantValue$1: loaded 3 times (x 72B)
Class dagger.spi.internal.shaded.androidx.room.compiler.processing.XAnnotationValue   : loaded 3 times (x 68B)
Class dagger.spi.internal.shaded.auto.common.MoreElements$CastingElementVisitor       : loaded 3 times (x 91B)
Class com.squareup.javapoet.ArrayTypeName                                             : loaded 3 times (x 79B)
Class [Lcom.android.tools.build.jetifier.core.utils.LogLevel;                         : loaded 3 times (x 67B)
Class dagger.internal.codegen.bindinggraphvalidation.DuplicateBindingsValidator       : loaded 3 times (x 83B)
Class dagger.spi.internal.shaded.androidx.room.jarjarred.kotlinx.metadata.jvm.KotlinClassMetadata$Companion: loaded 3 times (x 69B)
Class javax.activation.MimeTypeParseException                                         : loaded 3 times (x 80B)
Class dagger.spi.internal.shaded.androidx.room.compiler.processing.javac.JavacAnnotation$defaultValues$2: loaded 3 times (x 77B)
Class dagger.internal.codegen.bindinggraphvalidation.DependencyCycleValidator         : loaded 3 times (x 83B)
Class javax.xml.bind.ValidationEventHandler                                           : loaded 3 times (x 68B)
Class dagger.hilt.processor.internal.kotlin.KotlinMetadataUtil                        : loaded 3 times (x 70B)
Class dagger.spi.internal.shaded.androidx.room.jarjarred.kotlinx.metadata.Attributes$modality$2: loaded 3 times (x 135B)
Class dagger.spi.internal.shaded.androidx.room.jarjarred.kotlinx.metadata.internal.metadata.ProtoBuf$ContractOrBuilder: loaded 3 times (x 68B)
Class dagger.spi.internal.shaded.androidx.room.compiler.processing.InternalXAnnotationValue$Kind: loaded 3 times (x 77B)
Class com.google.gson.internal.sql.SqlTimeTypeAdapter                                 : loaded 3 times (x 72B)
Class dagger.internal.codegen.componentgenerator.ComponentHjarGenerator_Factory       : loaded 3 times (x 75B)
Class dagger.internal.codegen.binding.InjectionAnnotations                            : loaded 3 times (x 70B)
Class com.android.tools.build.jetifier.core.proguard.ProGuardType$Companion           : loaded 3 times (x 69B)
Class com.sun.xml.bind.v2.runtime.JaxBeanInfo$1                                       : loaded 3 times (x 75B)
Class dagger.internal.codegen.validation.ExternalBindingGraphPlugins                  : loaded 3 times (x 70B)
Class dagger.spi.internal.shaded.androidx.room.jarjarred.kotlinx.metadata.Attributes$modality$6: loaded 3 times (x 135B)
Class dagger.spi.internal.shaded.androidx.room.compiler.processing.javac.JavacMethodElement$parameters$2: loaded 3 times (x 77B)
Class androidx.room.processor.Context$ProcessorOptions                                : loaded 3 times (x 77B)
Class com.sun.xml.bind.v2.model.impl.RuntimeAnyTypeImpl                               : loaded 3 times (x 92B)
Class com.google.common.collect.ImmutableSortedAsList                                 : loaded 3 times (x 180B)
Class dagger.internal.codegen.validation.BindsInstanceMethodValidator$Validator       : loaded 3 times (x 75B)
Class com.android.tools.build.jetifier.core.proguard.ProGuardTypesMap                 : loaded 3 times (x 70B)
Class com.sun.xml.bind.v2.runtime.unmarshaller.UnmarshallerImpl                       : loaded 3 times (x 137B)
Class com.sun.xml.bind.v2.runtime.reflect.TransducedAccessor$CompositeTransducedAccessorImpl: loaded 3 times (x 77B)
Class dagger.spi.internal.shaded.kotlinx.metadata.internal.metadata.ProtoBuf$Constructor: loaded 3 times (x 122B)
Class dagger.spi.internal.shaded.kotlinx.metadata.internal.metadata.ProtoBuf$Annotation$1: loaded 3 times (x 142B)
Class com.sun.xml.bind.v2.model.impl.ERPropertyInfoImpl                               : loaded 3 times (x 106B)
Class dagger.spi.internal.shaded.androidx.room.compiler.processing.javac.JavacTypeElement$enclosingElement$2: loaded 3 times (x 77B)
Class dagger.spi.internal.shaded.androidx.room.compiler.processing.javac.kotlin.KotlinClassMetadataUtilsKt: loaded 3 times (x 69B)
Class com.sun.xml.bind.v2.model.core.RegistryInfo                                     : loaded 3 times (x 68B)
Class dagger.internal.codegen.validation.SpiModelBindingGraphConverter$DaggerProcessingEnvImpl: loaded 3 times (x 74B)
Class androidx.room.compiler.processing.XBasicAnnotationProcessor                     : loaded 3 times (x 68B)
Class dagger.spi.internal.shaded.kotlinx.metadata.KmDeclarationContainerVisitor       : loaded 3 times (x 75B)
Class com.android.tools.build.jetifier.core.PackageMap$PackageRule                    : loaded 3 times (x 70B)
Class dagger.spi.internal.shaded.kotlinx.metadata.KmClassExtensionVisitor             : loaded 3 times (x 68B)
Class dagger.spi.internal.shaded.androidx.room.compiler.processing.ksp.KSTypeJavaPoetExtKt$typeVarNameConstructor$2: loaded 3 times (x 76B)
Class dagger.spi.internal.shaded.auto.common.MoreTypes$AsElementVisitor               : loaded 3 times (x 99B)
Class dagger.spi.internal.shaded.androidx.room.compiler.processing.JavaPoetExtKt      : loaded 3 times (x 69B)
Class dagger.spi.internal.shaded.auto.common.MoreTypes                                : loaded 3 times (x 69B)
Class [Ldagger.internal.codegen.compileroption.ProcessingEnvironmentCompilerOptions$Validation;: loaded 3 times (x 67B)
Class dagger.spi.internal.shaded.androidx.room.jarjarred.kotlinx.metadata.internal.metadata.ProtoBuf$Visibility$1: loaded 3 times (x 72B)
Class dagger.spi.model.DaggerProcessingEnv$Backend                                    : loaded 3 times (x 77B)
Class dagger.internal.codegen.writing.ModuleProxies_ModuleConstructorProxyGenerator_Factory: loaded 3 times (x 75B)
Class dagger.spi.internal.shaded.androidx.room.compiler.processing.javac.JavacAnnotationValueKt$UNWRAP_VISITOR$1: loaded 3 times (x 101B)
Class javax.activation.DataSource                                                     : loaded 3 times (x 68B)
Class dagger.hilt.processor.internal.Processors                                       : loaded 3 times (x 69B)
Class dagger.spi.internal.shaded.androidx.room.jarjarred.kotlinx.metadata.internal.protobuf.GeneratedMessageLite$Builder: loaded 3 times (x 126B)
Class org.apache.commons.io.filefilter.ConditionalFileFilter                          : loaded 3 times (x 68B)
Class com.sun.xml.bind.v2.runtime.JAXBContextImpl$JAXBContextBuilder                  : loaded 3 times (x 84B)
Class dagger.hilt.processor.internal.originatingelement.OriginatingElementProcessingStep: loaded 3 times (x 85B)
Class javax.xml.bind.annotation.XmlValue                                              : loaded 3 times (x 68B)
Class dagger.hilt.processor.internal.kotlin.DaggerKotlinMetadataUtils_MetadataComponent$MetadataComponentImpl: loaded 3 times (x 73B)
Class dagger.spi.internal.shaded.auto.common.Overrides                                : loaded 3 times (x 70B)
Class com.google.common.base.Suppliers$SupplierOfInstance                             : loaded 3 times (x 77B)
Class dagger.spi.internal.shaded.kotlinx.metadata.internal.metadata.jvm.JvmProtoBuf$StringTableTypes$1: loaded 3 times (x 142B)
Class dagger.spi.internal.shaded.androidx.room.jarjarred.kotlinx.metadata.internal.metadata.jvm.JvmProtoBuf$StringTableTypes$Record$Operation: loaded 3 times (x 80B)
Class dagger.spi.internal.shaded.androidx.room.compiler.processing.XProcessingEnv$Backend: loaded 3 times (x 77B)
Class [Lcom.sun.xml.bind.v2.model.core.PropertyKind;                                  : loaded 3 times (x 67B)
Class dagger.hilt.processor.internal.root.RootProcessingStep                          : loaded 3 times (x 85B)
Class dagger.spi.internal.shaded.androidx.room.jarjarred.kotlinx.metadata.internal.metadata.ProtoBuf$Class$Kind: loaded 3 times (x 80B)
Class dagger.spi.internal.shaded.kotlinx.metadata.internal.metadata.ProtoBuf$Type$Argument$Projection: loaded 3 times (x 80B)
Class com.google.common.collect.AbstractMapBasedMultimap$KeySet$1                     : loaded 3 times (x 80B)
Class dagger.internal.codegen.validation.BindingMethodValidatorsModule_IndexValidatorsFactory: loaded 3 times (x 75B)
Class dagger.internal.codegen.xprocessing.XTypes$TypeResolutionVisitor                : loaded 3 times (x 99B)
Class dagger.spi.internal.shaded.androidx.room.compiler.processing.XEnumEntry         : loaded 3 times (x 68B)
Class com.sun.xml.bind.v2.model.core.AttributePropertyInfo                            : loaded 3 times (x 68B)
Class dagger.spi.internal.shaded.kotlinx.metadata.internal.protobuf.LiteralByteString : loaded 3 times (x 110B)
Class dagger.internal.codegen.DaggerDelegateComponentProcessor_Injector$Factory       : loaded 3 times (x 72B)
Class com.android.tools.build.jetifier.core.utils.LogConsumer                         : loaded 3 times (x 68B)
Class dagger.internal.codegen.bindinggraphvalidation.MapMultibindingValidator         : loaded 3 times (x 83B)
Class dagger.spi.internal.shaded.kotlinx.metadata.jvm.KotlinClassMetadata             : loaded 3 times (x 70B)
Class com.sun.xml.bind.v2.runtime.unmarshaller.TextLoader                             : loaded 3 times (x 76B)
Class dagger.spi.internal.shaded.androidx.room.compiler.processing.javac.kotlin.JvmDescriptorTypeVisitor$visitExecutable$parameterDescriptors$1: loaded 3 times (x 77B)
Class dagger.spi.internal.shaded.androidx.room.compiler.processing.javac.JavacAnnotation: loaded 3 times (x 137B)
Class dagger.internal.codegen.bindinggraphvalidation.CompositeBindingGraphPlugin_Factory: loaded 3 times (x 70B)
Class com.sun.xml.bind.v2.model.runtime.RuntimeValuePropertyInfo                      : loaded 3 times (x 68B)
Class dagger.internal.codegen.processingstep.MonitoringModuleProcessingStep           : loaded 3 times (x 84B)
Class com.google.common.collect.LinkedHashMultimapGwtSerializationDependencies        : loaded 3 times (x 172B)
Class com.google.common.collect.Maps$FilteredEntryMap$EntrySet$1$1                    : loaded 3 times (x 85B)
Class kotlin.text.DelimitedRangesSequence                                             : loaded 3 times (x 73B)
Class dagger.spi.internal.shaded.androidx.room.compiler.processing.javac.JavacExecutableElement$thrownTypes$2: loaded 3 times (x 77B)
Class dagger.spi.internal.shaded.androidx.room.jarjarred.kotlinx.metadata.Attributes$isReified$2: loaded 3 times (x 135B)
Class dagger.internal.codegen.validation.BindingElementValidator$ElementValidator     : loaded 3 times (x 75B)
Class dagger.spi.internal.shaded.androidx.room.compiler.processing.javac.JavacFieldElement$setter$2: loaded 3 times (x 77B)
Class dagger.internal.codegen.binding.BindingGraphConverter_Factory                   : loaded 3 times (x 75B)
Class dagger.internal.codegen.validation.ValidationReport                             : loaded 3 times (x 70B)
Class com.squareup.javapoet.ClassName$1                                               : loaded 3 times (x 95B)
Class dagger.spi.internal.shaded.androidx.room.compiler.processing.javac.ElementExtKt : loaded 3 times (x 69B)
Class javax.xml.bind.annotation.XmlElement                                            : loaded 3 times (x 68B)
Class androidx.room.Database                                                          : loaded 3 times (x 68B)
Class dagger.spi.internal.shaded.androidx.room.jarjarred.kotlinx.metadata.internal.metadata.ProtoBuf$ClassOrBuilder: loaded 3 times (x 68B)
Class dagger.spi.internal.shaded.kotlinx.metadata.internal.metadata.ProtoBuf$VersionRequirementTableOrBuilder: loaded 3 times (x 68B)
Class javax.xml.bind.annotation.XmlEnum                                               : loaded 3 times (x 68B)
Class com.google.common.collect.ReverseNaturalOrdering                                : loaded 3 times (x 112B)
Class com.sun.xml.bind.v2.runtime.reflect.Accessor$SetterOnlyReflection               : loaded 3 times (x 83B)
Class org.apache.commons.io.function.IOFunction                                       : loaded 3 times (x 68B)
Class dagger.spi.internal.shaded.androidx.room.compiler.codegen.XTypeName$Companion   : loaded 3 times (x 69B)
Class dagger.spi.internal.shaded.androidx.room.jarjarred.kotlinx.metadata.internal.metadata.jvm.JvmProtoBuf$JvmMethodSignature: loaded 3 times (x 106B)
Class dagger.internal.codegen.binding.BindsTypeChecker                                : loaded 3 times (x 70B)
Class dagger.spi.internal.shaded.androidx.room.jarjarred.kotlinx.metadata.Attributes$modality$10: loaded 3 times (x 135B)
Class dagger.spi.internal.shaded.androidx.room.compiler.processing.javac.JavacAnnotation$annotationValues$2: loaded 3 times (x 77B)
Class dagger.hilt.processor.internal.uninstallmodules.UninstallModulesProcessingStep  : loaded 3 times (x 85B)
Class dagger.internal.codegen.processingstep.InjectProcessingStep                     : loaded 3 times (x 84B)
Class com.android.tools.build.jetifier.core.rule.RewriteRulesMap$Companion            : loaded 3 times (x 69B)
Class dagger.spi.internal.shaded.kotlinx.metadata.internal.metadata.jvm.JvmProtoBuf$JvmPropertySignature$Builder: loaded 3 times (x 139B)
Class com.android.tools.build.jetifier.core.proguard.ProGuardType                     : loaded 3 times (x 70B)
Class dagger.spi.internal.shaded.androidx.room.jarjarred.kotlinx.metadata.jvm.KotlinClassMetadata: loaded 3 times (x 70B)
Class dagger.spi.internal.shaded.androidx.room.compiler.processing.javac.JavacDeclaredType$typeArguments$2: loaded 3 times (x 77B)
Class dagger.internal.codegen.compileroption.ProcessingEnvironmentCompilerOptions$Validation$1: loaded 3 times (x 91B)
Class android.databinding.annotationprocessor.ProcessDataBinding                      : loaded 3 times (x 85B)
Class dagger.spi.internal.shaded.androidx.room.jarjarred.kotlinx.metadata.Attributes$modality$14: loaded 3 times (x 135B)
Class dagger.hilt.processor.internal.aggregateddeps.AggregatedDepsProcessingStep      : loaded 3 times (x 85B)
Class dagger.spi.internal.shaded.androidx.room.jarjarred.kotlinx.metadata.internal.extensions.KmFunctionExtension: loaded 3 times (x 68B)
Class com.sun.xml.bind.v2.model.annotation.XmlEnumQuick                               : loaded 3 times (x 89B)
Class dagger.internal.codegen.validation.BindsOptionalOfMethodValidator_Factory       : loaded 3 times (x 75B)
Class [Lcom.google.gson.stream.JsonToken;                                             : loaded 3 times (x 67B)
Class [Lcom.google.gson.ToNumberPolicy;                                               : loaded 3 times (x 67B)
Class com.sun.xml.bind.Util                                                           : loaded 3 times (x 69B)
Class com.google.gson.internal.bind.TypeAdapters                                      : loaded 3 times (x 69B)
Class dagger.spi.internal.shaded.androidx.room.jarjarred.kotlinx.metadata.internal.metadata.jvm.JvmProtoBuf$StringTableTypes$1: loaded 3 times (x 142B)
Class dagger.internal.codegen.binding.DependencyRequestFactory                        : loaded 3 times (x 70B)
Class com.google.common.collect.FluentIterable                                        : loaded 3 times (x 79B)
Class dagger.internal.codegen.processingstep.TypeCheckingProcessingStep_MembersInjector: loaded 3 times (x 73B)
Class dagger.hilt.android.processor.internal.androidentrypoint.AndroidEntryPointMetadata: loaded 3 times (x 89B)
Class dagger.spi.internal.shaded.kotlinx.metadata.internal.extensions.KmExtension     : loaded 3 times (x 68B)
Class com.sun.xml.bind.v2.model.core.MaybeElement                                     : loaded 3 times (x 68B)
Class dagger.spi.internal.shaded.androidx.room.jarjarred.kotlinx.metadata.internal.metadata.ProtoBuf$Type$Argument$Projection: loaded 3 times (x 80B)
Class com.sun.xml.bind.v2.runtime.property.PropertyFactory$1                          : loaded 3 times (x 69B)
Class com.sun.xml.bind.v2.model.runtime.RuntimeClassInfo                              : loaded 3 times (x 68B)
Class com.sun.xml.bind.v2.model.core.EnumLeafInfo                                     : loaded 3 times (x 68B)
Class dagger.spi.internal.shaded.androidx.room.compiler.processing.javac.JavacAnnotationValueKt$UNWRAP_VISITOR$1$visitArray$1$1: loaded 3 times (x 77B)
Class dagger.internal.codegen.componentgenerator.ComponentGenerator                   : loaded 3 times (x 75B)
Class dagger.spi.internal.shaded.auto.common.AnnotationMirrors                        : loaded 3 times (x 69B)
Class dagger.spi.internal.shaded.androidx.room.compiler.processing.javac.JavacConstructorElement$kotlinMetadata$2: loaded 3 times (x 77B)
Class [Ldagger.spi.internal.shaded.androidx.room.jarjarred.kotlinx.metadata.internal.metadata.ProtoBuf$Class$Kind;: loaded 3 times (x 67B)
Class com.google.gson.internal.bind.ReflectiveTypeAdapterFactory$BoundField           : loaded 3 times (x 73B)
Class dagger.spi.internal.shaded.kotlinx.metadata.internal.metadata.jvm.JvmProtoBuf$JvmMethodSignatureOrBuilder: loaded 3 times (x 68B)
Class javax.xml.bind.annotation.XmlSchemaType                                         : loaded 3 times (x 68B)
Class com.sun.xml.bind.v2.util.QNameMap$Entry                                         : loaded 3 times (x 70B)
Class dagger.spi.internal.shaded.androidx.room.jarjarred.kotlinx.metadata.internal.metadata.jvm.JvmProtoBuf$JvmPropertySignature$1: loaded 3 times (x 142B)
Class com.google.common.collect.Iterables$5                                           : loaded 3 times (x 79B)
Class dagger.internal.codegen.xprocessing.XAnnotations$1                              : loaded 3 times (x 82B)
Class dagger.spi.internal.shaded.androidx.room.compiler.processing.XFieldElement      : loaded 3 times (x 68B)
Class dagger.spi.internal.shaded.kotlinx.metadata.KmDeclarationContainerExtensionVisitor: loaded 3 times (x 68B)
Class dagger.internal.codegen.xprocessing.XElements                                   : loaded 3 times (x 69B)
Class [Ldagger.spi.internal.shaded.androidx.room.jarjarred.kotlinx.metadata.internal.metadata.jvm.JvmProtoBuf$StringTableTypes$Record$Operation;: loaded 3 times (x 67B)
Class dagger.spi.internal.shaded.androidx.room.jarjarred.kotlinx.metadata.KmClassExtensionVisitor: loaded 3 times (x 68B)
Class dagger.spi.internal.shaded.androidx.room.compiler.processing.javac.JavacProcessingEnv$Companion: loaded 3 times (x 69B)
Class androidx.room.compiler.processing.XProcessingEnv                                : loaded 3 times (x 68B)
Class dagger.internal.codegen.binding.BindingDeclaration                              : loaded 3 times (x 72B)
Class com.google.gson.internal.bind.MapTypeAdapterFactory                             : loaded 3 times (x 73B)
Class dagger.spi.internal.shaded.androidx.room.jarjarred.kotlinx.metadata.internal.metadata.deserialization.Flags$FlagField: loaded 3 times (x 71B)
Class dagger.spi.internal.shaded.androidx.room.jarjarred.kotlinx.metadata.internal.metadata.ProtoBuf$VersionRequirement$Level$1: loaded 3 times (x 72B)
Class androidx.room.compiler.processing.javac.JavacProcessingEnv$typeElementStore$3   : loaded 3 times (x 77B)
Class android.databinding.tool.writer.AnnotationJavaFileWriter                        : loaded 3 times (x 73B)
Class com.google.gson.internal.$Gson$Types$GenericArrayTypeImpl                       : loaded 3 times (x 77B)
Class com.google.common.collect.UsingToStringOrdering                                 : loaded 3 times (x 112B)
Class com.google.common.collect.ImmutableSetMultimap$Builder                          : loaded 3 times (x 81B)
Class dagger.spi.internal.shaded.androidx.room.compiler.processing.javac.JavacTypeElement$qualifiedName$2: loaded 3 times (x 77B)
Class androidx.room.compiler.processing.javac.JavacProcessingEnv$typeElementStore$2   : loaded 3 times (x 76B)
Class dagger.internal.codegen.validation.AnyBindingMethodValidator                    : loaded 3 times (x 73B)
Class dagger.spi.internal.shaded.kotlinx.metadata.internal.metadata.ProtoBuf$TypeTable: loaded 3 times (x 107B)
Class dagger.internal.codegen.kotlin.$AutoValue_KotlinMetadata                        : loaded 3 times (x 78B)
Class androidx.room.compiler.processing.javac.JavacProcessingEnv$typeElementStore$1   : loaded 3 times (x 77B)
Class dagger.spi.internal.shaded.androidx.room.jarjarred.kotlinx.metadata.KmTypeExtensionVisitor: loaded 3 times (x 68B)
Class dagger.spi.internal.shaded.androidx.room.compiler.processing.javac.JavacTypeElement$Companion: loaded 3 times (x 69B)
Class com.sun.xml.bind.v2.model.annotation.RuntimeInlineAnnotationReader              : loaded 3 times (x 104B)
Class dagger.spi.internal.shaded.androidx.room.compiler.processing.javac.DefaultJavacType$equalityItems$2: loaded 3 times (x 77B)
Class dagger.spi.internal.shaded.androidx.room.jarjarred.kotlinx.metadata.internal.metadata.deserialization.NameResolver: loaded 3 times (x 68B)
Class com.google.gson.internal.LinkedTreeMap$LinkedTreeMapIterator                    : loaded 3 times (x 78B)
Class javax.xml.bind.annotation.XmlIDREF                                              : loaded 3 times (x 68B)
Class org.apache.commons.io.FilenameUtils                                             : loaded 3 times (x 69B)
Class dagger.spi.internal.shaded.androidx.room.jarjarred.kotlinx.metadata.jvm.JvmPropertyExtensionVisitor$Companion: loaded 3 times (x 69B)
Class dagger.spi.internal.shaded.androidx.room.compiler.processing.javac.JavacExecutableElement$jvmDescriptor$2: loaded 3 times (x 77B)
Class dagger.spi.internal.shaded.androidx.room.compiler.processing.javac.JavacExecutableElement: loaded 3 times (x 221B)
Class dagger.spi.internal.shaded.androidx.room.jarjarred.kotlinx.metadata.KmTypeProjection$Companion: loaded 3 times (x 69B)
Class com.sun.xml.bind.v2.model.core.ArrayInfo                                        : loaded 3 times (x 68B)
Class dagger.spi.internal.shaded.androidx.room.jarjarred.kotlinx.metadata.jvm.JvmConstructorExtensionVisitor$Companion: loaded 3 times (x 69B)
Class dagger.spi.internal.shaded.androidx.room.jarjarred.kotlinx.metadata.Attributes$visibility$18: loaded 3 times (x 135B)
Class dagger.internal.codegen.binding.Binding                                         : loaded 3 times (x 81B)
Class dagger.internal.Preconditions                                                   : loaded 3 times (x 69B)
Class dagger.internal.codegen.validation.BindingElementValidator$AllowsScoping        : loaded 3 times (x 77B)
Class androidx.room.util.SimpleJavaVersion$compareTo$$inlined$compareBy$1             : loaded 3 times (x 87B)
Class com.sun.xml.bind.v2.runtime.reflect.TransducedAccessor$CompositeContextDependentTransducedAccessorImpl: loaded 3 times (x 77B)
Class com.sun.xml.bind.v2.runtime.reflect.DefaultTransducedAccessor                   : loaded 3 times (x 77B)
Class com.google.common.cache.LoadingCache                                            : loaded 3 times (x 68B)
Class dagger.internal.codegen.processingstep.AssistedProcessingStep                   : loaded 3 times (x 84B)
Class dagger.spi.internal.shaded.androidx.room.compiler.processing.InternalXAnnotationValue: loaded 3 times (x 153B)
Class dagger.internal.codegen.validation.BindsInstanceMethodValidator                 : loaded 3 times (x 76B)
Class dagger.internal.codegen.validation.BindsMethodValidator_Factory                 : loaded 3 times (x 75B)
Class dagger.spi.internal.shaded.androidx.room.jarjarred.kotlinx.metadata.internal.FlagDelegatesImplKt$classBooleanFlag$1: loaded 3 times (x 135B)
Class org.apache.commons.io.file.PathFilter                                           : loaded 3 times (x 68B)
Class com.sun.xml.bind.v2.runtime.JaxBeanInfo                                         : loaded 3 times (x 87B)
Class com.sun.xml.bind.v2.runtime.reflect.TransducedAccessor$IDREFTransducedAccessorImpl: loaded 3 times (x 78B)
Class dagger.hilt.android.processor.internal.viewmodel.ViewModelProcessingStep        : loaded 3 times (x 85B)
Class dagger.spi.internal.shaded.kotlinx.metadata.internal.metadata.jvm.JvmProtoBuf$JvmMethodSignature: loaded 3 times (x 106B)
Class dagger.spi.internal.shaded.androidx.room.jarjarred.kotlinx.metadata.internal.metadata.ProtoBuf$TypeParameter$Variance$1: loaded 3 times (x 72B)
Class com.sun.xml.bind.v2.runtime.reflect.TransducedAccessor                          : loaded 3 times (x 76B)
Class dagger.internal.codegen.bindinggraphvalidation.NullableBindingValidator_Factory : loaded 3 times (x 75B)
Class dagger.spi.internal.shaded.androidx.room.jarjarred.kotlinx.metadata.internal.metadata.deserialization.Flags$BooleanFlagField: loaded 3 times (x 74B)
Class dagger.spi.internal.shaded.kotlinx.metadata.internal.protobuf.SmallSortedMap$EmptySet$2: loaded 3 times (x 76B)
Class com.google.gson.stream.JsonToken                                                : loaded 3 times (x 77B)
Class com.google.gson.internal.reflect.ReflectionHelper$RecordSupportedHelper         : loaded 3 times (x 76B)
Class dagger.spi.internal.shaded.androidx.room.jarjarred.kotlinx.metadata.internal.protobuf.GeneratedMessageLite$ExtendableMessageOrBuilder: loaded 3 times (x 68B)
Class dagger.spi.internal.shaded.androidx.room.jarjarred.kotlinx.metadata.internal.metadata.ProtoBuf$Contract: loaded 3 times (x 105B)
Class [Lorg.apache.commons.io.IOCase;                                                 : loaded 3 times (x 67B)
Class androidx.room.processor.Context$Companion$ARG_OPTIONS$2                         : loaded 3 times (x 76B)
Class dagger.spi.internal.shaded.androidx.room.jarjarred.kotlinx.metadata.KmClassifier$Class: loaded 3 times (x 70B)
Class [Lcom.google.common.collect.Iterators$EmptyModifiableIterator;                  : loaded 3 times (x 67B)
Class dagger.spi.internal.shaded.androidx.room.jarjarred.kotlinx.metadata.internal.protobuf.GeneratedMessageLite$GeneratedExtension: loaded 3 times (x 77B)
Class dagger.spi.internal.shaded.androidx.room.jarjarred.kotlinx.metadata.internal.metadata.ProtoBuf$Class$1: loaded 3 times (x 142B)
Class com.google.gson.internal.bind.DefaultDateTypeAdapter$DateType                   : loaded 3 times (x 71B)
Class dagger.spi.internal.shaded.kotlinx.metadata.internal.protobuf.SmallSortedMap$EmptySet$1: loaded 3 times (x 76B)
Class com.squareup.javapoet.TypeSpec                                                  : loaded 3 times (x 70B)
Class dagger.spi.internal.shaded.androidx.room.compiler.processing.XMethodElement     : loaded 3 times (x 68B)
Class dagger.spi.internal.shaded.androidx.room.jarjarred.kotlinx.metadata.internal.protobuf.Internal$EnumLiteMap: loaded 3 times (x 68B)
Class dagger.spi.internal.shaded.androidx.room.jarjarred.kotlinx.metadata.internal.protobuf.ByteString$Output: loaded 3 times (x 84B)
Class com.squareup.kotlinpoet.Dynamic                                                 : loaded 3 times (x 84B)
Class android.databinding.tool.util.GenerationalClassUtil$load$2                      : loaded 2 times (x 77B)
Class [Ldagger.spi.internal.shaded.kotlinx.metadata.KmVersionRequirementVersionKind;  : loaded 2 times (x 67B)
Class android.databinding.tool.CompilerChef                                           : loaded 2 times (x 83B)
Class [Lcom.google.common.base.StandardSystemProperty;                                : loaded 2 times (x 67B)
Class android.databinding.tool.writer.LayoutBinderWriter$flagMapping$1                : loaded 2 times (x 77B)
Class net.rubygrapefruit.platform.internal.Platform$FreeBSD32Bit                      : loaded 2 times (x 80B)
Class dagger.internal.codegen.binding.SourceFiles$1                                   : loaded 2 times (x 69B)
Class dagger.spi.internal.shaded.kotlinx.metadata.internal.metadata.deserialization.Flags$FlagField: loaded 2 times (x 71B)
Class kotlin.jvm.internal.ArrayLongIterator                                           : loaded 2 times (x 81B)
Class android.databinding.tool.util.GenerationalClassUtil$load$1                      : loaded 2 times (x 77B)
Class android.databinding.tool.reflection.ModelClass$abstractMethods$2                : loaded 2 times (x 77B)
Class dagger.internal.codegen.binding.InjectionSiteFactory$InjectionSiteVisitor       : loaded 2 times (x 70B)
Class android.databinding.tool.util.FileUtil                                          : loaded 2 times (x 69B)
Class org.objectweb.asm.ClassVisitor                                                  : loaded 2 times (x 86B)
Class dagger.spi.internal.shaded.kotlinx.metadata.KmVersionRequirementVisitor         : loaded 2 times (x 73B)
Class android.databinding.tool.reflection.ModelClass$isObservableField$2              : loaded 2 times (x 77B)
Class dagger.spi.internal.shaded.kotlinx.metadata.internal.metadata.ProtoBuf$VersionRequirement$VersionKind: loaded 2 times (x 80B)
Class dagger.internal.codegen.model.DaggerType                                        : loaded 2 times (x 72B)
Class com.google.common.collect.MapMakerInternalMap$StrongKeyDummyValueEntry          : loaded 2 times (x 80B)
Class org.gradle.internal.service.ServiceLookupException                              : loaded 2 times (x 80B)
Class com.sun.xml.bind.v2.runtime.NamespaceContext2                                   : loaded 2 times (x 68B)
Class com.google.common.reflect.Types$JavaVersion                                     : loaded 2 times (x 81B)
Class [Lorg.objectweb.asm.SymbolTable$Entry;                                          : loaded 2 times (x 67B)
Class net.rubygrapefruit.platform.internal.Platform$Window64Bit                       : loaded 2 times (x 77B)
Class dagger.spi.internal.shaded.kotlinx.metadata.jvm.internal.JvmConstructorExtension: loaded 2 times (x 81B)
Class com.google.common.collect.MapMakerInternalMap$StrongKeyDummyValueSegment        : loaded 2 times (x 140B)
Class android.databinding.tool.CompilerChef$BindableHolder                            : loaded 2 times (x 68B)
Class kotlin.coroutines.Continuation                                                  : loaded 2 times (x 68B)
Class dagger.spi.internal.shaded.kotlinx.metadata.internal.metadata.ProtoBuf$VersionRequirement$VersionKind$1: loaded 2 times (x 72B)
Class com.google.common.io.ByteArrayDataInput                                         : loaded 2 times (x 68B)
Class android.databinding.tool.reflection.MutableImportBag                            : loaded 2 times (x 70B)
Class com.sun.xml.bind.v2.runtime.output.NamespaceContextImpl$1                       : loaded 2 times (x 73B)
Class android.databinding.tool.store.SetterStore$ViewBindingRootViewSetterCall        : loaded 2 times (x 88B)
Class android.databinding.tool.reflection.annotation.AnnotationClass$allMethods$2     : loaded 2 times (x 77B)
Class android.databinding.tool.util.StringUtils                                       : loaded 2 times (x 69B)
Class android.databinding.internal.org.antlr.v4.runtime.RuleContext                   : loaded 2 times (x 112B)
Class android.databinding.tool.writer.LayoutBinderWriter$declareIncludeViews$1        : loaded 2 times (x 77B)
Class android.databinding.tool.writer.LayoutBinderWriter$declareViews$1               : loaded 2 times (x 77B)
Class android.databinding.annotationprocessor.BindableBag                             : loaded 2 times (x 70B)
Class org.objectweb.asm.Edge                                                          : loaded 2 times (x 70B)
Class android.databinding.tool.reflection.ModelClass$isKotlinUnit$2                   : loaded 2 times (x 77B)
Class com.google.common.collect.Iterables$4                                           : loaded 2 times (x 79B)
Class [Landroid.databinding.tool.processing.scopes.LocationScopeProvider;             : loaded 2 times (x 67B)
Class com.google.common.collect.MapMakerInternalMap$StrongKeyDummyValueEntry$LinkedStrongKeyDummyValueEntry: loaded 2 times (x 80B)
Class org.gradle.cache.GlobalCache                                                    : loaded 2 times (x 68B)
Class android.databinding.tool.store.GenClassInfoLog$GenClass                         : loaded 2 times (x 70B)
Class com.google.common.collect.CollectSpliterators$1                                 : loaded 2 times (x 88B)
Class com.google.common.util.concurrent.AbstractFuture$Listener                       : loaded 2 times (x 70B)
Class android.databinding.tool.reflection.annotation.AnnotationTypeUtil$1             : loaded 2 times (x 69B)
Class android.databinding.tool.reflection.ModelAnalyzer$stringType$2                  : loaded 2 times (x 77B)
Class dagger.spi.internal.shaded.kotlinx.metadata.jvm.internal.JvmTypeExtension       : loaded 2 times (x 84B)
Class kotlin.coroutines.intrinsics.IntrinsicsKt__IntrinsicsJvmKt                      : loaded 2 times (x 69B)
Class org.gradle.api.internal.classpath.UnknownModuleException                        : loaded 2 times (x 80B)
Class org.objectweb.asm.ClassTooLargeException                                        : loaded 2 times (x 81B)
Class dagger.internal.codegen.writing.InjectionMethods                                : loaded 2 times (x 69B)
Class dagger.internal.codegen.binding.AutoValue_FrameworkField                        : loaded 2 times (x 72B)
Class android.databinding.tool.writer.LayoutBinderWriterKt$executePendingLocalName$2  : loaded 2 times (x 76B)
Class android.databinding.tool.writer.ExprModelExt                                    : loaded 2 times (x 70B)
Class android.databinding.tool.LibTypes$nullable$2                                    : loaded 2 times (x 77B)
Class com.google.common.cache.LocalCache$HashIterator                                 : loaded 2 times (x 84B)
Class com.sun.xml.bind.v2.runtime.output.IndentingUTF8XmlOutput                       : loaded 2 times (x 99B)
Class android.databinding.parser.BindingExpressionParser$RootLambdaContext            : loaded 2 times (x 131B)
Class dagger.internal.codegen.writing.InjectionMethods$InjectionSiteMethod            : loaded 2 times (x 69B)
Class android.databinding.tool.store.BindingAdapterStore$merge$$inlined$merge$1$1     : loaded 2 times (x 75B)
Class com.google.common.reflect.Types$ClassOwnership$3                                : loaded 2 times (x 69B)
Class dagger.spi.internal.shaded.kotlinx.metadata.internal.metadata.ProtoBuf$Class$Kind$1: loaded 2 times (x 72B)
Class android.databinding.tool.writer.Scope                                           : loaded 2 times (x 77B)
Class android.databinding.annotationprocessor.BindableBag$IdBag                       : loaded 2 times (x 70B)
Class [Landroid.databinding.tool.processing.scopes.ScopeProvider;                     : loaded 2 times (x 67B)
Class android.databinding.tool.store.SetterStore$1                                    : loaded 2 times (x 90B)
Class com.google.common.reflect.Types$ClassOwnership$2                                : loaded 2 times (x 78B)
Class [Lorg.gradle.api.internal.ClassPathProvider;                                    : loaded 2 times (x 67B)
Class com.google.common.reflect.Invokable                                             : loaded 2 times (x 99B)
Class com.google.common.util.concurrent.AbstractFuture$SafeAtomicHelper               : loaded 2 times (x 77B)
Class com.google.common.reflect.Types$ClassOwnership$1                                : loaded 2 times (x 78B)
Class [Ldagger.spi.internal.shaded.kotlinx.metadata.KmVariance;                       : loaded 2 times (x 67B)
Class org.objectweb.asm.RecordComponentVisitor                                        : loaded 2 times (x 75B)
Class android.databinding.tool.LibTypes$observableFields$2                            : loaded 2 times (x 77B)
Class android.databinding.tool.store.BindingAdapterStore$merge$$inlined$merge$5       : loaded 2 times (x 75B)
Class com.google.common.cache.RemovalCause$5                                          : loaded 2 times (x 78B)
Class com.google.common.collect.AbstractMapBasedMultiset                              : loaded 2 times (x 161B)
Class dagger.spi.internal.shaded.kotlinx.metadata.jvm.JvmTypeExtensionVisitor         : loaded 2 times (x 78B)
Class android.databinding.tool.store.BindingAdapterStore$merge$$inlined$merge$4       : loaded 2 times (x 75B)
Class android.databinding.tool.store.Location                                         : loaded 2 times (x 76B)
Class android.databinding.tool.reflection.RecursionTracker                            : loaded 2 times (x 70B)
Class com.google.common.cache.RemovalCause$4                                          : loaded 2 times (x 78B)
Class net.rubygrapefruit.platform.internal.Platform$FreeBSD                           : loaded 2 times (x 80B)
Class org.gradle.util.internal.GUtil                                                  : loaded 2 times (x 69B)
Class dagger.hilt.android.processor.internal.androidentrypoint.ServiceGenerator       : loaded 2 times (x 70B)
Class javax.xml.bind.helpers.AbstractMarshallerImpl                                   : loaded 2 times (x 123B)
Class android.databinding.tool.store.BindingAdapterStore$merge$$inlined$merge$3       : loaded 2 times (x 75B)
Class com.google.common.cache.RemovalCause$3                                          : loaded 2 times (x 78B)
Class android.databinding.tool.store.BindingAdapterStore$merge$$inlined$merge$2       : loaded 2 times (x 75B)
Class com.google.common.cache.RemovalCause$2                                          : loaded 2 times (x 78B)
Class net.rubygrapefruit.platform.internal.Platform$Unix                              : loaded 2 times (x 80B)
Class android.databinding.tool.reflection.annotation.AnnotationClass$componentType$2  : loaded 2 times (x 77B)
Class android.databinding.tool.store.BindingAdapterStore$merge$$inlined$merge$1       : loaded 2 times (x 75B)
Class com.google.common.cache.RemovalCause$1                                          : loaded 2 times (x 78B)
Class android.databinding.tool.store.SetterStore                                      : loaded 2 times (x 87B)
Class android.databinding.tool.writer.LayoutBinderWriter$variableSettersAndGetters$1  : loaded 2 times (x 77B)
Class android.databinding.tool.reflection.annotation.AnnotationClass$allFields$2      : loaded 2 times (x 77B)
Class android.databinding.tool.reflection.ModelClass$isList$2                         : loaded 2 times (x 77B)
Class android.databinding.tool.expr.MethodReferenceExpr                               : loaded 2 times (x 149B)
Class android.databinding.tool.writer.KCodeKt                                         : loaded 2 times (x 69B)
Class com.google.common.collect.MultimapBuilder$4                                     : loaded 2 times (x 82B)
Class com.google.common.collect.MultimapBuilder$3                                     : loaded 2 times (x 82B)
Class com.sun.xml.bind.v2.runtime.output.XmlOutput                                    : loaded 2 times (x 68B)
Class [Lcom.google.common.reflect.Types$JavaVersion;                                  : loaded 2 times (x 67B)
Class com.google.common.base.Functions$ConstantFunction                               : loaded 2 times (x 82B)
Class net.rubygrapefruit.platform.Process                                             : loaded 2 times (x 68B)
Class com.google.common.collect.MultimapBuilder$2                                     : loaded 2 times (x 81B)
Class org.gradle.internal.classloader.ClassLoaderSpec                                 : loaded 2 times (x 69B)
Class com.google.common.collect.MultimapBuilder$1                                     : loaded 2 times (x 81B)
Class android.databinding.tool.writer.LayoutBinderWriterKt$onChangeName$2             : loaded 2 times (x 76B)
Class android.databinding.tool.reflection.annotation.AnnotationClass$javaCodeRepresentation$2: loaded 2 times (x 77B)
Class com.google.common.io.LineReader                                                 : loaded 2 times (x 70B)
Class dagger.spi.internal.shaded.kotlinx.metadata.jvm.internal.JvmPropertyExtension   : loaded 2 times (x 86B)
Class com.google.common.io.LineProcessor                                              : loaded 2 times (x 68B)
Class net.rubygrapefruit.platform.internal.Platform                                   : loaded 2 times (x 77B)
Class android.databinding.tool.BindingTarget                                          : loaded 2 times (x 97B)
Class dagger.hilt.android.processor.internal.androidentrypoint.Generators$1           : loaded 2 times (x 69B)
Class org.gradle.api.internal.classpath.DefaultModuleRegistry$DefaultModule           : loaded 2 times (x 84B)
Class dagger.internal.codegen.javapoet.AnnotationSpecs$Suppression                    : loaded 2 times (x 77B)
Class com.google.common.collect.StandardTable                                         : loaded 2 times (x 122B)
Class android.databinding.parser.BindingExpressionParser$RootExprContext              : loaded 2 times (x 132B)
Class android.databinding.tool.LibTypes$dataBindingUtil$2                             : loaded 2 times (x 77B)
Class dagger.internal.codegen.model.AutoValue_DaggerAnnotation                        : loaded 2 times (x 75B)
Class com.google.common.collect.Interner                                              : loaded 2 times (x 68B)
Class android.databinding.tool.writer.LayoutBinderWriter$includedBinders$2            : loaded 2 times (x 77B)
Class com.google.common.collect.Multimaps$Entries                                     : loaded 2 times (x 116B)
Class android.databinding.internal.org.antlr.v4.runtime.TokenStream                   : loaded 2 times (x 68B)
Class android.databinding.tool.writer.LayoutBinderWriter$declareHasPendingBindings$1$1$1: loaded 2 times (x 77B)
Class com.google.common.io.CharSink                                                   : loaded 2 times (x 77B)
Class android.databinding.tool.writer.LayoutBinderWriter$executePendingBindings$1$1$1 : loaded 2 times (x 77B)
Class [Lorg.objectweb.asm.Symbol;                                                     : loaded 2 times (x 67B)
Class com.google.common.util.concurrent.AbstractFuture$Cancellation                   : loaded 2 times (x 70B)
Class android.databinding.tool.reflection.TypeUtil                                    : loaded 2 times (x 72B)
Class org.objectweb.asm.Frame                                                         : loaded 2 times (x 71B)
Class android.databinding.tool.store.SetterStore$MultiValueAdapterKey                 : loaded 2 times (x 75B)
Class android.databinding.tool.reflection.annotation.AnnotationClass$computedTypeName$2: loaded 2 times (x 77B)
Class dagger.spi.internal.shaded.kotlinx.metadata.KmVersion                           : loaded 2 times (x 69B)
Class android.databinding.parser.BindingExpressionParser$SingleLambdaParameterContext : loaded 2 times (x 131B)
Class com.google.common.collect.LinkedHashMultimap$ValueSet$1                         : loaded 2 times (x 80B)
Class org.gradle.api.internal.DefaultClassPathRegistry                                : loaded 2 times (x 74B)
Class android.databinding.tool.store.SetterStore$BindingGetterCall                    : loaded 2 times (x 68B)
Class android.databinding.tool.LibTypes$observableList$2                              : loaded 2 times (x 77B)
Class com.google.common.cache.LocalCache$ValueIterator                                : loaded 2 times (x 84B)
Class dagger.internal.codegen.javapoet.CodeBlocks                                     : loaded 2 times (x 69B)
Class dagger.internal.codegen.binding.AssistedInjectionAnnotations                    : loaded 2 times (x 69B)
Class net.rubygrapefruit.platform.NativeIntegrationUnavailableException               : loaded 2 times (x 80B)
Class dagger.spi.internal.shaded.kotlinx.metadata.internal.metadata.jvm.deserialization.JvmNameResolverBase$WhenMappings: loaded 2 times (x 69B)
Class org.apache.commons.io.file.Counters$Counter                                     : loaded 2 times (x 68B)
Class android.databinding.tool.expr.VersionProvider                                   : loaded 2 times (x 68B)
Class net.rubygrapefruit.platform.NativeIntegration                                   : loaded 2 times (x 68B)
Class [Lorg.apache.commons.io.FileSystem;                                             : loaded 2 times (x 67B)
Class com.google.common.reflect.TypeResolver                                          : loaded 2 times (x 70B)
Class com.sun.xml.bind.v2.runtime.XMLSerializer                                       : loaded 2 times (x 82B)
Class com.google.common.util.concurrent.AbstractFuture                                : loaded 2 times (x 93B)
Class [Lcom.google.common.collect.MapMakerInternalMap$Strength;                       : loaded 2 times (x 67B)
Class org.objectweb.asm.CurrentFrame                                                  : loaded 2 times (x 71B)
Class android.databinding.tool.reflection.ModelAnalyzer$dataBindingKtxClass$2         : loaded 2 times (x 77B)
Class android.databinding.annotationprocessor.ProcessBindable                         : loaded 2 times (x 77B)
Class org.gradle.internal.classloader.ClasspathUtil                                   : loaded 2 times (x 69B)
Class com.google.common.io.Java8Compatibility                                         : loaded 2 times (x 69B)
Class dagger.internal.codegen.kotlin.KotlinMetadata$ClassMetadata$Builder             : loaded 2 times (x 83B)
Class android.databinding.parser.BindingExpressionParser$GroupingContext              : loaded 2 times (x 131B)
Class com.google.common.util.concurrent.AbstractFuture$TrustedFuture                  : loaded 2 times (x 95B)
Class org.objectweb.asm.ClassReader                                                   : loaded 2 times (x 91B)
Class org.apache.commons.io.file.Counters$AbstractPathCounters                        : loaded 2 times (x 80B)
Class android.databinding.tool.reflection.ModelClass$isLiveData$2                     : loaded 2 times (x 77B)
Class dagger.internal.codegen.langmodel.Accessibility                                 : loaded 2 times (x 69B)
Class androidx.databinding.BindingConversion                                          : loaded 2 times (x 68B)
Class com.google.common.cache.RemovalCause                                            : loaded 2 times (x 78B)
Class [Landroid.databinding.tool.store.SetterStore$MethodDescription;                 : loaded 2 times (x 67B)
Class android.databinding.tool.store.BindingAdapterStore$merge$$inlined$merge$2$1     : loaded 2 times (x 75B)
Class dagger.spi.internal.shaded.kotlinx.metadata.NodesKt                             : loaded 2 times (x 69B)
Class net.rubygrapefruit.platform.internal.Platform$MacOs64Bit                        : loaded 2 times (x 80B)
Class android.databinding.parser.BindingExpressionParser$InstanceOfOpContext          : loaded 2 times (x 132B)
Class net.rubygrapefruit.platform.internal.Platform$Linux32Bit                        : loaded 2 times (x 81B)
Class com.google.common.base.Verify                                                   : loaded 2 times (x 69B)
Class com.sun.xml.bind.v2.util.XmlFactory                                             : loaded 2 times (x 69B)
Class org.objectweb.asm.Handler                                                       : loaded 2 times (x 70B)
Class android.databinding.tool.LibTypes$mutableStateFlow$2                            : loaded 2 times (x 76B)
Class kotlin.io.FilePathComponents                                                    : loaded 2 times (x 70B)
Class android.databinding.tool.writer.LayoutBinderWriter$declareInvalidateAll$1$1$1   : loaded 2 times (x 77B)
Class android.databinding.tool.writer.LayoutBinderWriter$declareBoundValues$1         : loaded 2 times (x 77B)
Class android.databinding.internal.org.antlr.v4.runtime.tree.RuleNode                 : loaded 2 times (x 68B)
Class [Ldagger.spi.internal.shaded.kotlinx.metadata.KmVersionRequirementLevel;        : loaded 2 times (x 67B)
Class android.databinding.annotationprocessor.ProcessExpressionsFromV1Compat          : loaded 2 times (x 70B)
Class com.google.common.collect.MapMakerInternalMap$InternalEntry                     : loaded 2 times (x 68B)
Class android.databinding.parser.BindingExpressionVisitor                             : loaded 2 times (x 68B)
Class android.databinding.tool.expr.Expr                                              : loaded 2 times (x 146B)
Class com.google.common.collect.AbstractMultiset                                      : loaded 2 times (x 157B)
Class dagger.spi.internal.shaded.kotlinx.metadata.internal.metadata.deserialization.Flags$BooleanFlagField: loaded 2 times (x 74B)
Class dagger.spi.internal.shaded.kotlinx.metadata.internal.ReadersKt                  : loaded 2 times (x 69B)
Class android.databinding.tool.reflection.ModelAnalyzer$observableFieldTypes$2        : loaded 2 times (x 77B)
Class android.databinding.tool.reflection.ModelAnalyzer$mutableStateFlowDataType$2    : loaded 2 times (x 77B)
Class org.apache.commons.io.file.Counters                                             : loaded 2 times (x 69B)
Class android.databinding.tool.reflection.ModelAnalyzer$observableMapType$2           : loaded 2 times (x 77B)
Class android.databinding.parser.BindingExpressionBaseVisitor                         : loaded 2 times (x 166B)
Class dagger.internal.codegen.model.BindingKind                                       : loaded 2 times (x 77B)
Class android.databinding.tool.reflection.InjectedClass$typeName$2                    : loaded 2 times (x 77B)
Class dagger.spi.internal.shaded.kotlinx.metadata.internal.metadata.ProtoBuf$VersionRequirement$Level: loaded 2 times (x 80B)
Class com.google.common.base.Functions                                                : loaded 2 times (x 69B)
Class android.databinding.tool.reflection.annotation.AnnotationClass$typeArguments$2  : loaded 2 times (x 77B)
Class com.google.common.collect.MultimapBuilder$ListMultimapBuilder                   : loaded 2 times (x 73B)
Class kotlin.collections.LongIterator                                                 : loaded 2 times (x 80B)
Class android.databinding.parser.BindingExpressionParser$FunctionRefContext           : loaded 2 times (x 132B)
Class dagger.spi.internal.shaded.kotlinx.metadata.KmValueParameterVisitor             : loaded 2 times (x 74B)
Class dagger.spi.internal.shaded.kotlinx.metadata.KmFunction                          : loaded 2 times (x 80B)
Class android.databinding.tool.writer.LayoutBinderWriter$write$1$1                    : loaded 2 times (x 77B)
Class dagger.spi.internal.shaded.kotlinx.metadata.internal.metadata.jvm.deserialization.JvmMemberSignature$Method: loaded 2 times (x 73B)
Class [Ldagger.internal.codegen.binding.MembersInjectionBinding$InjectionSite$Kind;   : loaded 2 times (x 67B)
Class com.google.common.io.Files$FileByteSink                                         : loaded 2 times (x 75B)
Class [Lcom.google.common.io.FileWriteMode;                                           : loaded 2 times (x 67B)
Class kotlin.coroutines.jvm.internal.RestrictedContinuationImpl                       : loaded 2 times (x 85B)
Class dagger.spi.internal.shaded.kotlinx.metadata.internal.metadata.deserialization.VersionRequirement$Version$Companion: loaded 2 times (x 69B)
Class android.databinding.tool.reflection.annotation.AnnotationClass$computedErasure$2: loaded 2 times (x 77B)
Class android.databinding.tool.reflection.annotation.AnnotationClass$computedJniDescription$2: loaded 2 times (x 77B)
Class android.databinding.tool.writer.LayoutBinderWriter$declareSetVariable$1$1       : loaded 2 times (x 77B)
Class org.gradle.api.UncheckedIOException                                             : loaded 2 times (x 80B)
Class kotlin.text.StringsKt__StringsKt$splitToSequence$2                              : loaded 2 times (x 77B)
Class com.google.common.collect.ImmutableList$SerializedForm                          : loaded 2 times (x 71B)
Class android.databinding.tool.writer.LayoutBinderWriterKt$shouldReadWithConditionalsFlagSet$2: loaded 2 times (x 76B)
Class com.google.common.cache.LocalCache$SoftValueReference                           : loaded 2 times (x 95B)
Class net.rubygrapefruit.platform.NativeIntegrationLinkageException                   : loaded 2 times (x 80B)
Class android.databinding.tool.processing.Scope$ScopeEntry                            : loaded 2 times (x 70B)
Class android.databinding.tool.writer.LayoutBinderWriter$executePendingBindings$1     : loaded 2 times (x 77B)
Class android.databinding.tool.store.BindingAdapterStore$merge$$inlined$merge$3$1     : loaded 2 times (x 75B)
Class android.databinding.tool.store.SetterStore$ModelMethodSetter                    : loaded 2 times (x 88B)
Class dagger.spi.internal.shaded.kotlinx.metadata.internal.metadata.deserialization.ProtoTypeTableUtilKt: loaded 2 times (x 69B)
Class com.google.common.base.AbstractIterator$1                                       : loaded 2 times (x 69B)
Class com.google.common.collect.Range                                                 : loaded 2 times (x 85B)
Class kotlin.streams.jdk8.StreamsKt                                                   : loaded 2 times (x 69B)
Class android.databinding.tool.reflection.annotation.AnnotationClass$computedUnbox$2  : loaded 2 times (x 77B)
Class android.databinding.internal.org.antlr.v4.runtime.TokenSource                   : loaded 2 times (x 68B)
Class android.databinding.tool.processing.scopes.LocationScopeProvider                : loaded 2 times (x 68B)
Class com.sun.xml.bind.v2.runtime.unmarshaller.IntData                                : loaded 2 times (x 87B)
Class com.google.common.collect.MapMakerInternalMap                                   : loaded 2 times (x 159B)
Class [Landroid.databinding.tool.reflection.ModelClass;                               : loaded 2 times (x 67B)
Class android.databinding.internal.org.antlr.v4.runtime.ParserRuleContext             : loaded 2 times (x 129B)
Class com.sun.xml.bind.v2.runtime.output.UTF8XmlOutput                                : loaded 2 times (x 98B)
Class dagger.spi.internal.shaded.kotlinx.metadata.internal.metadata.deserialization.VersionRequirementTable: loaded 2 times (x 70B)
Class org.objectweb.asm.ClassWriter                                                   : loaded 2 times (x 104B)
Class org.apache.commons.io.filefilter.SuffixFileFilter                               : loaded 2 times (x 114B)
Class net.rubygrapefruit.platform.internal.Platform$MacOs                             : loaded 2 times (x 80B)
Class dagger.internal.codegen.kotlin.KotlinMetadata$MethodForAnnotations              : loaded 2 times (x 70B)
Class android.databinding.internal.org.antlr.v4.runtime.CharStream                    : loaded 2 times (x 68B)
Class android.databinding.tool.writer.LayoutBinderWriter$declareHasPendingBindings$1  : loaded 2 times (x 77B)
Class com.google.common.io.LineReader$1                                               : loaded 2 times (x 73B)
Class android.databinding.tool.reflection.annotation.AnnotationClass$minApi$2         : loaded 2 times (x 77B)
Class dagger.spi.internal.shaded.kotlinx.metadata.internal.metadata.deserialization.VersionRequirement$Companion: loaded 2 times (x 69B)
Class net.rubygrapefruit.platform.internal.Platform$MacOs32Bit                        : loaded 2 times (x 80B)
Class android.databinding.tool.reflection.SdkUtil                                     : loaded 2 times (x 75B)
Class android.databinding.tool.reflection.ModelAnalyzer$observableListType$2          : loaded 2 times (x 77B)
Class android.databinding.tool.LibTypes$viewStubProxy$2                               : loaded 2 times (x 77B)
Class dagger.spi.internal.shaded.kotlinx.metadata.internal.metadata.ProtoBuf$Class$Kind: loaded 2 times (x 80B)
Class dagger.spi.internal.shaded.kotlinx.metadata.internal.metadata.ProtoBuf$Visibility$1: loaded 2 times (x 72B)
Class dagger.internal.codegen.binding.FrameworkField                                  : loaded 2 times (x 71B)
Class [Lcom.google.common.base.AbstractIterator$State;                                : loaded 2 times (x 67B)
Class com.google.common.collect.Interners$InternerBuilder                             : loaded 2 times (x 74B)
Class com.google.common.reflect.Types$TypeVariableImpl                                : loaded 2 times (x 70B)
Class [Landroid.databinding.tool.util.GenerationalClassUtil$ExtensionFilter;          : loaded 2 times (x 67B)
Class dagger.spi.internal.shaded.kotlinx.metadata.internal.metadata.deserialization.Flags: loaded 2 times (x 69B)
Class android.databinding.tool.expr.BitShiftExpr                                      : loaded 2 times (x 149B)
Class android.databinding.parser.BindingExpressionParser$CastOpContext                : loaded 2 times (x 132B)
Class com.google.common.base.Charsets                                                 : loaded 2 times (x 69B)
Class android.databinding.tool.store.ResourceBundle$IncludedLayout$Builder            : loaded 2 times (x 74B)
Class net.rubygrapefruit.platform.internal.Platform$FreeBSD64Bit                      : loaded 2 times (x 80B)
Class android.databinding.tool.writer.LayoutBinderWriter$declareListenerImpls$1       : loaded 2 times (x 77B)
Class org.objectweb.asm.SymbolTable                                                   : loaded 2 times (x 70B)
Class dagger.spi.internal.shaded.kotlinx.metadata.internal.metadata.ProtoBuf$VersionRequirement$1: loaded 2 times (x 142B)
Class dagger.internal.codegen.base.UniqueNameSet                                      : loaded 2 times (x 70B)
Class dagger.internal.codegen.binding.$AutoValue_MembersInjectionBinding_InjectionSite: loaded 2 times (x 75B)
Class dagger.internal.codegen.kotlin.KotlinMetadata$ValueParameterMetadata            : loaded 2 times (x 72B)
Class com.google.common.base.StandardSystemProperty                                   : loaded 2 times (x 77B)
Class com.google.common.collect.Multimaps$CustomListMultimap                          : loaded 2 times (x 172B)
Class [Lorg.objectweb.asm.AnnotationVisitor;                                          : loaded 2 times (x 67B)
Class com.google.common.util.concurrent.internal.InternalFutureFailureAccess          : loaded 2 times (x 70B)
Class android.databinding.tool.writer.LayoutBinderWriter$declareHasPendingBindings$1$1$1$1: loaded 2 times (x 76B)
Class com.google.common.io.LineBuffer                                                 : loaded 2 times (x 73B)
Class dagger.internal.codegen.kotlin.AutoValue_KotlinMetadata_PropertyMetadata        : loaded 2 times (x 76B)
Class com.google.common.collect.MultimapBuilder$SetMultimapBuilder                    : loaded 2 times (x 73B)
Class org.gradle.internal.classloader.SystemClassLoaderSpec                           : loaded 2 times (x 69B)
Class android.databinding.tool.writer.LayoutBinderWriter$declareDirtyFlags$1          : loaded 2 times (x 77B)
Class android.databinding.tool.writer.LayoutBinderWriter$write$1                      : loaded 2 times (x 77B)
Class android.databinding.tool.LibTypes$Companion                                     : loaded 2 times (x 69B)
Class android.databinding.tool.writer.LayoutBinderWriter$declareDirtyFlags$1$1$1      : loaded 2 times (x 77B)
Class android.databinding.tool.expr.ExprModel                                         : loaded 2 times (x 127B)
Class android.databinding.tool.writer.BindingMapperWriterV2$generateInnerBrLookup$1$1 : loaded 2 times (x 77B)
Class kotlin.coroutines.jvm.internal.BaseContinuationImpl                             : loaded 2 times (x 85B)
Class org.objectweb.asm.Attribute                                                     : loaded 2 times (x 75B)
Class dagger.internal.codegen.model.AutoValue_DaggerType                              : loaded 2 times (x 73B)
Class android.databinding.tool.writer.LayoutBinderWriterKt                            : loaded 2 times (x 69B)
Class org.apache.commons.io.filefilter.FileFileFilter                                 : loaded 2 times (x 114B)
Class android.databinding.tool.store.GenClassInfoLog                                  : loaded 2 times (x 70B)
Class dagger.spi.internal.shaded.kotlinx.metadata.internal.metadata.deserialization.VersionRequirement$Companion$WhenMappings: loaded 2 times (x 69B)
Class [Ldagger.spi.internal.shaded.kotlinx.metadata.internal.metadata.ProtoBuf$Modality;: loaded 2 times (x 67B)
Class dagger.internal.codegen.model.$AutoValue_Key                                    : loaded 2 times (x 78B)
Class android.databinding.tool.LibTypes$listClassNames$2                              : loaded 2 times (x 77B)
Class kotlin.sequences.SequencesKt__SequenceBuilderKt$sequence$$inlined$Sequence$1    : loaded 2 times (x 73B)
Class android.databinding.tool.store.GenClassInfoLog$GenClassImpl$Companion           : loaded 2 times (x 69B)
Class dagger.internal.codegen.model.AutoValue_DependencyRequest                       : loaded 2 times (x 74B)
Class org.gradle.internal.classloader.VisitableURLClassLoader                         : loaded 2 times (x 115B)
Class android.databinding.tool.reflection.ModelClass$canonicalName$2                  : loaded 2 times (x 77B)
Class android.databinding.tool.reflection.ModelClass$Companion                        : loaded 2 times (x 69B)
Class dagger.internal.codegen.writing.InjectionMethods$1                              : loaded 2 times (x 69B)
Class org.objectweb.asm.MethodTooLargeException                                       : loaded 2 times (x 81B)
Class android.databinding.parser.BindingExpressionParser$BindingSyntaxContext         : loaded 2 times (x 130B)
Class com.google.common.collect.Count                                                 : loaded 2 times (x 69B)
Class android.databinding.tool.reflection.ModelAnalyzer                               : loaded 2 times (x 75B)
Class com.sun.xml.bind.v2.util.CollisionCheckStack                                    : loaded 2 times (x 159B)
Class android.databinding.tool.writer.LayoutBinderWriter$executePendingBindings$1$1   : loaded 2 times (x 77B)
Class org.objectweb.asm.Opcodes                                                       : loaded 2 times (x 68B)
Class dagger.internal.codegen.extension.Optionals                                     : loaded 2 times (x 69B)
Class android.databinding.tool.reflection.ModelClass$isViewBinding$2                  : loaded 2 times (x 77B)
Class com.google.common.reflect.TypeResolver$TypeTable$1                              : loaded 2 times (x 71B)
Class org.apache.commons.io.file.AccumulatorPathVisitor                               : loaded 2 times (x 93B)
Class android.databinding.tool.store.BindingAdapterStore                              : loaded 2 times (x 73B)
Class [Lkotlin.coroutines.intrinsics.CoroutineSingletons;                             : loaded 2 times (x 67B)
Class android.databinding.annotationprocessor.ProcessExpressions$IntermediateV1       : loaded 2 times (x 79B)
Class android.databinding.tool.util.GenerationalClassUtil                             : loaded 2 times (x 70B)
Class android.databinding.tool.LibTypes$lifecycleOwner$2                              : loaded 2 times (x 77B)
Class dagger.spi.internal.shaded.kotlinx.metadata.internal.metadata.deserialization.VersionRequirementTable$Companion: loaded 2 times (x 69B)
Class com.google.common.collect.HashBiMap$BiEntry                                     : loaded 2 times (x 81B)
Class android.databinding.tool.store.BindingAdapterStore$merge$$inlined$merge$4$1     : loaded 2 times (x 75B)
Class dagger.internal.codegen.base.FrameworkTypes                                     : loaded 2 times (x 69B)
Class android.databinding.annotationprocessor.ProcessExpressions$IntermediateV2       : loaded 2 times (x 80B)
Class dagger.spi.internal.shaded.kotlinx.metadata.internal.metadata.ProtoBuf$Modality$1: loaded 2 times (x 72B)
Class [Ldagger.spi.internal.shaded.kotlinx.metadata.internal.metadata.ProtoBuf$Expression$ConstantValue;: loaded 2 times (x 67B)
Class org.apache.commons.io.function.IOSupplier                                       : loaded 2 times (x 68B)
Class android.databinding.tool.ext.ExtKt                                              : loaded 2 times (x 69B)
Class android.databinding.parser.BindingExpressionParser$StringLiteralContext         : loaded 2 times (x 131B)
Class dagger.internal.codegen.model.DaggerElement                                     : loaded 2 times (x 71B)
Class android.databinding.tool.ExpressionVisitor                                      : loaded 2 times (x 193B)
Class dagger.internal.codegen.model.$AutoValue_Key$Builder                            : loaded 2 times (x 76B)
Class net.rubygrapefruit.platform.internal.jni.NativeLibraryFunctions                 : loaded 2 times (x 69B)
Class android.databinding.tool.util.SymbolTableUtil                                   : loaded 2 times (x 69B)
Class org.apache.commons.io.file.CountingPathVisitor                                  : loaded 2 times (x 89B)
Class com.google.common.util.concurrent.AbstractFuture$AtomicHelper                   : loaded 2 times (x 76B)
Class org.objectweb.asm.SymbolTable$Entry                                             : loaded 2 times (x 72B)
Class kotlin.jvm.internal.ArrayIteratorsKt                                            : loaded 2 times (x 69B)
Class com.google.common.collect.Lists$RandomAccessReverseList                         : loaded 2 times (x 160B)
Class org.gradle.internal.Cast                                                        : loaded 2 times (x 69B)
Class dagger.spi.internal.shaded.kotlinx.metadata.internal.metadata.deserialization.TypeTable: loaded 2 times (x 70B)
Class android.databinding.internal.org.antlr.v4.runtime.ANTLRErrorListener            : loaded 2 times (x 68B)
Class com.google.common.reflect.Types$ClassOwnership$1LocalClass                      : loaded 2 times (x 69B)
Class android.databinding.annotationprocessor.ProcessBindable$Intermediate            : loaded 2 times (x 68B)
Class android.databinding.tool.LayoutBinder$1                                         : loaded 2 times (x 89B)
Class android.databinding.tool.expr.ViewFieldExpr                                     : loaded 2 times (x 152B)
Class android.databinding.tool.writer.LayoutBinderWriter$declareCallbackImplementations$1: loaded 2 times (x 77B)
Class com.google.common.reflect.TypeParameter                                         : loaded 2 times (x 70B)
Class [Ldagger.spi.internal.shaded.kotlinx.metadata.internal.metadata.ProtoBuf$Effect$InvocationKind;: loaded 2 times (x 67B)
Class com.google.common.hash.PrimitiveSink                                            : loaded 2 times (x 68B)
Class android.databinding.tool.LibTypes$viewBinding$2                                 : loaded 2 times (x 77B)
Class dagger.spi.internal.shaded.kotlinx.metadata.internal.metadata.ProtoBuf$Visibility: loaded 2 times (x 80B)
Class dagger.spi.internal.shaded.kotlinx.metadata.jvm.JvmFieldSignature               : loaded 2 times (x 73B)
Class android.databinding.tool.expr.TwoWayListenerExpr                                : loaded 2 times (x 146B)
Class org.apache.commons.io.FileSystem                                                : loaded 2 times (x 78B)
Class android.databinding.tool.writer.LayoutBinderWriter$variables$2                  : loaded 2 times (x 77B)
Class dagger.hilt.processor.internal.aggregateddeps.PkgPrivateMetadata                : loaded 2 times (x 73B)
Class android.databinding.tool.LayoutBinder                                           : loaded 2 times (x 95B)
Class dagger.spi.internal.shaded.kotlinx.metadata.jvm.JvmConstructorExtensionVisitor$Companion: loaded 2 times (x 69B)
Class android.databinding.tool.expr.ResourceExpr                                      : loaded 2 times (x 147B)
Class com.google.common.collect.MultimapBuilder$ArrayListSupplier                     : loaded 2 times (x 75B)
Class android.databinding.tool.LibTypes$viewDataBinding$2                             : loaded 2 times (x 77B)
Class android.databinding.internal.org.antlr.v4.runtime.tree.AbstractParseTreeVisitor : loaded 2 times (x 82B)
Class com.google.common.collect.CollectCollectors                                     : loaded 2 times (x 69B)
Class dagger.spi.internal.shaded.kotlinx.metadata.internal.metadata.jvm.deserialization.ClassMapperLite: loaded 2 times (x 69B)
Class org.apache.commons.io.file.SimplePathVisitor                                    : loaded 2 times (x 83B)
Class android.databinding.tool.reflection.ModelAnalyzer$viewStubProxyType$2           : loaded 2 times (x 77B)
Class android.databinding.tool.store.BindingAdapterStore$Companion                    : loaded 2 times (x 69B)
Class com.google.common.util.concurrent.AbstractFuture$SetFuture                      : loaded 2 times (x 73B)
Class org.gradle.api.internal.ClassPathRegistry                                       : loaded 2 times (x 68B)
Class android.databinding.tool.writer.KCode$Appendix                                  : loaded 2 times (x 70B)
Class com.google.common.collect.AbstractMapBasedMultimap$2                            : loaded 2 times (x 83B)
Class android.databinding.tool.expr.MethodBaseExpr                                    : loaded 2 times (x 149B)
Class com.google.common.collect.RegularImmutableBiMap$Inverse                         : loaded 2 times (x 141B)
Class com.sun.xml.bind.marshaller.CharacterEscapeHandler                              : loaded 2 times (x 68B)
Class android.databinding.tool.writer.BindingMapperWriterV2$Companion                 : loaded 2 times (x 69B)
Class android.databinding.tool.processing.Scope                                       : loaded 2 times (x 69B)
Class com.google.common.collect.MapMakerInternalMap$1                                 : loaded 2 times (x 81B)
Class androidx.databinding.InverseBindingMethods                                      : loaded 2 times (x 68B)
Class android.databinding.tool.writer.Scope$Companion                                 : loaded 2 times (x 69B)
Class android.databinding.tool.reflection.ImportBag                                   : loaded 2 times (x 70B)
Class android.databinding.tool.store.BindingAdapterStore$merge$$inlined$merge$5$1     : loaded 2 times (x 75B)
Class org.gradle.internal.classpath.DefaultClassPath                                  : loaded 2 times (x 88B)
Class android.databinding.tool.writer.LayoutBinderWriterKt$listenerClassName$2        : loaded 2 times (x 76B)
Class android.databinding.tool.reflection.ModelClass$isString$2                       : loaded 2 times (x 77B)
Class org.objectweb.asm.Handle                                                        : loaded 2 times (x 70B)
Class android.databinding.tool.store.SetterStore$InverseMethodDescription             : loaded 2 times (x 75B)
Class android.databinding.tool.expr.FieldAccessExpr                                   : loaded 2 times (x 157B)
Class net.rubygrapefruit.platform.internal.Platform$Linux64Bit                        : loaded 2 times (x 81B)
Class org.gradle.internal.classloader.VisitableURLClassLoader$InstrumentingVisitableURLClassLoader: loaded 2 times (x 121B)
Class [Ldagger.internal.codegen.javapoet.AnnotationSpecs$Suppression;                 : loaded 2 times (x 67B)
Class dagger.internal.DaggerGenerated                                                 : loaded 2 times (x 68B)
Class android.databinding.annotationprocessor.ProcessExpressionsFromV1Compat$Companion: loaded 2 times (x 69B)
Class kotlin.coroutines.jvm.internal.DebugProbesKt                                    : loaded 2 times (x 69B)
Class org.gradle.internal.classloader.ClassLoaderHierarchy                            : loaded 2 times (x 68B)
Class android.databinding.tool.writer.LayoutBinderWriter$declareCallbackInstances$1   : loaded 2 times (x 77B)
Class [Landroid.databinding.tool.expr.VersionProvider;                                : loaded 2 times (x 67B)
Class android.databinding.annotationprocessor.ProcessExpressions$Intermediate         : loaded 2 times (x 68B)
Class org.gradle.internal.service.CachingServiceLocator                               : loaded 2 times (x 80B)
Class [Lorg.objectweb.asm.AnnotationWriter;                                           : loaded 2 times (x 67B)
Class [Landroid.databinding.annotationprocessor.ProcessDataBinding$ProcessingStep;    : loaded 2 times (x 67B)
Class android.databinding.tool.reflection.ModelClass$extendsViewStub$2                : loaded 2 times (x 77B)
Class com.sun.xml.bind.v2.runtime.output.NamespaceContextImpl                         : loaded 2 times (x 79B)
Class dagger.internal.codegen.binding.FrameworkType$1                                 : loaded 2 times (x 82B)
Class com.google.common.reflect.Types$ClassOwnership                                  : loaded 2 times (x 78B)
Class dagger.internal.codegen.xprocessing.XTypeElements                               : loaded 2 times (x 69B)
Class com.google.common.reflect.Types$TypeVariableInvocationHandler                   : loaded 2 times (x 73B)
Class com.google.common.collect.FluentIterable$3$1                                    : loaded 2 times (x 96B)
Class dagger.internal.codegen.binding.FrameworkType$2                                 : loaded 2 times (x 82B)
Class dagger.internal.codegen.model.AutoValue_Key                                     : loaded 2 times (x 78B)
Class dagger.spi.internal.shaded.kotlinx.metadata.internal.metadata.ProtoBuf$Effect$InvocationKind: loaded 2 times (x 80B)
Class com.google.common.collect.MapMakerInternalMap$Segment                           : loaded 2 times (x 140B)
Class android.databinding.tool.writer.LayoutBinderWriterKt$readableName$2             : loaded 2 times (x 76B)
Class org.apache.commons.io.file.DeleteOption                                         : loaded 2 times (x 68B)
Class net.rubygrapefruit.platform.internal.NativeLibraryLoader                        : loaded 2 times (x 71B)
Class dagger.spi.internal.shaded.kotlinx.metadata.KmFunctionExtensionVisitor          : loaded 2 times (x 68B)
Class dagger.internal.codegen.binding.FrameworkType$3                                 : loaded 2 times (x 69B)
Class android.databinding.tool.writer.LayoutBinderWriter$declareIncludeViews$1$1      : loaded 2 times (x 77B)
Class android.databinding.tool.LibTypes$inverseBindingListener$2                      : loaded 2 times (x 77B)
Class dagger.spi.internal.shaded.kotlinx.metadata.KmPropertyExtensionVisitor          : loaded 2 times (x 68B)
Class android.databinding.tool.writer.KCode$Companion                                 : loaded 2 times (x 69B)
Class android.databinding.tool.writer.LayoutBinderWriterKt$readableName$5             : loaded 2 times (x 76B)
Class com.google.common.collect.Multimaps$CustomSetMultimap                           : loaded 2 times (x 176B)
Class com.google.common.io.ByteSource$ByteArrayByteSource                             : loaded 2 times (x 83B)
Class android.databinding.tool.writer.LayoutBinderWriter$declareVariables$1           : loaded 2 times (x 77B)
Class org.gradle.api.internal.classpath.Module                                        : loaded 2 times (x 68B)
Class android.databinding.parser.BindingExpressionParser$QuestionQuestionOpContext    : loaded 2 times (x 132B)
Class org.gradle.internal.installation.CurrentGradleInstallationLocator               : loaded 2 times (x 69B)
Class org.gradle.internal.agents.InstrumentingClassLoader                             : loaded 2 times (x 68B)
Class com.sun.xml.bind.v2.runtime.output.NamespaceContextImpl$Element                 : loaded 2 times (x 70B)
Class android.databinding.tool.writer.LayoutBinderWriter$declareInvalidateAll$1$1     : loaded 2 times (x 77B)
Class com.google.common.collect.MapMakerInternalMap$Strength$2                        : loaded 2 times (x 78B)
Class com.google.common.collect.Iterators$ConcatenatedIterator                        : loaded 2 times (x 80B)
Class org.gradle.internal.installation.CurrentGradleInstallation                      : loaded 2 times (x 71B)
Class com.google.common.collect.MapMakerInternalMap$Strength$1                        : loaded 2 times (x 78B)
Class dagger.internal.codegen.model.AutoValue_DaggerElement                           : loaded 2 times (x 72B)
Class dagger.internal.codegen.extension.DaggerCollectors                              : loaded 2 times (x 69B)
Class android.databinding.tool.writer.KCode$block$1                                   : loaded 2 times (x 77B)
Class dagger.internal.codegen.model.DaggerAnnotation                                  : loaded 2 times (x 74B)
Class com.google.common.collect.Interners                                             : loaded 2 times (x 69B)
Class android.databinding.tool.store.SetterStore$SetterCall                           : loaded 2 times (x 88B)
Class [Ldagger.internal.codegen.model.BindingKind;                                    : loaded 2 times (x 67B)
Class android.databinding.tool.util.GenerationalClassUtil$IgnoreSerialIdObjectInputStream: loaded 2 times (x 143B)
Class net.rubygrapefruit.platform.internal.Platform$Unsupported                       : loaded 2 times (x 77B)
Class dagger.spi.internal.shaded.kotlinx.metadata.KmClassifier$Class                  : loaded 2 times (x 70B)
Class android.databinding.internal.org.antlr.v4.runtime.tree.ParseTreeVisitor         : loaded 2 times (x 68B)
Class com.google.common.io.CharStreams                                                : loaded 2 times (x 69B)
Class dagger.spi.internal.shaded.kotlinx.metadata.internal.ReadUtilsKt                : loaded 2 times (x 69B)
Class android.databinding.tool.store.GenClassInfoLog$GenClassImpl                     : loaded 2 times (x 70B)
Class com.google.common.collect.Lists$ReverseList                                     : loaded 2 times (x 160B)
Class android.databinding.tool.store.ResourceBundle$LayoutFileBundle                  : loaded 2 times (x 101B)
Class com.google.common.io.Files                                                      : loaded 2 times (x 69B)
Class dagger.spi.internal.shaded.androidx.room.compiler.processing.javac.JavacTypeElement$JavacEnumTypeElement$entries$2: loaded 2 times (x 77B)
Class android.databinding.tool.reflection.annotation.AnnotationAnalyzer               : loaded 2 times (x 79B)
Class com.google.common.io.Closer$Suppressor                                          : loaded 2 times (x 68B)
Class android.databinding.tool.writer.LayoutBinderWriter$callbacks$2                  : loaded 2 times (x 77B)
Class android.databinding.tool.reflection.ModelClass$isMap$2                          : loaded 2 times (x 77B)
Class dagger.spi.internal.shaded.androidx.room.compiler.processing.XPackageElement    : loaded 2 times (x 68B)
Class org.gradle.api.internal.classpath.EffectiveClassPath                            : loaded 2 times (x 88B)
Class android.databinding.tool.writer.LayoutBinderWriter$declareInverseBindingImpls$1 : loaded 2 times (x 77B)
Class [Lorg.objectweb.asm.Attribute;                                                  : loaded 2 times (x 67B)
Class net.rubygrapefruit.platform.internal.NativeLibraryLocator                       : loaded 2 times (x 71B)
Class com.google.auto.common.MoreTypes                                                : loaded 2 times (x 69B)
Class android.databinding.tool.util.FileUtil$listAndSortFiles$$inlined$sortedBy$1     : loaded 2 times (x 87B)
Class dagger.spi.internal.shaded.kotlinx.metadata.internal.metadata.deserialization.ProtoBufUtilKt: loaded 2 times (x 69B)
Class android.databinding.tool.CompilerArguments$Companion$stringToFileList$1         : loaded 2 times (x 76B)
Class dagger.internal.codegen.validation.DependencyRequestValidator$Validator         : loaded 2 times (x 70B)
Class android.databinding.tool.util.FileUtil$listAndSortFiles$$inlined$sortedBy$2     : loaded 2 times (x 87B)
Class com.google.common.collect.RangeGwtSerializationDependencies                     : loaded 2 times (x 69B)
Class dagger.spi.internal.shaded.kotlinx.metadata.internal.metadata.ProtoBuf$Modality : loaded 2 times (x 80B)
Class org.apache.commons.io.function.IOBiFunction                                     : loaded 2 times (x 68B)
Class android.databinding.tool.reflection.ModelClass$isObject$2                       : loaded 2 times (x 77B)
Class dagger.spi.internal.shaded.kotlinx.metadata.internal.metadata.ProtoBuf$MemberKind$1: loaded 2 times (x 72B)
Class dagger.spi.internal.shaded.kotlinx.metadata.internal.metadata.jvm.deserialization.JvmMemberSignature$Field: loaded 2 times (x 73B)
Class net.rubygrapefruit.platform.internal.LibraryDef                                 : loaded 2 times (x 70B)
Class [Lorg.objectweb.asm.Type;                                                       : loaded 2 times (x 67B)
Class android.databinding.tool.store.ResourceBundle$IncludedLayout                    : loaded 2 times (x 70B)
Class android.databinding.tool.reflection.ModelAnalyzer$objectType$2                  : loaded 2 times (x 77B)
Class com.google.common.collect.MapMakerInternalMap$StrongKeyDummyValueEntry$Helper   : loaded 2 times (x 77B)
Class androidx.databinding.BindingMethods                                             : loaded 2 times (x 68B)
Class android.databinding.tool.reflection.ClassFinderCache$CacheKey                   : loaded 2 times (x 70B)
Class android.databinding.tool.LibTypes$bindingAdapter$2                              : loaded 2 times (x 77B)
Class android.databinding.parser.BindingExpressionParser$UnaryOpContext               : loaded 2 times (x 131B)
Class com.google.common.collect.MultimapBuilder$SortedSetMultimapBuilder              : loaded 2 times (x 75B)
Class com.google.common.collect.MapMakerInternalMap$WeakValueReference                : loaded 2 times (x 68B)
Class org.gradle.internal.IoActions                                                   : loaded 2 times (x 69B)
Class android.databinding.tool.writer.FlagSet                                         : loaded 2 times (x 80B)
Class net.rubygrapefruit.platform.internal.Platform$Windows                           : loaded 2 times (x 77B)
Class androidx.databinding.InverseBindingAdapter                                      : loaded 2 times (x 68B)
Class com.google.common.collect.Lists$ReverseList$1                                   : loaded 2 times (x 97B)
Class com.google.common.base.AbstractIterator$State                                   : loaded 2 times (x 77B)
Class [Lnet.rubygrapefruit.platform.internal.FunctionResult$Failure;                  : loaded 2 times (x 67B)
Class android.databinding.tool.writer.LayoutBinderWriter$declareSetLifecycleOwnerOverride$1: loaded 2 times (x 77B)
Class android.databinding.tool.reflection.annotation.AnnotationClass$isGeneric$2      : loaded 2 times (x 77B)
Class android.databinding.tool.writer.LayoutBinderWriterKt$oldValueName$2             : loaded 2 times (x 76B)
Class android.databinding.tool.writer.LayoutBinderWriterKt$getterName$2               : loaded 2 times (x 76B)
Class android.databinding.tool.expr.StaticIdentifierExpr                              : loaded 2 times (x 151B)
Class android.databinding.parser.BindingExpressionParser$IdentifierContext            : loaded 2 times (x 130B)
Class android.databinding.tool.ext.Replacement                                        : loaded 2 times (x 70B)
Class com.sun.xml.bind.marshaller.XMLWriter                                           : loaded 2 times (x 165B)
Class android.databinding.tool.writer.KCode                                           : loaded 2 times (x 70B)
Class [Landroid.databinding.tool.expr.Expr;                                           : loaded 2 times (x 67B)
Class dagger.spi.internal.shaded.kotlinx.metadata.jvm.JvmMethodSignature              : loaded 2 times (x 73B)
Class dagger.internal.codegen.base.RequestKinds$1                                     : loaded 2 times (x 69B)
Class dagger.internal.codegen.binding.BindingType                                     : loaded 2 times (x 77B)
Class kotlin.coroutines.CoroutineContext                                              : loaded 2 times (x 68B)
Class android.databinding.tool.LibTypes$observable$2                                  : loaded 2 times (x 77B)
Class dagger.spi.internal.shaded.kotlinx.metadata.KmVersionRequirementVersionKind     : loaded 2 times (x 77B)
Class com.google.common.util.concurrent.AbstractFuture$UnsafeAtomicHelper             : loaded 2 times (x 76B)
Class android.databinding.tool.reflection.ModelAnalyzer$Companion                     : loaded 2 times (x 69B)
Class com.google.common.collect.MapMakerInternalMap$StrongValueEntry                  : loaded 2 times (x 68B)
Class android.databinding.tool.util.RelativizableFile                                 : loaded 2 times (x 70B)
Class com.sun.xml.bind.v2.runtime.MarshallerImpl                                      : loaded 2 times (x 126B)
Class dagger.internal.codegen.kotlin.KotlinMetadata$BaseMetadata$Builder              : loaded 2 times (x 68B)
Class android.databinding.tool.expr.ArgListExpr                                       : loaded 2 times (x 147B)
Class android.databinding.tool.writer.BindingMapperWriterV2$createLocalizedLayoutIds$1$2: loaded 2 times (x 77B)
Class com.google.common.collect.MapMaker$Dummy                                        : loaded 2 times (x 77B)
Class android.databinding.tool.Context                                                : loaded 2 times (x 69B)
Class com.google.common.util.concurrent.ListenableFuture                              : loaded 2 times (x 68B)
Class android.databinding.tool.writer.LayoutBinderWriter$mDirtyFlags$2                : loaded 2 times (x 77B)
Class dagger.internal.codegen.binding.AutoValue_MembersInjectionBinding               : loaded 2 times (x 83B)
Class dagger.spi.internal.shaded.kotlinx.metadata.KmVersionRequirement                : loaded 2 times (x 73B)
Class org.gradle.internal.InternalTransformer                                         : loaded 2 times (x 68B)
Class org.apache.commons.io.function.Uncheck                                          : loaded 2 times (x 69B)
Class org.apache.commons.io.filefilter.OrFileFilter                                   : loaded 2 times (x 125B)
Class org.apache.commons.io.file.Counters$NoopPathCounters                            : loaded 2 times (x 80B)
Class com.google.common.collect.RangeSet                                              : loaded 2 times (x 68B)
Class dagger.spi.internal.shaded.kotlinx.metadata.internal.ReadContext                : loaded 2 times (x 70B)
Class android.databinding.tool.reflection.ModelClass$isViewDataBinding$2              : loaded 2 times (x 77B)
Class org.gradle.api.specs.Spec                                                       : loaded 2 times (x 68B)
Class org.gradle.api.internal.classpath.ManifestUtil                                  : loaded 2 times (x 69B)
Class android.databinding.tool.writer.LayoutBinderWriterKt$callbackLocalName$2        : loaded 2 times (x 76B)
Class [Ldagger.spi.internal.shaded.kotlinx.metadata.internal.metadata.ProtoBuf$Visibility;: loaded 2 times (x 67B)
Class android.databinding.tool.reflection.ModelClass$simpleName$2                     : loaded 2 times (x 77B)
Class kotlin.coroutines.EmptyCoroutineContext                                         : loaded 2 times (x 75B)
Class android.databinding.tool.writer.LayoutBinderWriter                              : loaded 2 times (x 70B)
Class com.google.common.util.concurrent.Uninterruptibles                              : loaded 2 times (x 69B)
Class com.google.common.util.concurrent.AbstractFuture$Waiter                         : loaded 2 times (x 70B)
Class androidx.databinding.InverseMethod                                              : loaded 2 times (x 68B)
Class android.databinding.annotationprocessor.AnnotationUtil                          : loaded 2 times (x 69B)
Class dagger.spi.internal.shaded.kotlinx.metadata.KmFunctionVisitor                   : loaded 2 times (x 79B)
Class org.gradle.internal.service.ServiceLocator                                      : loaded 2 times (x 68B)
Class org.gradle.internal.classloader.ClassLoaderFactory                              : loaded 2 times (x 68B)
Class dagger.spi.internal.shaded.kotlinx.metadata.KmValueParameter                    : loaded 2 times (x 75B)
Class android.databinding.parser.BindingExpressionParser$BitShiftOpContext            : loaded 2 times (x 132B)
Class android.databinding.tool.writer.BindingMapperWriterV2$generateInnerLayoutIdLookup$1$1: loaded 2 times (x 77B)
Class dagger.spi.internal.shaded.kotlinx.metadata.internal.metadata.ProtoBuf$Expression$ConstantValue: loaded 2 times (x 80B)
Class Settings_gradle$1                                                               : loaded 2 times (x 72B)
Class android.databinding.tool.reflection.RecursiveResolutionStack$items$1            : loaded 2 times (x 72B)
Class com.google.common.reflect.TypeToken                                             : loaded 2 times (x 71B)
Class android.databinding.tool.expr.IdentifierExpr                                    : loaded 2 times (x 151B)
Class android.databinding.tool.LibTypes$bindable$2                                    : loaded 2 times (x 77B)
Class net.rubygrapefruit.platform.internal.Platform$Linux                             : loaded 2 times (x 81B)
Class android.databinding.tool.reflection.ModelAnalyzer$viewStubType$2                : loaded 2 times (x 77B)
Class org.objectweb.asm.Symbol                                                        : loaded 2 times (x 71B)
Class android.databinding.tool.writer.LayoutBinderWriter$onFieldChange$1$1$1          : loaded 2 times (x 77B)
Class android.databinding.tool.reflection.annotation.AnnotationTypeUtil               : loaded 2 times (x 75B)
Class org.objectweb.asm.FieldVisitor                                                  : loaded 2 times (x 75B)
Class dagger.internal.codegen.extension.DaggerCollectors$ToOptionalState              : loaded 2 times (x 70B)
Class com.google.common.collect.ImmutableRangeSet$1                                   : loaded 2 times (x 169B)
Class com.google.common.util.concurrent.SettableFuture                                : loaded 2 times (x 95B)
Class dagger.internal.codegen.model.DependencyRequest                                 : loaded 2 times (x 73B)
Class dagger.spi.internal.shaded.kotlinx.metadata.KmTypeProjection                    : loaded 2 times (x 70B)
Class com.google.common.collect.MultimapBuilder$MultimapBuilderWithKeys               : loaded 2 times (x 80B)
Class dagger.internal.codegen.binding.AutoValue_Nullability                           : loaded 2 times (x 72B)
Class android.databinding.tool.store.GenClassInfoLog$Companion                        : loaded 2 times (x 69B)
Class dagger.internal.codegen.kotlin.AutoValue_KotlinMetadata_FunctionMetadata        : loaded 2 times (x 75B)
Class com.google.common.collect.HashMultiset                                          : loaded 2 times (x 161B)
Class dagger.internal.codegen.javapoet.AnnotationSpecs                                : loaded 2 times (x 69B)
Class kotlin.text.StringsKt__StringsKt$rangesDelimitedBy$1                            : loaded 2 times (x 77B)
Class net.rubygrapefruit.platform.NativeException                                     : loaded 2 times (x 80B)
Class com.google.common.collect.Maps$FilteredEntryMap$KeySet                          : loaded 2 times (x 135B)
Class net.rubygrapefruit.platform.internal.Platform$Posix                             : loaded 2 times (x 79B)
Class net.rubygrapefruit.platform.Native                                              : loaded 2 times (x 69B)
Class com.google.common.io.Files$2                                                    : loaded 2 times (x 74B)
Class android.databinding.tool.util.GenerationalClassUtil$ExtensionFilter             : loaded 2 times (x 78B)
Class android.databinding.tool.expr.SymbolExpr                                        : loaded 2 times (x 147B)
Class dagger.spi.internal.shaded.kotlinx.metadata.KmClassifier                        : loaded 2 times (x 69B)
Class android.databinding.tool.LibTypes$typeRewriter$2                                : loaded 2 times (x 76B)
Class dagger.spi.internal.shaded.kotlinx.metadata.internal.ReadersKt$WhenMappings     : loaded 2 times (x 69B)
Class android.databinding.tool.LibTypes$dataBindingComponent$2                        : loaded 2 times (x 77B)
Class android.databinding.annotationprocessor.BindableBag$Companion                   : loaded 2 times (x 69B)
Class android.databinding.tool.LibTypes$observableMap$2                               : loaded 2 times (x 77B)
Class dagger.internal.codegen.base.Keys                                               : loaded 2 times (x 69B)
Class com.google.common.io.ByteSource$AsCharSource                                    : loaded 2 times (x 84B)
Class android.databinding.tool.ext.XmlResourceReference                               : loaded 2 times (x 70B)
Class dagger.spi.internal.shaded.kotlinx.metadata.jvm.JvmPropertyExtensionVisitor     : loaded 2 times (x 80B)
Class android.databinding.annotationprocessor.ProcessDataBinding$1                    : loaded 2 times (x 76B)
Class com.google.common.reflect.Types$ParameterizedTypeImpl                           : loaded 2 times (x 79B)
Class android.databinding.parser.BindingExpressionParser$GlobalMethodInvocationContext: loaded 2 times (x 132B)
Class net.rubygrapefruit.platform.internal.Platform$Window32Bit                       : loaded 2 times (x 77B)
Class org.gradle.internal.classloader.ClasspathUtil$1                                 : loaded 2 times (x 74B)
Class android.databinding.tool.writer.LayoutBinderWriterKt$shouldReadFlagSet$2        : loaded 2 times (x 76B)
Class org.objectweb.asm.ModuleWriter                                                  : loaded 2 times (x 80B)
Class com.google.common.io.ByteStreams                                                : loaded 2 times (x 69B)
Class dagger.spi.internal.shaded.kotlinx.metadata.jvm.JvmExtensionsKt                 : loaded 2 times (x 69B)
Class android.databinding.tool.reflection.RecursiveResolutionStack$items$1$1          : loaded 2 times (x 76B)
Class android.databinding.internal.org.antlr.v4.runtime.IntStream                     : loaded 2 times (x 68B)
Class android.databinding.tool.store.SetterStore$InverseDescription                   : loaded 2 times (x 75B)
Class android.databinding.tool.LibTypes$liveData$2                                    : loaded 2 times (x 77B)
Class dagger.spi.internal.shaded.kotlinx.metadata.jvm.JvmFunctionExtensionVisitor     : loaded 2 times (x 78B)
Class kotlin.coroutines.jvm.internal.CoroutineStackFrame                              : loaded 2 times (x 68B)
Class androidx.databinding.Bindable                                                   : loaded 2 times (x 68B)
Class org.gradle.api.internal.ClassPathProvider                                       : loaded 2 times (x 68B)
Class dagger.spi.internal.shaded.kotlinx.metadata.internal.extensions.ExtensionUtilsKt: loaded 2 times (x 69B)
Class dagger.spi.internal.shaded.kotlinx.metadata.internal.extensions.KmConstructorExtension: loaded 2 times (x 68B)
Class dagger.spi.internal.shaded.kotlinx.metadata.jvm.JvmTypeExtensionVisitor$Companion: loaded 2 times (x 69B)
Class android.databinding.tool.reflection.annotation.AnnotationClass                  : loaded 2 times (x 103B)
Class com.google.common.collect.ImmutableRangeSet                                     : loaded 2 times (x 113B)
Class dagger.spi.internal.shaded.kotlinx.metadata.internal.metadata.deserialization.VersionRequirement$Version: loaded 2 times (x 69B)
Class android.databinding.tool.reflection.annotation.AnnotationClass$isInterface$2    : loaded 2 times (x 77B)
Class android.databinding.tool.store.SetterStore$MethodDescription                    : loaded 2 times (x 75B)
Class android.databinding.tool.reflection.ModelAnalyzer$classFinderCache$1            : loaded 2 times (x 77B)
Class [Ldagger.internal.codegen.xprocessing.XTypeElements$Visibility;                 : loaded 2 times (x 67B)
Class android.databinding.tool.store.SetterStore$AccessorKey                          : loaded 2 times (x 75B)
Class android.databinding.tool.reflection.ClassFinderCache                            : loaded 2 times (x 70B)
Class com.sun.xml.bind.v2.util.XmlFactory$1                                           : loaded 2 times (x 74B)
Class dagger.spi.internal.shaded.kotlinx.metadata.internal.extensions.KmPropertyExtension: loaded 2 times (x 68B)
Class com.sun.xml.bind.marshaller.DataWriter                                          : loaded 2 times (x 169B)
Class android.databinding.tool.reflection.annotation.AnnotationClass$computedCanonicalName$2: loaded 2 times (x 77B)
Class kotlin.collections.ArrayAsCollection                                            : loaded 2 times (x 103B)
Class dagger.internal.codegen.kotlin.KotlinMetadata$PropertyMetadata                  : loaded 2 times (x 75B)
Class androidx.databinding.BindingAdapter                                             : loaded 2 times (x 68B)
Class org.objectweb.asm.ByteVector                                                    : loaded 2 times (x 77B)
Class com.google.common.reflect.TypeToken$2                                           : loaded 2 times (x 106B)
Class com.google.common.reflect.TypeToken$1                                           : loaded 2 times (x 106B)
Class dagger.spi.internal.shaded.kotlinx.metadata.internal.extensions.KmFunctionExtension: loaded 2 times (x 68B)
Class dagger.internal.codegen.model.DependencyRequest$Builder                         : loaded 2 times (x 74B)
Class android.databinding.tool.expr.ListenerExpr                                      : loaded 2 times (x 149B)
Class com.google.common.collect.MapMaker                                              : loaded 2 times (x 70B)
Class com.google.common.collect.HashBiMap                                             : loaded 2 times (x 141B)
Class [Ldagger.spi.internal.shaded.kotlinx.metadata.internal.metadata.ProtoBuf$Class$Kind;: loaded 2 times (x 67B)
Class org.gradle.api.internal.classpath.ModuleRegistry                                : loaded 2 times (x 68B)
Class android.databinding.tool.writer.ComponentWriter                                 : loaded 2 times (x 71B)
Class dagger.spi.internal.shaded.androidx.room.compiler.processing.XEnumTypeElementKt : loaded 2 times (x 69B)
Class dagger.internal.codegen.binding.MembersInjectionBinding$InjectionSite$Kind      : loaded 2 times (x 77B)
Class android.databinding.tool.store.ResourceBundle$BindingTargetBundle$BindingBundle : loaded 2 times (x 80B)
Class org.gradle.api.GradleException                                                  : loaded 2 times (x 80B)
Class android.databinding.annotationprocessor.BindableBag$ModuleBR                    : loaded 2 times (x 70B)
Class android.databinding.annotationprocessor.ProcessMethodAdapters                   : loaded 2 times (x 73B)
Class org.gradle.internal.classloader.VisitableURLClassLoader$Spec                    : loaded 2 times (x 72B)
Class dagger.spi.internal.shaded.kotlinx.metadata.internal.metadata.deserialization.VersionRequirement: loaded 2 times (x 70B)
Class android.databinding.tool.reflection.ModelAnalyzer$stateFlowType$2               : loaded 2 times (x 77B)
Class android.databinding.internal.org.antlr.v4.runtime.tree.Tree                     : loaded 2 times (x 68B)
Class com.google.common.reflect.Types$JavaVersion$1                                   : loaded 2 times (x 81B)
Class dagger.spi.internal.shaded.kotlinx.metadata.KmVariance                          : loaded 2 times (x 77B)
Class android.databinding.annotationprocessor.ProcessBindable$IntermediateV1          : loaded 2 times (x 80B)
Class android.databinding.tool.processing.scopes.ScopeProvider                        : loaded 2 times (x 68B)
Class kotlin.sequences.SequenceScope                                                  : loaded 2 times (x 71B)
Class com.google.common.reflect.Types$JavaVersion$2                                   : loaded 2 times (x 81B)
Class android.databinding.tool.reflection.ModelAnalyzer$viewDataBindingType$2         : loaded 2 times (x 77B)
Class org.objectweb.asm.RecordComponentWriter                                         : loaded 2 times (x 76B)
Class org.objectweb.asm.AnnotationVisitor                                             : loaded 2 times (x 76B)
Class android.databinding.tool.reflection.RecursiveResolutionStack                    : loaded 2 times (x 70B)
Class android.databinding.tool.writer.LayoutBinderWriterKt$constructorParamName$2     : loaded 2 times (x 76B)
Class android.databinding.parser.BindingExpressionParser$BinaryOpContext              : loaded 2 times (x 132B)
Class com.google.common.reflect.Types$JavaVersion$3                                   : loaded 2 times (x 81B)
Class [Lorg.objectweb.asm.Label;                                                      : loaded 2 times (x 67B)
Class org.gradle.internal.classpath.DefaultClassPath$ImmutableUniqueList              : loaded 2 times (x 159B)
Class android.databinding.tool.writer.LayoutBinderWriterKt$dirtyFlagSet$2             : loaded 2 times (x 76B)
Class [Landroid.databinding.tool.writer.Scope;                                        : loaded 2 times (x 67B)
Class android.databinding.tool.expr.UnaryExpr                                         : loaded 2 times (x 148B)
Class [Lcom.google.common.cache.RemovalCause;                                         : loaded 2 times (x 67B)
Class dagger.internal.codegen.binding.MembersInjectionBinding$InjectionSite           : loaded 2 times (x 74B)
Class dagger.internal.codegen.kotlin.KotlinMetadata$FunctionMetadata$Builder          : loaded 2 times (x 79B)
Class dagger.spi.internal.shaded.kotlinx.metadata.KmTypeProjection$Companion          : loaded 2 times (x 69B)
Class com.google.common.reflect.Types$JavaVersion$4                                   : loaded 2 times (x 81B)
Class android.databinding.tool.store.ResourceBundle$NameTypeLocation                  : loaded 2 times (x 70B)
Class org.apache.commons.io.filefilter.TrueFileFilter                                 : loaded 2 times (x 92B)
Class [Lcom.google.common.reflect.Types$ClassOwnership;                               : loaded 2 times (x 67B)
Class com.google.common.reflect.Types$JavaVersion$5                                   : loaded 2 times (x 69B)
Class android.databinding.tool.ext.LazyExt                                            : loaded 2 times (x 73B)
Class android.databinding.tool.store.ResourceBundle$ValidateAndFilterCallback         : loaded 2 times (x 68B)
Class android.databinding.tool.store.ResourceBundle$VariableDeclaration               : loaded 2 times (x 70B)
Class dagger.internal.codegen.kotlin.KotlinMetadata$PropertyMetadata$Builder          : loaded 2 times (x 68B)
Class org.objectweb.asm.Context                                                       : loaded 2 times (x 70B)
Class dagger.internal.codegen.model.Key$Builder                                       : loaded 2 times (x 74B)
Class android.databinding.parser.BindingExpressionParser$AndOrOpContext               : loaded 2 times (x 132B)
Class android.databinding.tool.writer.BindingMapperWriterV2$LocalizedMapping          : loaded 2 times (x 70B)
Class com.google.common.collect.MapMakerInternalMap$AbstractStrongKeyEntry            : loaded 2 times (x 78B)
Class com.google.common.collect.ImmutableRangeSet$ComplementRanges                    : loaded 2 times (x 167B)
Class android.databinding.tool.LibTypes                                               : loaded 2 times (x 70B)
Class android.databinding.tool.DataBinder                                             : loaded 2 times (x 78B)
Class com.google.common.io.ByteStreams$LimitedInputStream                             : loaded 2 times (x 90B)
Class android.databinding.tool.reflection.InjectedClass$isObservable$2                : loaded 2 times (x 77B)
Class android.databinding.tool.reflection.ModelAnalyzer$listTypes$2                   : loaded 2 times (x 77B)
Class kotlin.ResultKt                                                                 : loaded 2 times (x 69B)
Class android.databinding.tool.processing.scopes.FileScopeProvider                    : loaded 2 times (x 68B)
Class android.databinding.tool.reflection.ModelAnalyzer$mutableLiveDataType$2         : loaded 2 times (x 77B)
Class [Ldagger.spi.internal.shaded.kotlinx.metadata.internal.metadata.ProtoBuf$MemberKind;: loaded 2 times (x 67B)
Class com.google.common.collect.Table                                                 : loaded 2 times (x 68B)
Class android.databinding.tool.writer.LayoutBinderWriter$declareInvalidateAll$1       : loaded 2 times (x 77B)
Class org.gradle.internal.classpath.TransformedClassPath                              : loaded 2 times (x 94B)
Class com.google.common.collect.Interners$InternerImpl                                : loaded 2 times (x 73B)
Class net.rubygrapefruit.platform.ProcessLauncher                                     : loaded 2 times (x 68B)
Class android.databinding.parser.BindingExpressionParser$LambdaParametersContext      : loaded 2 times (x 130B)
Class android.databinding.tool.util.SymbolTable                                       : loaded 2 times (x 70B)
Class com.google.common.reflect.Types                                                 : loaded 2 times (x 69B)
Class android.databinding.tool.writer.BRWriter                                        : loaded 2 times (x 69B)
Class com.google.common.collect.AbstractTable                                         : loaded 2 times (x 118B)
Class dagger.spi.internal.shaded.kotlinx.metadata.KmVersionRequirementLevel           : loaded 2 times (x 77B)
Class android.databinding.tool.reflection.ModelClass$isStateFlow$2                    : loaded 2 times (x 77B)
Class com.google.common.base.Stopwatch                                                : loaded 2 times (x 70B)
Class com.google.common.collect.Sets$2$1                                              : loaded 2 times (x 80B)
Class android.databinding.tool.reflection.ModelMethod                                 : loaded 2 times (x 87B)
Class android.databinding.parser.BindingExpressionParser$BracketOpContext             : loaded 2 times (x 132B)
Class com.google.common.reflect.TypeToken$SimpleTypeToken                             : loaded 2 times (x 71B)
Class com.google.common.io.ByteSource$EmptyByteSource                                 : loaded 2 times (x 83B)
Class org.gradle.internal.classloader.DefaultClassLoaderFactory                       : loaded 2 times (x 80B)
Class android.databinding.tool.writer.LayoutBinderWriter$declareHasPendingBindings$1$1: loaded 2 times (x 77B)
Class org.apache.commons.io.filefilter.FileEqualsFileFilter                           : loaded 2 times (x 114B)
Class com.google.common.cache.LocalCache$Values                                       : loaded 2 times (x 116B)
Class com.google.common.io.Closer                                                     : loaded 2 times (x 76B)
Class android.databinding.tool.reflection.ModelAnalyzer$hasGeneratedAnnotation$2      : loaded 2 times (x 77B)
Class com.google.common.collect.HashMultimapGwtSerializationDependencies              : loaded 2 times (x 172B)
Class dagger.internal.codegen.kotlin.AutoValue_KotlinMetadata_ValueParameterMetadata  : loaded 2 times (x 73B)
Class com.squareup.javapoet.CodeBlock$CodeBlockJoiner                                 : loaded 2 times (x 70B)
Class com.google.common.util.concurrent.AbstractFuture$Trusted                        : loaded 2 times (x 68B)
Class dagger.internal.codegen.kotlin.AutoValue_KotlinMetadata_ClassMetadata$Builder   : loaded 2 times (x 84B)
Class android.databinding.tool.store.ResourceBundle                                   : loaded 2 times (x 82B)
Class android.databinding.tool.LibTypes$mutableLiveData$2                             : loaded 2 times (x 77B)
Class android.databinding.internal.org.antlr.v4.runtime.Token                         : loaded 2 times (x 68B)
Class dagger.spi.internal.shaded.kotlinx.metadata.KmConstructor                       : loaded 2 times (x 75B)
Class android.databinding.tool.LibTypes$appCompatResources$2                          : loaded 2 times (x 77B)
Class com.google.common.util.concurrent.AbstractFuture$SynchronizedHelper             : loaded 2 times (x 76B)
Class com.google.common.collect.ImmutableListMultimap$Builder                         : loaded 2 times (x 81B)
Class android.databinding.tool.ExpressionParser                                       : loaded 2 times (x 72B)
Class android.databinding.annotationprocessor.BindableBag$PackageProps                : loaded 2 times (x 70B)
Class com.google.common.collect.Maps$AsMapView                                        : loaded 2 times (x 125B)
Class dagger.spi.internal.shaded.kotlinx.metadata.KmType                              : loaded 2 times (x 81B)
Class org.gradle.internal.service.UnknownServiceException                             : loaded 2 times (x 81B)
Class dagger.internal.codegen.binding.Nullability                                     : loaded 2 times (x 71B)
Class android.databinding.tool.LibTypes$nonNull$2                                     : loaded 2 times (x 77B)
Class org.gradle.internal.service.DefaultServiceLocator                               : loaded 2 times (x 81B)
Class dagger.spi.internal.shaded.kotlinx.metadata.jvm.internal.JvmExtensionNodesKt    : loaded 2 times (x 69B)
Class android.databinding.tool.reflection.ModelAnalyzer$liveDataType$2                : loaded 2 times (x 77B)
Class com.google.common.io.ByteStreams$1                                              : loaded 2 times (x 83B)
Class android.databinding.tool.ext.VersionedLazyExt                                   : loaded 2 times (x 73B)
Class com.google.common.reflect.Types$NativeTypeVariableEquals                        : loaded 2 times (x 69B)
Class Settings_gradle                                                                 : loaded 2 times (x 126B)
Class android.databinding.annotationprocessor.BindableBag$IdBag$buildMapping$$inlined$sortedBy$1: loaded 2 times (x 87B)
Class android.databinding.tool.reflection.InjectedClass$jniDescription$2              : loaded 2 times (x 77B)
Class android.databinding.tool.store.GenClassInfoLog$createPackageInfoLog$1           : loaded 2 times (x 77B)
Class kotlin.jvm.internal.TypeIntrinsics                                              : loaded 2 times (x 69B)
Class android.databinding.tool.expr.BuiltInVariableExpr                               : loaded 2 times (x 151B)
Class org.objectweb.asm.Label                                                         : loaded 2 times (x 71B)
Class [Lcom.google.common.collect.HashBiMap$BiEntry;                                  : loaded 2 times (x 67B)
Class dagger.spi.internal.shaded.kotlinx.metadata.internal.metadata.ProtoBuf$Effect$EffectType$1: loaded 2 times (x 72B)
Class dagger.spi.internal.shaded.kotlinx.metadata.KmPropertyVisitor                   : loaded 2 times (x 78B)
Class android.databinding.tool.expr.TernaryExpr                                       : loaded 2 times (x 149B)
Class dagger.spi.internal.shaded.kotlinx.metadata.jvm.JvmMemberSignature              : loaded 2 times (x 72B)
Class kotlin.coroutines.intrinsics.CoroutineSingletons                                : loaded 2 times (x 77B)
Class android.databinding.tool.store.SetterStore$IntermediateV1                       : loaded 2 times (x 74B)
Class org.gradle.internal.classloader.ClassLoaderVisitor                              : loaded 2 times (x 74B)
Class android.databinding.tool.ext.Collection_extKt                                   : loaded 2 times (x 69B)
Class dagger.spi.internal.shaded.androidx.room.compiler.processing.javac.JavacPackageElement$name$2: loaded 2 times (x 77B)
Class org.objectweb.asm.AnnotationWriter                                              : loaded 2 times (x 77B)
Class dagger.internal.codegen.binding.$AutoValue_MembersInjectionBinding              : loaded 2 times (x 83B)
Class dagger.internal.codegen.binding.FrameworkType                                   : loaded 2 times (x 82B)
Class android.databinding.tool.store.SetterStore$IntermediateV2                       : loaded 2 times (x 74B)
Class dagger.spi.internal.shaded.kotlinx.metadata.KmTypeVisitor                       : loaded 2 times (x 80B)
Class com.google.common.io.ByteSink                                                   : loaded 2 times (x 74B)
Class com.google.common.collect.AbstractMapBasedMultimap$AsMap$AsMapIterator          : loaded 2 times (x 81B)
Class android.databinding.tool.store.SetterStore$IntermediateV3                       : loaded 2 times (x 74B)
Class android.databinding.tool.expr.ComparisonExpr                                    : loaded 2 times (x 151B)
Class android.databinding.parser.BindingExpressionParser$ExpressionContext            : loaded 2 times (x 130B)
Class com.google.common.collect.HashMultimap                                          : loaded 2 times (x 172B)
Class android.databinding.tool.store.SetterStore$BindingSetterCall                    : loaded 2 times (x 68B)
Class com.google.common.io.CharStreams$NullWriter                                     : loaded 2 times (x 97B)
Class android.databinding.parser.BindingExpressionParser$DotOpContext                 : loaded 2 times (x 132B)
Class android.databinding.tool.LibTypes$dataBindingKtx$2                              : loaded 2 times (x 76B)
Class android.databinding.annotationprocessor.BindableBag$BRMapping                   : loaded 2 times (x 70B)
Class android.databinding.tool.reflection.ModelClass$minApi$2                         : loaded 2 times (x 77B)
Class org.objectweb.asm.MethodWriter                                                  : loaded 2 times (x 104B)
Class android.databinding.tool.writer.LayoutBinderWriterKt$invalidateFlagSet$2        : loaded 2 times (x 76B)
Class android.databinding.tool.reflection.InjectedClass                               : loaded 2 times (x 103B)
Class android.databinding.tool.expr.CastExpr                                          : loaded 2 times (x 148B)
Class android.databinding.tool.reflection.ModelClass$isMutableStateFlow$2             : loaded 2 times (x 77B)
Class com.google.common.collect.AbstractRangeSet                                      : loaded 2 times (x 112B)
Class com.sun.xml.bind.marshaller.NamespacePrefixMapper                               : loaded 2 times (x 73B)
Class org.gradle.internal.classpath.DefaultClassPath$ImmutableUniqueList$Builder      : loaded 2 times (x 73B)
Class com.google.common.collect.Maps$3                                                : loaded 2 times (x 80B)
Class com.google.common.collect.Maps$1                                                : loaded 2 times (x 80B)
Class com.google.common.collect.Maps$FilteredKeyMap                                   : loaded 2 times (x 126B)
Class android.databinding.parser.BindingExpressionParser$MathOpContext                : loaded 2 times (x 132B)
Class android.databinding.tool.LibTypes$propertyChangedInverseListener$2              : loaded 2 times (x 77B)
Class android.databinding.tool.reflection.ModelAnalyzer$observableType$2              : loaded 2 times (x 77B)
Class android.databinding.tool.writer.LayoutBinderWriter$declareConstructor$1$2$1     : loaded 2 times (x 77B)
Class com.google.common.reflect.Invokable$MethodInvokable                             : loaded 2 times (x 103B)
Class android.databinding.parser.BindingExpressionParser$ResourcesContext             : loaded 2 times (x 131B)
Class com.google.common.reflect.TypeResolver$TypeTable                                : loaded 2 times (x 71B)
Class dagger.spi.internal.shaded.kotlinx.metadata.internal.metadata.ProtoBuf$Effect$EffectType: loaded 2 times (x 80B)
Class dagger.spi.internal.shaded.kotlinx.metadata.jvm.JvmMemberSignatureKt            : loaded 2 times (x 69B)
Class android.databinding.parser.BindingExpressionParser$MethodInvocationContext      : loaded 2 times (x 133B)
Class org.gradle.internal.classloader.FilteringClassLoader                            : loaded 2 times (x 103B)
Class android.databinding.tool.reflection.ModelField                                  : loaded 2 times (x 75B)
Class androidx.databinding.Untaggable                                                 : loaded 2 times (x 68B)
Class android.databinding.tool.expr.LambdaExpr                                        : loaded 2 times (x 153B)
Class com.google.common.cache.LocalCache$StrongValueReference                         : loaded 2 times (x 88B)
Class android.databinding.internal.org.antlr.v4.runtime.tree.SyntaxTree               : loaded 2 times (x 68B)
Class dagger.spi.internal.shaded.kotlinx.metadata.internal.metadata.jvm.deserialization.JvmMemberSignature: loaded 2 times (x 72B)
Class [Ldagger.spi.internal.shaded.kotlinx.metadata.internal.metadata.ProtoBuf$VersionRequirement$Level;: loaded 2 times (x 67B)
Class dagger.spi.internal.shaded.kotlinx.metadata.jvm.JvmConstructorExtensionVisitor  : loaded 2 times (x 76B)
Class kotlin.coroutines.intrinsics.IntrinsicsKt                                       : loaded 2 times (x 69B)
Class com.google.common.reflect.TypeResolver$TypeVariableKey                          : loaded 2 times (x 70B)
Class android.databinding.tool.expr.MathExpr                                          : loaded 2 times (x 148B)
Class [Ldagger.internal.codegen.binding.BindingType;                                  : loaded 2 times (x 67B)
Class dagger.spi.internal.shaded.kotlinx.metadata.jvm.internal.JvmFunctionExtension   : loaded 2 times (x 83B)
Class android.databinding.tool.writer.LayoutBinderWriterKt$conditionalFlags$2         : loaded 2 times (x 76B)
Class kotlin.coroutines.jvm.internal.RestrictedSuspendLambda                          : loaded 2 times (x 89B)
Class android.databinding.tool.expr.MethodCallExpr                                    : loaded 2 times (x 151B)
Class android.databinding.tool.writer.LayoutBinderWriter$declareListeners$1           : loaded 2 times (x 77B)
Class dagger.spi.internal.shaded.kotlinx.metadata.internal.metadata.ProtoBuf$VersionRequirement$Level$1: loaded 2 times (x 72B)
Class android.databinding.tool.writer.LayoutBinderWriter$declareSetVariable$1         : loaded 2 times (x 77B)
Class android.databinding.tool.reflection.InjectedClass$superclass$2                  : loaded 2 times (x 77B)
Class dagger.spi.internal.shaded.androidx.room.compiler.processing.javac.JavacPackageElement: loaded 2 times (x 191B)
Class dagger.spi.internal.shaded.androidx.room.compiler.processing.javac.JavacPackageElement$qualifiedName$2: loaded 2 times (x 77B)
Class android.databinding.tool.writer.LayoutBinderWriter$declareConstructor$1         : loaded 2 times (x 77B)
Class com.google.common.collect.ImmutableMapEntry$NonTerminalImmutableBiMapEntry      : loaded 2 times (x 83B)
Class android.databinding.tool.LibTypes$stateFlow$2                                   : loaded 2 times (x 76B)
Class android.databinding.parser.BindingExpressionParser$ComparisonOpContext          : loaded 2 times (x 132B)
Class android.databinding.tool.writer.LayoutBinderWriter$onFieldChange$1$1            : loaded 2 times (x 77B)
Class com.google.common.collect.AbstractMapBasedMultimap$Itr                          : loaded 2 times (x 81B)
Class dagger.spi.internal.shaded.kotlinx.metadata.internal.extensions.KmTypeExtension : loaded 2 times (x 68B)
Class android.databinding.tool.util.GenerationalClassUtil$Companion                   : loaded 2 times (x 69B)
Class com.google.common.io.ByteSink$AsCharSink                                        : loaded 2 times (x 78B)
Class android.databinding.tool.reflection.ModelAnalyzer$appCompatResourcesType$2      : loaded 2 times (x 77B)
Class com.google.auto.common.MoreTypes$CastingTypeVisitor                             : loaded 2 times (x 100B)
Class android.databinding.tool.expr.CallbackExprModel                                 : loaded 2 times (x 130B)
Class com.google.common.io.Files$FileByteSource                                       : loaded 2 times (x 83B)
Class dagger.spi.internal.shaded.kotlinx.metadata.internal.metadata.deserialization.Flags$EnumLiteFlagField: loaded 2 times (x 74B)
Class com.google.common.collect.MultimapBuilder                                       : loaded 2 times (x 71B)
Class com.google.common.reflect.Reflection                                            : loaded 2 times (x 69B)
Class android.databinding.tool.expr.InstanceOfExpr                                    : loaded 2 times (x 148B)
Class android.databinding.annotationprocessor.ProcessDataBinding$ProcessingStep       : loaded 2 times (x 73B)
Class android.databinding.tool.writer.MergedBindingMapperWriter                       : loaded 2 times (x 70B)
Class dagger.spi.internal.shaded.kotlinx.metadata.KmProperty                          : loaded 2 times (x 79B)
Class android.databinding.tool.store.SetterStore$AdapterSetter                        : loaded 2 times (x 88B)
Class org.apache.commons.io.file.Counters$NoopCounter                                 : loaded 2 times (x 78B)
Class android.databinding.tool.writer.LayoutBinderWriter$onFieldChange$1              : loaded 2 times (x 77B)
Class com.google.common.util.concurrent.AbstractFuture$Failure                        : loaded 2 times (x 70B)
Class org.objectweb.asm.Type                                                          : loaded 2 times (x 70B)
Class com.google.common.cache.LocalCache$AbstractReferenceEntry                       : loaded 2 times (x 105B)
Class android.databinding.tool.util.Resources                                         : loaded 2 times (x 70B)
Class android.databinding.tool.writer.LayoutBinderWriterKt$requiredComponent$2        : loaded 2 times (x 76B)
Class org.gradle.internal.installation.GradleInstallation$1                           : loaded 2 times (x 73B)
Class android.databinding.tool.reflection.ModelClass                                  : loaded 2 times (x 102B)
Class org.gradle.api.internal.DefaultClassPathProvider                                : loaded 2 times (x 74B)
Class com.google.common.collect.MapMakerInternalMap$Strength                          : loaded 2 times (x 78B)
Class com.google.common.io.CharSource                                                 : loaded 2 times (x 83B)
Class android.databinding.tool.writer.LayoutBinderWriterKt$interfaceClass$2           : loaded 2 times (x 76B)
Class com.google.auto.common.MoreTypes$TypeEquivalence                                : loaded 2 times (x 80B)
Class net.rubygrapefruit.platform.internal.FunctionResult                             : loaded 2 times (x 75B)
Class com.google.common.collect.ImmutableRangeSet$Builder                             : loaded 2 times (x 75B)
Class org.apache.commons.io.file.Counters$PathCounters                                : loaded 2 times (x 68B)
Class android.databinding.tool.reflection.ImmutableImportBag                          : loaded 2 times (x 70B)
Class kotlin.sequences.SequenceBuilderIterator                                        : loaded 2 times (x 83B)
Class android.databinding.tool.writer.LayoutBinderWriterKt$needsLocalField$2          : loaded 2 times (x 76B)
Class org.objectweb.asm.FieldWriter                                                   : loaded 2 times (x 76B)
Class kotlin.collections.SlidingWindowKt                                              : loaded 2 times (x 69B)
Class com.google.common.collect.MapMakerInternalMap$InternalEntryHelper               : loaded 2 times (x 68B)
Class com.google.common.cache.LocalCache$StrongEntry                                  : loaded 2 times (x 106B)
Class dagger.internal.codegen.base.RequestKinds                                       : loaded 2 times (x 69B)
Class dagger.spi.internal.shaded.kotlinx.metadata.internal.metadata.ProtoBuf$Effect$InvocationKind$1: loaded 2 times (x 72B)
Class com.google.common.collect.ImmutableMap$SerializedForm                           : loaded 2 times (x 71B)
Class org.apache.commons.io.Charsets                                                  : loaded 2 times (x 69B)
Class android.databinding.tool.reflection.annotation.AnnotationClass$computedBox$2    : loaded 2 times (x 77B)
Class dagger.spi.internal.shaded.kotlinx.metadata.jvm.JvmPropertyExtensionVisitor$Companion: loaded 2 times (x 69B)
Class com.sun.xml.bind.v2.runtime.MarshallerImpl$1                                    : loaded 2 times (x 150B)
Class android.databinding.tool.writer.LayoutBinderWriter$declareConstructor$1$2       : loaded 2 times (x 77B)
Class android.databinding.tool.reflection.ModelAnalyzer$mapType$2                     : loaded 2 times (x 77B)
Class android.databinding.tool.writer.LayoutBinderWriter$declareConstructor$1$1       : loaded 2 times (x 76B)
Class com.google.common.util.concurrent.AbstractFuture$UnsafeAtomicHelper$1           : loaded 2 times (x 74B)
Class android.databinding.tool.reflection.annotation.AnnotationClass$superclass$2     : loaded 2 times (x 77B)
Class com.google.common.io.ByteArrayDataOutput                                        : loaded 2 times (x 68B)
Class [Lorg.apache.commons.io.file.DeleteOption;                                      : loaded 2 times (x 67B)
Class org.apache.commons.io.file.PathUtils                                            : loaded 2 times (x 69B)
Class com.sun.xml.bind.CycleRecoverable$Context                                       : loaded 2 times (x 68B)
Class android.databinding.tool.store.SetterStore$Intermediate                         : loaded 2 times (x 68B)
Class [Ldagger.spi.internal.shaded.kotlinx.metadata.internal.metadata.ProtoBuf$VersionRequirement$VersionKind;: loaded 2 times (x 67B)
Class com.sun.xml.bind.v2.runtime.output.XmlOutputAbstractImpl                        : loaded 2 times (x 94B)
Class android.databinding.tool.reflection.ModelClass$isMutableLiveData$2              : loaded 2 times (x 77B)
Class android.databinding.tool.expr.BracketExpr                                       : loaded 2 times (x 150B)
Class com.google.common.io.ByteSource$SlicedByteSource                                : loaded 2 times (x 83B)
Class android.databinding.annotationprocessor.ProcessExpressions                      : loaded 2 times (x 73B)
Class kotlin.coroutines.intrinsics.IntrinsicsKt__IntrinsicsKt                         : loaded 2 times (x 69B)
Class dagger.internal.codegen.xprocessing.XTypeElements$Visibility                    : loaded 2 times (x 77B)
Class dagger.internal.codegen.binding.AutoValue_MembersInjectionBinding_InjectionSite : loaded 2 times (x 75B)
Class org.gradle.api.Action                                                           : loaded 2 times (x 68B)
Class dagger.spi.internal.shaded.kotlinx.metadata.jvm.JvmFunctionExtensionVisitor$Companion: loaded 2 times (x 69B)
Class android.databinding.tool.expr.FieldAssignmentExpr                               : loaded 2 times (x 148B)
Class com.google.common.io.ByteSource$ConcatenatedByteSource                          : loaded 2 times (x 83B)
Class dagger.internal.codegen.kotlin.AutoValue_KotlinMetadata_ClassMetadata           : loaded 2 times (x 77B)
Class android.databinding.tool.reflection.SdkUtil$ApiChecker                          : loaded 2 times (x 72B)
Class dagger.internal.codegen.model.AutoValue_DependencyRequest$Builder               : loaded 2 times (x 75B)
Class com.sun.xml.bind.v2.runtime.output.C14nXmlOutput                                : loaded 2 times (x 99B)
Class android.databinding.tool.writer.BindingMapperWriterV2$special$$inlined$sortedBy$1: loaded 2 times (x 87B)
Class [Lcom.google.common.collect.MapMaker$Dummy;                                     : loaded 2 times (x 67B)
Class android.databinding.tool.reflection.annotation.AnnotationLogger                 : loaded 2 times (x 75B)
Class android.databinding.tool.writer.BindingMapperWriterV2$special$$inlined$sortedBy$2: loaded 2 times (x 87B)
Class com.google.auto.common.MoreTypes$DeclaredTypeVisitor                            : loaded 2 times (x 100B)
Class com.google.gson.internal.ConstructorConstructor$11                              : loaded 2 times (x 73B)
Class android.databinding.tool.LibTypes$dataBinderMapper$2                            : loaded 2 times (x 77B)
Class android.databinding.tool.writer.MergedBindingMapperWriter$Companion             : loaded 2 times (x 69B)
Class Settings_gradle$1$1                                                             : loaded 2 times (x 72B)
Class dagger.spi.internal.shaded.kotlinx.metadata.internal.metadata.ProtoBuf$Expression$ConstantValue$1: loaded 2 times (x 72B)
Class com.google.common.collect.AbstractMultimap$Entries                              : loaded 2 times (x 118B)
Class dagger.spi.internal.shaded.kotlinx.metadata.internal.metadata.ProtoBuf$MemberKind: loaded 2 times (x 80B)
Class android.databinding.internal.org.antlr.v4.runtime.tree.ParseTreeListener        : loaded 2 times (x 68B)
Class android.databinding.internal.org.antlr.v4.runtime.tree.ParseTree                : loaded 2 times (x 68B)
Class android.databinding.tool.writer.LayoutBinderWriterKt$fieldName$8                : loaded 2 times (x 76B)
Class kotlin.collections.ArraysKt___ArraysKt$withIndex$5                              : loaded 2 times (x 77B)
Class [Ldagger.spi.internal.shaded.kotlinx.metadata.internal.metadata.ProtoBuf$Effect$EffectType;: loaded 2 times (x 67B)
Class android.databinding.tool.writer.LayoutBinderWriterKt$androidId$2                : loaded 2 times (x 76B)
Class com.google.common.collect.ImmutableBiMap$SerializedForm                         : loaded 2 times (x 73B)
Class android.databinding.parser.BindingExpressionParser$LambdaParameterListContext   : loaded 2 times (x 131B)
Class android.databinding.tool.reflection.ModelAnalyzer$viewBindingType$2             : loaded 2 times (x 77B)
Class dagger.spi.internal.shaded.kotlinx.metadata.internal.metadata.ProtoBuf$VersionRequirement: loaded 2 times (x 114B)
Class org.gradle.api.internal.classpath.DefaultModuleRegistry                         : loaded 2 times (x 84B)
Class com.google.common.collect.MultimapBuilder$MultimapBuilderWithKeys$1             : loaded 2 times (x 74B)
Class com.google.common.io.FileWriteMode                                              : loaded 2 times (x 77B)
Class android.databinding.tool.store.SetterStore$MultiAttributeSetter                 : loaded 2 times (x 83B)
Class android.databinding.tool.writer.LayoutBinderWriterKt$setterName$2               : loaded 2 times (x 76B)
Class android.databinding.tool.util.ParserHelper                                      : loaded 2 times (x 69B)
Class dagger.hilt.processor.internal.aggregateddeps.AggregatedDepsGenerator           : loaded 2 times (x 70B)
Class android.databinding.tool.writer.LayoutBinderWriterKt$fieldName$5                : loaded 2 times (x 76B)
Class org.gradle.internal.classpath.ClassPath                                         : loaded 2 times (x 68B)
Class kotlin.coroutines.jvm.internal.SuspendFunction                                  : loaded 2 times (x 68B)
Class com.google.common.collect.MultimapBuilder$MultimapBuilderWithKeys$2             : loaded 2 times (x 74B)
Class android.databinding.tool.writer.LayoutBinderWriterKt$fieldName$2                : loaded 2 times (x 76B)
Class [Ldagger.internal.codegen.binding.FrameworkType;                                : loaded 2 times (x 67B)
Class android.databinding.tool.store.ResourceBundle$BindingTargetBundle               : loaded 2 times (x 93B)
Class com.google.common.collect.MultimapBuilder$MultimapBuilderWithKeys$3             : loaded 2 times (x 74B)
Class com.google.common.reflect.Invokable$ConstructorInvokable                        : loaded 2 times (x 103B)
Class com.google.common.io.AppendableWriter                                           : loaded 2 times (x 98B)
Class com.google.common.collect.ImmutableRangeSet$AsSet                               : loaded 2 times (x 233B)
Class com.google.common.base.VerifyException                                          : loaded 2 times (x 80B)
Class com.google.common.collect.MultimapBuilder$MultimapBuilderWithKeys$4             : loaded 2 times (x 74B)
Class dagger.spi.internal.shaded.kotlinx.metadata.KmConstructorVisitor                : loaded 2 times (x 74B)
Class org.objectweb.asm.MethodVisitor                                                 : loaded 2 times (x 103B)
Class android.databinding.parser.BindingExpressionParser$TernaryOpContext             : loaded 2 times (x 132B)
Class com.google.common.io.ByteSource                                                 : loaded 2 times (x 82B)
Class com.google.common.collect.MultimapBuilder$MultimapBuilderWithKeys$5             : loaded 2 times (x 76B)
Class dagger.internal.codegen.kotlin.AutoValue_KotlinMetadata_PropertyMetadata$Builder: loaded 2 times (x 80B)
Class dagger.spi.internal.shaded.androidx.room.compiler.processing.javac.JavacTypeElement$JavacEnumTypeElement: loaded 2 times (x 347B)
Class org.objectweb.asm.ModuleVisitor                                                 : loaded 2 times (x 79B)
Class android.databinding.tool.reflection.ImportBag$Companion                         : loaded 2 times (x 69B)
Class com.google.common.collect.MultimapBuilder$MultimapBuilderWithKeys$6             : loaded 2 times (x 74B)
Class net.rubygrapefruit.platform.internal.FunctionResult$Failure                     : loaded 2 times (x 77B)
Class dagger.spi.internal.shaded.kotlinx.metadata.KmConstructorExtensionVisitor       : loaded 2 times (x 68B)
Class android.databinding.tool.reflection.InjectedField                               : loaded 2 times (x 76B)
Class com.google.common.io.Closer$SuppressingSuppressor                               : loaded 2 times (x 73B)
Class dagger.spi.internal.shaded.kotlinx.metadata.KmTypeExtensionVisitor              : loaded 2 times (x 68B)
Class dagger.internal.codegen.kotlin.KotlinMetadata$FunctionMetadata                  : loaded 2 times (x 74B)
Class dagger.internal.codegen.kotlin.AutoValue_KotlinMetadata_FunctionMetadata$Builder: loaded 2 times (x 80B)
Class [Lcom.google.common.collect.MapMakerInternalMap$Segment;                        : loaded 2 times (x 67B)
Class android.databinding.tool.ext.Collection_extKt$joinToCamelCase$1                 : loaded 2 times (x 123B)
Class dagger.internal.codegen.model.Key                                               : loaded 2 times (x 76B)
Class android.databinding.tool.writer.BindingMapperWriterV2                           : loaded 2 times (x 70B)
Class org.gradle.internal.installation.GradleInstallation                             : loaded 2 times (x 73B)
Class com.google.common.reflect.TypeCapture                                           : loaded 2 times (x 69B)
Class com.google.common.collect.Maps$AsMapView$1EntrySetImpl                          : loaded 2 times (x 136B)


---------------  S Y S T E M  ---------------

OS:
 Windows 10 , 64 bit Build 19041 (10.0.19041.5438)
OS uptime: 4 days 10:40 hours
Hyper-V role detected

CPU: total 4 (initial active 4) (4 cores per cpu, 1 threads per core) family 6 model 94 stepping 3 microcode 0xcc, cx8, cmov, fxsr, mmx, 3dnowpref, sse, sse2, sse3, ssse3, sse4.1, sse4.2, popcnt, lzcnt, tsc, tscinvbit, avx, avx2, aes, erms, clmul, bmi1, bmi2, rtm, adx, fma, vzeroupper, clflush, clflushopt, hv
Processor Information for all 4 processors :
  Max Mhz: 3192, Current Mhz: 3192, Mhz Limit: 3192

Memory: 4k page, system-wide physical 16264M (5165M free)
TotalPageFile size 24456M (AvailPageFile size 13491M)
current process WorkingSet (physical memory assigned to process): 1181M, peak: 1193M
current process commit charge ("private bytes"): 1203M, peak: 1217M

vm_info: OpenJDK 64-Bit Server VM (17.0.10+0--11609105) for windows-amd64 JRE (17.0.10+0--11609105), built on Mar 21 2024 19:10:56 by "androidbuild" with MS VC++ 16.10 / 16.11 (VS2019)

END.
